ISO-10303-21;
HEADER;
FILE_DESCRIPTION(('ViewDefinition [ReferenceView_V1.2]', 'ExchangeRequirement [Structural]', 'Option[Flat wide beams as plates:Off]', 'Option[Location by:Global]', 'Option[Locations from Organizer:On]', 'Option[Layer:Name]', 'Option[Object coloring:ByObjectClass]', 'Option[Export All:On]', 'Option[Export Pours:Off]'),'2;1');
FILE_NAME('1-13.ifc','2026-01-07T12:15:46',('gkden'),('Trimble'),'IFC Export version Dec  9 2025','Tekla structures 2025 Service Pack 6','IFC4 test model');
FILE_SCHEMA(('IFC4'));
ENDSEC;

DATA;
#1= IFCSIUNIT(*,.LENGTHUNIT.,.MILLI.,.METRE.);
#2= IFCMEASUREWITHUNIT(IFCRATIOMEASURE(304.8),#1);
#3= IFCDIMENSIONALEXPONENTS(1,0,0,0,0,0,0);
#4= IFCCONVERSIONBASEDUNIT(#3,.LENGTHUNIT.,'FOOT',#2);
#5= IFCSIUNIT(*,.AREAUNIT.,$,.SQUARE_METRE.);
#6= IFCMEASUREWITHUNIT(IFCRATIOMEASURE(0.09290304),#5);
#7= IFCDIMENSIONALEXPONENTS(2,0,0,0,0,0,0);
#8= IFCCONVERSIONBASEDUNIT(#7,.AREAUNIT.,'SQUARE FOOT',#6);
#9= IFCSIUNIT(*,.VOLUMEUNIT.,$,.CUBIC_METRE.);
#10= IFCMEASUREWITHUNIT(IFCRATIOMEASURE(0.028316846592),#9);
#11= IFCDIMENSIONALEXPONENTS(3,0,0,0,0,0,0);
#12= IFCCONVERSIONBASEDUNIT(#11,.VOLUMEUNIT.,'CUBIC FOOT',#10);
#13= IFCSIUNIT(*,.MASSUNIT.,.KILO.,.GRAM.);
#14= IFCSIUNIT(*,.TIMEUNIT.,$,.SECOND.);
#15= IFCSIUNIT(*,.PLANEANGLEUNIT.,$,.RADIAN.);
#16= IFCMEASUREWITHUNIT(IFCRATIOMEASURE(0.0174532925199433),#15);
#17= IFCDIMENSIONALEXPONENTS(0,0,0,0,0,0,0);
#18= IFCCONVERSIONBASEDUNIT(#17,.PLANEANGLEUNIT.,'DEGREE',#16);
#19= IFCSIUNIT(*,.SOLIDANGLEUNIT.,$,.STERADIAN.);
#20= IFCSIUNIT(*,.THERMODYNAMICTEMPERATUREUNIT.,$,.DEGREE_CELSIUS.);
#21= IFCSIUNIT(*,.LUMINOUSINTENSITYUNIT.,$,.LUMEN.);
#22= IFCUNITASSIGNMENT((#1,#5,#9,#13,#14,#15,#19,#20,#21));
#23= IFCCARTESIANPOINT((0.,0.,0.));
#24= IFCDIRECTION((1.,0.,0.));
#25= IFCDIRECTION((0.,0.,1.));
#26= IFCAXIS2PLACEMENT3D(#23,#25,#24);
#27= IFCDIRECTION((0.,1.));
#28= IFCGEOMETRICREPRESENTATIONCONTEXT($,'Model',3,0.2,#26,#27);
#29= IFCPROJECT('1f2Q4M000J1Z4tDZ8oDJGu',$,'Tekla Corporation',$,$,$,$,(#28),#22);
#30= IFCLOCALPLACEMENT($,#26);
#31= IFCSITE('2F8S_hEDTBCAoXiiqZ$U6L',$,'Unknown',$,$,#30,$,$,.ELEMENT.,$,$,$,$,$);
#32= IFCRELAGGREGATES('3vBB912Wv8eRKajy67tcvx',$,$,$,#29,(#31));
#33= IFCLOCALPLACEMENT(#30,#26);
#34= IFCBUILDING('3sVTGxB$r7kO3XBCWAbCyv',$,'Unknown',$,$,#33,$,$,.ELEMENT.,$,$,$);
#35= IFCRELAGGREGATES('2BTTRJKoBQwjcs$EOP9uBD',$,$,$,#31,(#34));
#36= IFCLOCALPLACEMENT(#33,#26);
#37= IFCBUILDINGSTOREY('2H5bYbtd95CwLKQ3RFm3NL',$,'Unknown',$,$,#36,$,$,.ELEMENT.,0.);
#38= IFCCARTESIANPOINT((23046.75,-1855.71419,11510.));
#39= IFCDIRECTION((-1.,0.,0.));
#40= IFCDIRECTION((0.,1.,0.));
#41= IFCAXIS2PLACEMENT3D(#38,#40,#39);
#42= IFCLOCALPLACEMENT(#36,#41);
#43= IFCELEMENTASSEMBLY('12z0Ua9758Ugt0ctyEUH7G',$,'PLATE',$,$,#42,$,$,$,.NOTDEFINED.);
#44= IFCLOCALPLACEMENT(#42,#26);
#45= IFCCARTESIANPOINTLIST2D(((0.,20.),(20.,0.),(90.,0.),(90.,170.),(20.,170.),(0.,150.)));
#46= IFCINDEXEDPOLYCURVE(#45,(IFCLINEINDEX((1,2,3,4,5,6,1))),$);
#47= IFCARBITRARYCLOSEDPROFILEDEF(.AREA.,'PL8',#46);
#48= IFCCARTESIANPOINT((0.,0.,4.));
#49= IFCAXIS2PLACEMENT3D(#48,#25,#24);
#50= IFCDIRECTION((0.,0.,-1.));
#51= IFCCOLOURRGB($,0.956862745098039,0.694117647058824,0.);
#52= IFCSURFACESTYLERENDERING(#51,0.,$,$,$,$,IFCNORMALISEDRATIOMEASURE(0.00390625),IFCSPECULAREXPONENT(10.),.NOTDEFINED.);
#53= IFCSURFACESTYLE('S235JR',.POSITIVE.,(#52));
#54= IFCEXTRUDEDAREASOLID(#47,#49,#50,8.);
#55= IFCGEOMETRICREPRESENTATIONSUBCONTEXT('Body','Model',*,*,*,*,#28,$,.MODEL_VIEW.,$);
#56= IFCSHAPEREPRESENTATION(#55,'Body','SolidModel',(#54));
#57= IFCCARTESIANPOINT((46.02908,85.,0.));
#58= IFCGEOMETRICREPRESENTATIONSUBCONTEXT('CoG','Model',*,*,*,*,#28,$,.MODEL_VIEW.,$);
#59= IFCSHAPEREPRESENTATION(#58,'CoG','Point',(#57));
#60= IFCPRODUCTDEFINITIONSHAPE($,$,(#56,#59));
#61= IFCPLATE('1f2Q4M000Eh34tDZ8oDJGu',$,'PLATE','PL8',$,#44,#60,'S235JR',.NOTDEFINED.);
#62= IFCMATERIAL('S235JR',$,'STEEL');
#63= IFCPROPERTYSINGLEVALUE('Reference',$,$,$);
#64= IFCPROPERTYENUMERATEDVALUE('Status',$,(IFCLABEL('')),$);
#65= IFCPROPERTYSINGLEVALUE('AcousticRating',$,$,$);
#66= IFCPROPERTYSINGLEVALUE('IsExternal',$,$,$);
#67= IFCPROPERTYSINGLEVALUE('LoadBearing',$,$,$);
#68= IFCPROPERTYSINGLEVALUE('FireRating',$,$,$);
#69= IFCPROPERTYSET('1VL2o7LzPCq8quOJ5fWwEa',$,'Pset_PlateCommon','Properties common to the definition of all occurrences of IfcPlate.',(#63,#64,#65,#66,#67,#68));
#70= IFCPROPERTYSINGLEVALUE('Width',$,IFCLENGTHMEASURE(8.),$);
#71= IFCPROPERTYSINGLEVALUE('Perimeter',$,IFCLENGTHMEASURE(520.),$);
#72= IFCPROPERTYSINGLEVALUE('GrossArea',$,IFCAREAMEASURE(0.0153),$);
#73= IFCPROPERTYSINGLEVALUE('NetArea',$,IFCAREAMEASURE(0.03377),$);
#74= IFCPROPERTYSINGLEVALUE('GrossVolume',$,IFCVOLUMEMEASURE(0.00012),$);
#75= IFCPROPERTYSINGLEVALUE('NetVolume',$,IFCVOLUMEMEASURE(0.00012),$);
#76= IFCPROPERTYSINGLEVALUE('GrossWeight',$,IFCMASSMEASURE(0.96084),$);
#77= IFCPROPERTYSINGLEVALUE('NetWeight',$,IFCMASSMEASURE(0.93572),$);
#78= IFCPROPERTYSET('02MsiSQNf7CQ4aZ7AxN9Dc',$,'Qto_PlateBaseQuantities','Base quantities that are common to the definition of all occurrences of plates.',(#70,#71,#72,#73,#74,#75,#76,#77));
#79= IFCRELAGGREGATES('2T0cC_7WfBQ9mW1CEaoFx0',$,$,$,#43,(#61));
#80= IFCCARTESIANPOINT((23046.75,-1856.48621,2285.));
#81= IFCAXIS2PLACEMENT3D(#80,#40,#39);
#82= IFCLOCALPLACEMENT(#36,#81);
#83= IFCELEMENTASSEMBLY('1Rbd7KGd5AHBFut138j0Ll',$,'PLATE',$,$,#82,$,$,$,.NOTDEFINED.);
#84= IFCCARTESIANPOINT((23053.24464,-1856.48621,2285.));
#85= IFCDIRECTION((0.,-1.,0.));
#86= IFCAXIS2PLACEMENT3D(#84,#85,#24);
#87= IFCLOCALPLACEMENT(#36,#86);
#88= IFCELEMENTASSEMBLY('3GIFGxOd53uOSN1z27cZIS',$,'PLATE',$,$,#87,$,$,$,.NOTDEFINED.);
#89= IFCLOCALPLACEMENT(#87,#26);
#90= IFCSHAPEREPRESENTATION(#55,'Body','SolidModel',(#54));
#91= IFCSHAPEREPRESENTATION(#58,'CoG','Point',(#57));
#92= IFCPRODUCTDEFINITIONSHAPE($,$,(#90,#91));
#93= IFCPLATE('1f4mtt00040J4tDZ8uDZKm',$,'PLATE','PL8',$,#89,#92,'S235JR',.NOTDEFINED.);
#94= IFCRELAGGREGATES('3sBcunCL1FG8RupK5puFGm',$,$,$,#88,(#93));
#95= IFCELEMENTASSEMBLY('2AkdvMJmP0BwZ8enm_WJ20',$,'PLATE',$,$,#82,$,$,$,.NOTDEFINED.);
#96= IFCLOCALPLACEMENT(#82,#26);
#97= IFCSHAPEREPRESENTATION(#55,'Body','SolidModel',(#54));
#98= IFCSHAPEREPRESENTATION(#58,'CoG','Point',(#57));
#99= IFCPRODUCTDEFINITIONSHAPE($,$,(#97,#98));
#100= IFCPLATE('1f2Q4M000E4Z4tDZ8oDJGu',$,'PLATE','PL8',$,#96,#99,'S235JR',.NOTDEFINED.);
#101= IFCRELAGGREGATES('22yQYKGrDAyvMktWMa68qZ',$,$,$,#95,(#100));
#102= IFCCARTESIANPOINT((23053.24464,-1856.48621,11510.));
#103= IFCAXIS2PLACEMENT3D(#102,#85,#24);
#104= IFCLOCALPLACEMENT(#36,#103);
#105= IFCELEMENTASSEMBLY('1f4mtt0005WJ4tDZ8uDZKn',$,'PLATE',$,$,#104,$,$,$,.NOTDEFINED.);
#106= IFCLOCALPLACEMENT(#104,#26);
#107= IFCSHAPEREPRESENTATION(#55,'Body','SolidModel',(#54));
#108= IFCSHAPEREPRESENTATION(#58,'CoG','Point',(#57));
#109= IFCPRODUCTDEFINITIONSHAPE($,$,(#107,#108));
#110= IFCPLATE('1f4mtt0005834tDZ8uDZKn',$,'PLATE','PL8',$,#106,#109,'S235JR',.NOTDEFINED.);
#111= IFCRELAGGREGATES('0aUzvcFIL5hwi7MduKhLLJ',$,$,$,#105,(#110));
#112= IFCCARTESIANPOINT((23053.24464,-1856.48621,4985.));
#113= IFCAXIS2PLACEMENT3D(#112,#85,#24);
#114= IFCLOCALPLACEMENT(#36,#113);
#115= IFCELEMENTASSEMBLY('1f4mtt0004$J4tDZ8uDZKn',$,'PLATE',$,$,#114,$,$,$,.NOTDEFINED.);
#116= IFCLOCALPLACEMENT(#114,#26);
#117= IFCSHAPEREPRESENTATION(#55,'Body','SolidModel',(#54));
#118= IFCSHAPEREPRESENTATION(#58,'CoG','Point',(#57));
#119= IFCPRODUCTDEFINITIONSHAPE($,$,(#117,#118));
#120= IFCPLATE('1f4mtt0004U34tDZ8uDZKn',$,'PLATE','PL8',$,#116,#119,'S235JR',.NOTDEFINED.);
#121= IFCRELAGGREGATES('1BSXQ0$qT13gxwHMPriCx0',$,$,$,#115,(#120));
#122= IFCCARTESIANPOINT((23046.75,-1856.48621,4985.));
#123= IFCAXIS2PLACEMENT3D(#122,#40,#39);
#124= IFCLOCALPLACEMENT(#36,#123);
#125= IFCELEMENTASSEMBLY('1f4mtt0004$Z4tDZ8uDZKn',$,'PLATE',$,$,#124,$,$,$,.NOTDEFINED.);
#126= IFCLOCALPLACEMENT(#124,#26);
#127= IFCSHAPEREPRESENTATION(#55,'Body','SolidModel',(#54));
#128= IFCSHAPEREPRESENTATION(#58,'CoG','Point',(#57));
#129= IFCPRODUCTDEFINITIONSHAPE($,$,(#127,#128));
#130= IFCPLATE('1f4mtt0004NJ4tDZ8uDZKn',$,'PLATE','PL8',$,#126,#129,'S235JR',.NOTDEFINED.);
#131= IFCRELAGGREGATES('3FWNx_tw1AB8aErm2TZ6nA',$,$,$,#125,(#130));
#132= IFCCARTESIANPOINT((23525.00409,-1699.94218,5175.));
#133= IFCAXIS2PLACEMENT3D(#132,#40,#25);
#134= IFCLOCALPLACEMENT(#36,#133);
#135= IFCELEMENTASSEMBLY('1f2Q4M00066p4tDZ8oDJGu',$,'LADDER',$,$,#134,$,$,$,.NOTDEFINED.);
#136= IFCCARTESIANPOINT((25.,-25.,-30.));
#137= IFCAXIS2PLACEMENT3D(#136,#50,#40);
#138= IFCLOCALPLACEMENT(#134,#137);
#139= IFCCOLOURRGB($,0.356862745098039,0.592156862745098,0.137254901960784);
#140= IFCSURFACESTYLERENDERING(#139,0.,$,$,$,$,IFCNORMALISEDRATIOMEASURE(0.00390625),IFCSPECULAREXPONENT(10.),.NOTDEFINED.);
#141= IFCSURFACESTYLE('S235JR',.POSITIVE.,(#140));
#142= IFCCARTESIANPOINTLIST3D(((719.68274,-25.,-269.22314),(719.68274,25.,-269.22314),(725.,25.,-330.),(725.,-25.,-330.),(703.8924,-25.,-210.29295),(703.8924,25.,-210.29295),(678.10889,-25.,-155.),(678.10889,25.,-155.),(643.11554,-25.,-105.02434),(643.11554,25.,-105.02434),(599.97565,-25.,-61.88445),(599.97565,25.,-61.88445),(550.,-25.,-26.89111),(550.,25.,-26.89111),(494.70706,-25.,-1.10758),(494.70706,25.,-1.10758),(435.77686,-25.,14.68271),(435.77686,25.,14.68271),(375.,-25.,20.),(375.,25.,20.),(314.22314,-25.,14.68271),(314.22314,25.,14.68271),(255.29295,-25.,-1.10758),(255.29295,25.,-1.10758),(245.09619,-25.,-5.),(245.09619,25.,-5.),(0.,-25.,-5.),(0.,25.,-5.),(0.,-25.,5.),(0.,25.,5.),(243.25242,-25.,5.),(243.25242,25.,5.),(252.20755,-25.,8.41845),(252.20755,25.,8.41845),(312.48003,-25.,24.56841),(312.48003,25.,24.56841),(375.,-25.,30.0382),(375.,25.,30.0382),(437.51997,-25.,24.56841),(437.51997,25.,24.56841),(498.14033,-25.,8.32524),(498.14033,25.,8.32524),(555.0191,-25.,-18.19778),(555.0191,25.,-18.19778),(606.42808,-25.,-54.19474),(606.42808,25.,-54.19474),(650.80525,-25.,-98.57191),(650.80525,25.,-98.57191),(686.80222,-25.,-149.9809),(686.80222,25.,-149.9809),(713.32521,-25.,-206.85969),(713.32521,25.,-206.85969),(729.56844,-25.,-267.48003),(729.56844,25.,-267.48003),(735.0382,-25.,-330.),(735.0382,25.,-330.),(732.90143,25.,-354.42345),(722.86324,25.,-354.42345),(722.86324,-25.,-354.42345),(732.90143,-25.,-354.42345)));
#143= IFCINDEXEDPOLYGONALFACE((1,2,3,4));
#144= IFCINDEXEDPOLYGONALFACE((5,6,2,1));
#145= IFCINDEXEDPOLYGONALFACE((7,8,6,5));
#146= IFCINDEXEDPOLYGONALFACE((9,10,8,7));
#147= IFCINDEXEDPOLYGONALFACE((11,12,10,9));
#148= IFCINDEXEDPOLYGONALFACE((13,14,12,11));
#149= IFCINDEXEDPOLYGONALFACE((15,16,14,13));
#150= IFCINDEXEDPOLYGONALFACE((17,18,16,15));
#151= IFCINDEXEDPOLYGONALFACE((19,20,18,17));
#152= IFCINDEXEDPOLYGONALFACE((21,22,20,19));
#153= IFCINDEXEDPOLYGONALFACE((23,24,22,21));
#154= IFCINDEXEDPOLYGONALFACE((25,26,24,23));
#155= IFCINDEXEDPOLYGONALFACE((27,28,26,25));
#156= IFCINDEXEDPOLYGONALFACE((29,30,28,27));
#157= IFCINDEXEDPOLYGONALFACE((30,29,31,32));
#158= IFCINDEXEDPOLYGONALFACE((32,31,33,34));
#159= IFCINDEXEDPOLYGONALFACE((34,33,35,36));
#160= IFCINDEXEDPOLYGONALFACE((36,35,37,38));
#161= IFCINDEXEDPOLYGONALFACE((38,37,39,40));
#162= IFCINDEXEDPOLYGONALFACE((40,39,41,42));
#163= IFCINDEXEDPOLYGONALFACE((42,41,43,44));
#164= IFCINDEXEDPOLYGONALFACE((44,43,45,46));
#165= IFCINDEXEDPOLYGONALFACE((46,45,47,48));
#166= IFCINDEXEDPOLYGONALFACE((48,47,49,50));
#167= IFCINDEXEDPOLYGONALFACE((50,49,51,52));
#168= IFCINDEXEDPOLYGONALFACE((52,51,53,54));
#169= IFCINDEXEDPOLYGONALFACE((54,53,55,56));
#170= IFCINDEXEDPOLYGONALFACE((3,2,6,8,10,12,14,16,18,20,22,24,26,28,30,32,34,36,38,40,42,44,46,48,50,52,54,56,57,58));
#171= IFCINDEXEDPOLYGONALFACE((4,3,58,59));
#172= IFCINDEXEDPOLYGONALFACE((55,53,51,49,47,45,43,41,39,37,35,33,31,29,27,25,23,21,19,17,15,13,11,9,7,5,1,4,59,60));
#173= IFCINDEXEDPOLYGONALFACE((56,55,60,57));
#174= IFCINDEXEDPOLYGONALFACE((59,58,57,60));
#175= IFCPOLYGONALFACESET(#142,.T.,(#143,#144,#145,#146,#147,#148,#149,#150,#151,#152,#153,#154,#155,#156,#157,#158,#159,#160,#161,#162,#163,#164,#165,#166,#167,#168,#169,#170,#171,#172,#173,#174),$);
#176= IFCSHAPEREPRESENTATION(#55,'Body','Tessellation',(#175));
#177= IFCCARTESIANPOINT((441.33572,0.,-67.22308));
#178= IFCSHAPEREPRESENTATION(#58,'CoG','Point',(#177));
#179= IFCPRODUCTDEFINITIONSHAPE($,$,(#176,#178));
#180= IFCBEAM('1f2Q4M000EwJ4tDZ8oDJGu',$,'LADDER','PL10*50',$,#138,#179,'S235JR',.NOTDEFINED.);
#181= IFCPROPERTYSINGLEVALUE('Slope',$,IFCPLANEANGLEMEASURE(0.),$);
#182= IFCPROPERTYSINGLEVALUE('Roll',$,IFCPLANEANGLEMEASURE(0.),$);
#183= IFCPROPERTYSET('0ag0YdfCLA69_k1zQ2RKy4',$,'Pset_BeamCommon','Properties common to the definition of all occurrence and type objects of beam.',(#63,#64,#181,#182,#66,#67,#68));
#184= IFCPROPERTYSINGLEVALUE('Length',$,IFCLENGTHMEASURE(959.92131),$);
#185= IFCPROPERTYSINGLEVALUE('CrossSectionArea',$,IFCAREAMEASURE(0.0005),$);
#186= IFCPROPERTYSINGLEVALUE('OuterSurfaceArea',$,IFCAREAMEASURE(0.22539),$);
#187= IFCPROPERTYSINGLEVALUE('GrossSurfaceArea',$,IFCAREAMEASURE(0.22539),$);
#188= IFCPROPERTYSINGLEVALUE('NetSurfaceArea',$,IFCAREAMEASURE(0.11614),$);
#189= IFCPROPERTYSINGLEVALUE('GrossVolume',$,IFCVOLUMEMEASURE(0.00093),$);
#190= IFCPROPERTYSINGLEVALUE('NetVolume',$,IFCVOLUMEMEASURE(0.00048),$);
#191= IFCPROPERTYSINGLEVALUE('GrossWeight',$,IFCMASSMEASURE(3.76769),$);
#192= IFCPROPERTYSINGLEVALUE('NetWeight',$,IFCMASSMEASURE(3.76597),$);
#193= IFCPROPERTYSET('1bKJqziGvCgPkvrGV4nWyL',$,'Qto_BeamBaseQuantities','Base quantities that are common to the definition of all occurrences of beams.',(#184,#185,#186,#187,#188,#189,#190,#191,#192));
#194= IFCPROPERTYSINGLEVALUE('ASSEMBLY_POS',$,IFCLABEL('ML/1'),$);
#195= IFCPROPERTYSET('3QM7IccxH8tuPMs$Y3KZxz',$,'BEAM',$,(#194));
#196= IFCCARTESIANPOINT((7590.,0.,25.));
#197= IFCAXIS2PLACEMENT3D(#196,#40,#25);
#198= IFCLOCALPLACEMENT(#134,#197);
#199= IFCCARTESIANPOINTLIST2D(((-25.,-25.),(25.,-25.),(25.,25.),(-25.,25.)));
#200= IFCINDEXEDPOLYCURVE(#199,(IFCLINEINDEX((1,2,3,4,1))),$);
#201= IFCCARTESIANPOINTLIST2D(((-22.,-22.),(-22.,22.),(22.,22.),(22.,-22.)));
#202= IFCINDEXEDPOLYCURVE(#201,(IFCLINEINDEX((1,2,3,4,1))),$);
#203= IFCARBITRARYPROFILEDEFWITHVOIDS(.AREA.,'CFRHS50X50X3',#200,(#202));
#204= IFCAXIS2PLACEMENT3D(#23,#39,#25);
#205= IFCCOLOURRGB($,0.572549019607843,0.219607843137255,0.694117647058824);
#206= IFCSURFACESTYLERENDERING(#205,0.,$,$,$,$,IFCNORMALISEDRATIOMEASURE(0.00390625),IFCSPECULAREXPONENT(10.),.NOTDEFINED.);
#207= IFCSURFACESTYLE('S235JR',.POSITIVE.,(#206));
#208= IFCEXTRUDEDAREASOLID(#203,#204,#50,550.);
#209= IFCSHAPEREPRESENTATION(#55,'Body','SolidModel',(#208));
#210= IFCCARTESIANPOINTLIST3D(((0.,25.,0.),(550.,25.,0.)));
#211= IFCINDEXEDPOLYCURVE(#210,(IFCLINEINDEX((1,2))),$);
#212= IFCGEOMETRICREPRESENTATIONSUBCONTEXT('Axis','Model',*,*,*,*,#28,$,.MODEL_VIEW.,$);
#213= IFCSHAPEREPRESENTATION(#212,'Axis','Curve3D',(#211));
#214= IFCCARTESIANPOINT((275.,0.,0.));
#215= IFCSHAPEREPRESENTATION(#58,'CoG','Point',(#214));
#216= IFCPRODUCTDEFINITIONSHAPE($,$,(#209,#213,#215));
#217= IFCBEAM('1f2Q4M000DLZ4tDZ8oDJGu',$,'BEAM','CFRHS50X50X3',$,#198,#216,'S235JR',.NOTDEFINED.);
#218= IFCPROPERTYSINGLEVALUE('Length',$,IFCLENGTHMEASURE(550.),$);
#219= IFCPROPERTYSINGLEVALUE('CrossSectionArea',$,IFCAREAMEASURE(0.00054),$);
#220= IFCPROPERTYSINGLEVALUE('OuterSurfaceArea',$,IFCAREAMEASURE(0.10434),$);
#221= IFCPROPERTYSINGLEVALUE('GrossSurfaceArea',$,IFCAREAMEASURE(0.10434),$);
#222= IFCPROPERTYSINGLEVALUE('NetSurfaceArea',$,IFCAREAMEASURE(0.1106),$);
#223= IFCPROPERTYSINGLEVALUE('GrossVolume',$,IFCVOLUMEMEASURE(0.0003),$);
#224= IFCPROPERTYSINGLEVALUE('NetVolume',$,IFCVOLUMEMEASURE(0.00031),$);
#225= IFCPROPERTYSINGLEVALUE('GrossWeight',$,IFCMASSMEASURE(2.33499),$);
#226= IFCPROPERTYSINGLEVALUE('NetWeight',$,IFCMASSMEASURE(2.43507),$);
#227= IFCPROPERTYSET('0guj6jwcjA$PNpocI8qmka',$,'Qto_BeamBaseQuantities','Base quantities that are common to the definition of all occurrences of beams.',(#218,#219,#220,#221,#222,#223,#224,#225,#226));
#228= IFCCARTESIANPOINT((7627.50021,25.,625.));
#229= IFCAXIS2PLACEMENT3D(#228,#24,#85);
#230= IFCLOCALPLACEMENT(#134,#229);
#231= IFCCARTESIANPOINTLIST2D(((0.,0.),(50.,0.),(50.,50.),(0.,50.)));
#232= IFCINDEXEDPOLYCURVE(#231,(IFCLINEINDEX((1,2,3,4,1))),$);
#233= IFCARBITRARYCLOSEDPROFILEDEF(.AREA.,'PL8',#232);
#234= IFCEXTRUDEDAREASOLID(#233,#49,#50,8.);
#235= IFCSHAPEREPRESENTATION(#55,'Body','SolidModel',(#234));
#236= IFCCARTESIANPOINT((25.,25.,0.));
#237= IFCSHAPEREPRESENTATION(#58,'CoG','Point',(#236));
#238= IFCPRODUCTDEFINITIONSHAPE($,$,(#235,#237));
#239= IFCPLATE('1f2Q4M000DKJ4tDZ8oDJGu',$,'PLATE','PL8',$,#230,#238,'S235JR',.NOTDEFINED.);
#240= IFCPROPERTYSINGLEVALUE('Perimeter',$,IFCLENGTHMEASURE(200.),$);
#241= IFCPROPERTYSINGLEVALUE('GrossArea',$,IFCAREAMEASURE(0.0025),$);
#242= IFCPROPERTYSINGLEVALUE('NetArea',$,IFCAREAMEASURE(0.0066),$);
#243= IFCPROPERTYSINGLEVALUE('GrossVolume',$,IFCVOLUMEMEASURE(2.E-05),$);
#244= IFCPROPERTYSINGLEVALUE('NetVolume',$,IFCVOLUMEMEASURE(2.E-05),$);
#245= IFCPROPERTYSINGLEVALUE('GrossWeight',$,IFCMASSMEASURE(0.157),$);
#246= IFCPROPERTYSINGLEVALUE('NetWeight',$,IFCMASSMEASURE(0.157),$);
#247= IFCPROPERTYSET('0yv6SyS_PBrQq3e2Lw$bo4',$,'Qto_PlateBaseQuantities','Base quantities that are common to the definition of all occurrences of plates.',(#70,#240,#241,#242,#243,#244,#245,#246));
#248= IFCCARTESIANPOINT((7617.5,25.,25.));
#249= IFCAXIS2PLACEMENT3D(#248,#24,#85);
#250= IFCLOCALPLACEMENT(#134,#249);
#251= IFCSHAPEREPRESENTATION(#55,'Body','SolidModel',(#234));
#252= IFCSHAPEREPRESENTATION(#58,'CoG','Point',(#236));
#253= IFCPRODUCTDEFINITIONSHAPE($,$,(#251,#252));
#254= IFCPLATE('1f2Q4M000DJZ4tDZ8oDJGu',$,'PLATE','PL8',$,#250,#253,'S235JR',.NOTDEFINED.);
#255= IFCCARTESIANPOINT((6555.,25.,-50.));
#256= IFCAXIS2PLACEMENT3D(#255,#50,#85);
#257= IFCLOCALPLACEMENT(#134,#256);
#258= IFCCARTESIANPOINTLIST2D(((-22.5,-40.),(22.5,-40.),(22.5,-33.8),(-16.5,-30.68),(-16.5,30.68),(22.5,33.8),(22.5,40.),(-22.5,40.)));
#259= IFCINDEXEDPOLYCURVE(#258,(IFCLINEINDEX((1,2,3,4,5,6,7,8,1))),$);
#260= IFCARBITRARYCLOSEDPROFILEDEF(.AREA.,'UNP80',#259);
#261= IFCCOLOURRGB($,0.125490196078431,0.792156862745098,0.615686274509804);
#262= IFCSURFACESTYLERENDERING(#261,0.,$,$,$,$,IFCNORMALISEDRATIOMEASURE(0.00390625),IFCSPECULAREXPONENT(10.),.NOTDEFINED.);
#263= IFCSURFACESTYLE('S275JR',.POSITIVE.,(#262));
#264= IFCEXTRUDEDAREASOLID(#260,#204,#50,193.45569);
#265= IFCSHAPEREPRESENTATION(#55,'Body','SolidModel',(#264));
#266= IFCCARTESIANPOINTLIST3D(((0.,0.,0.),(193.4,0.,0.)));
#267= IFCINDEXEDPOLYCURVE(#266,(IFCLINEINDEX((1,2))),$);
#268= IFCSHAPEREPRESENTATION(#212,'Axis','Curve3D',(#267));
#269= IFCCARTESIANPOINT((96.72785,0.,-7.68012));
#270= IFCSHAPEREPRESENTATION(#58,'CoG','Point',(#269));
#271= IFCPRODUCTDEFINITIONSHAPE($,$,(#265,#268,#270));
#272= IFCBEAM('1f2Q4M000CzJ4tDZ8oDJGu',$,'BEAM','UNP80',$,#257,#271,'S275JR',.NOTDEFINED.);
#273= IFCMATERIAL('S275JR',$,'STEEL');
#274= IFCPROPERTYSINGLEVALUE('Length',$,IFCLENGTHMEASURE(193.45569),$);
#275= IFCPROPERTYSINGLEVALUE('CrossSectionArea',$,IFCAREAMEASURE(0.0011),$);
#276= IFCPROPERTYSINGLEVALUE('OuterSurfaceArea',$,IFCAREAMEASURE(0.06036),$);
#277= IFCPROPERTYSINGLEVALUE('GrossSurfaceArea',$,IFCAREAMEASURE(0.06036),$);
#278= IFCPROPERTYSINGLEVALUE('NetSurfaceArea',$,IFCAREAMEASURE(0.06447),$);
#279= IFCPROPERTYSINGLEVALUE('GrossVolume',$,IFCVOLUMEMEASURE(0.00021),$);
#280= IFCPROPERTYSINGLEVALUE('NetVolume',$,IFCVOLUMEMEASURE(0.00021),$);
#281= IFCPROPERTYSINGLEVALUE('GrossWeight',$,IFCMASSMEASURE(1.67049),$);
#282= IFCPROPERTYSINGLEVALUE('NetWeight',$,IFCMASSMEASURE(1.64814),$);
#283= IFCPROPERTYSET('2vOn6bgyn0qeg0b1nbiyna',$,'Qto_BeamBaseQuantities','Base quantities that are common to the definition of all occurrences of beams.',(#274,#275,#276,#277,#278,#279,#280,#281,#282));
#284= IFCCARTESIANPOINT((6555.,25.,650.));
#285= IFCAXIS2PLACEMENT3D(#284,#25,#85);
#286= IFCLOCALPLACEMENT(#134,#285);
#287= IFCSHAPEREPRESENTATION(#55,'Body','SolidModel',(#264));
#288= IFCSHAPEREPRESENTATION(#212,'Axis','Curve3D',(#267));
#289= IFCSHAPEREPRESENTATION(#58,'CoG','Point',(#269));
#290= IFCPRODUCTDEFINITIONSHAPE($,$,(#287,#288,#289));
#291= IFCBEAM('1f2Q4M000CyJ4tDZ8oDJGu',$,'BEAM','UNP80',$,#286,#290,'S275JR',.NOTDEFINED.);
#292= IFCCARTESIANPOINT((4205.,25.,-50.));
#293= IFCAXIS2PLACEMENT3D(#292,#50,#85);
#294= IFCLOCALPLACEMENT(#134,#293);
#295= IFCEXTRUDEDAREASOLID(#260,#204,#50,543.45569);
#296= IFCSHAPEREPRESENTATION(#55,'Body','SolidModel',(#295));
#297= IFCCARTESIANPOINTLIST3D(((0.,0.,0.),(543.4,0.,0.)));
#298= IFCINDEXEDPOLYCURVE(#297,(IFCLINEINDEX((1,2))),$);
#299= IFCSHAPEREPRESENTATION(#212,'Axis','Curve3D',(#298));
#300= IFCCARTESIANPOINT((271.72785,0.,-7.68012));
#301= IFCSHAPEREPRESENTATION(#58,'CoG','Point',(#300));
#302= IFCPRODUCTDEFINITIONSHAPE($,$,(#296,#299,#301));
#303= IFCBEAM('1f2Q4M000Cwp4tDZ8oDJGu',$,'BEAM','UNP80',$,#294,#302,'S275JR',.NOTDEFINED.);
#304= IFCPROPERTYSINGLEVALUE('Length',$,IFCLENGTHMEASURE(543.45569),$);
#305= IFCPROPERTYSINGLEVALUE('OuterSurfaceArea',$,IFCAREAMEASURE(0.16956),$);
#306= IFCPROPERTYSINGLEVALUE('GrossSurfaceArea',$,IFCAREAMEASURE(0.16956),$);
#307= IFCPROPERTYSINGLEVALUE('NetSurfaceArea',$,IFCAREAMEASURE(0.17717),$);
#308= IFCPROPERTYSINGLEVALUE('GrossVolume',$,IFCVOLUMEMEASURE(0.0006),$);
#309= IFCPROPERTYSINGLEVALUE('NetVolume',$,IFCVOLUMEMEASURE(0.00059),$);
#310= IFCPROPERTYSINGLEVALUE('GrossWeight',$,IFCMASSMEASURE(4.69274),$);
#311= IFCPROPERTYSINGLEVALUE('NetWeight',$,IFCMASSMEASURE(4.62994),$);
#312= IFCPROPERTYSET('17JAQzH55A0vRntiInYHAl',$,'Qto_BeamBaseQuantities','Base quantities that are common to the definition of all occurrences of beams.',(#304,#275,#305,#306,#307,#308,#309,#310,#311));
#313= IFCCARTESIANPOINT((4205.,25.,650.));
#314= IFCAXIS2PLACEMENT3D(#313,#25,#85);
#315= IFCLOCALPLACEMENT(#134,#314);
#316= IFCSHAPEREPRESENTATION(#55,'Body','SolidModel',(#295));
#317= IFCSHAPEREPRESENTATION(#212,'Axis','Curve3D',(#298));
#318= IFCSHAPEREPRESENTATION(#58,'CoG','Point',(#300));
#319= IFCPRODUCTDEFINITIONSHAPE($,$,(#316,#317,#318));
#320= IFCBEAM('1f2Q4M000Cvp4tDZ8oDJGu',$,'BEAM','UNP80',$,#315,#319,'S275JR',.NOTDEFINED.);
#321= IFCCARTESIANPOINT((5705.,25.,-50.));
#322= IFCAXIS2PLACEMENT3D(#321,#50,#85);
#323= IFCLOCALPLACEMENT(#134,#322);
#324= IFCSHAPEREPRESENTATION(#55,'Body','SolidModel',(#295));
#325= IFCSHAPEREPRESENTATION(#212,'Axis','Curve3D',(#298));
#326= IFCSHAPEREPRESENTATION(#58,'CoG','Point',(#300));
#327= IFCPRODUCTDEFINITIONSHAPE($,$,(#324,#325,#326));
#328= IFCBEAM('1f2Q4M000Ctp4tDZ8oDJGu',$,'BEAM','UNP80',$,#323,#327,'S275JR',.NOTDEFINED.);
#329= IFCCARTESIANPOINT((5705.,25.,650.));
#330= IFCAXIS2PLACEMENT3D(#329,#25,#85);
#331= IFCLOCALPLACEMENT(#134,#330);
#332= IFCSHAPEREPRESENTATION(#55,'Body','SolidModel',(#295));
#333= IFCSHAPEREPRESENTATION(#212,'Axis','Curve3D',(#298));
#334= IFCSHAPEREPRESENTATION(#58,'CoG','Point',(#300));
#335= IFCPRODUCTDEFINITIONSHAPE($,$,(#332,#333,#334));
#336= IFCBEAM('1f2Q4M000CqJ4tDZ8oDJGu',$,'BEAM','UNP80',$,#331,#335,'S275JR',.NOTDEFINED.);
#337= IFCCARTESIANPOINT((6490.,-25.,-30.));
#338= IFCAXIS2PLACEMENT3D(#337,#50,#40);
#339= IFCLOCALPLACEMENT(#134,#338);
#340= IFCCOLOURRGB($,0.117647058823529,0.262745098039216,0.513725490196078);
#341= IFCSURFACESTYLERENDERING(#340,0.,$,$,$,$,IFCNORMALISEDRATIOMEASURE(0.00390625),IFCSPECULAREXPONENT(10.),.NOTDEFINED.);
#342= IFCSURFACESTYLE('S235JR',.POSITIVE.,(#341));
#343= IFCCARTESIANPOINTLIST3D(((0.,-25.,5.),(0.,25.,5.),(0.,25.,-5.),(0.,-25.,-5.),(245.09619,25.,-5.),(245.09619,-25.,-5.),(243.25242,-25.,5.),(243.25242,25.,5.),(255.29295,25.,-1.10758),(255.29295,-25.,-1.10758),(252.20755,-25.,8.41845),(252.20755,25.,8.41845),(314.22314,25.,14.68271),(314.22314,-25.,14.68271),(312.48003,-25.,24.56841),(312.48003,25.,24.56841),(375.,25.,20.),(375.,-25.,20.),(375.,-25.,30.0382),(375.,25.,30.0382),(435.77686,25.,14.68271),(435.77686,-25.,14.68271),(437.51997,-25.,24.56841),(437.51997,25.,24.56841),(494.70706,25.,-1.10758),(494.70706,-25.,-1.10758),(498.14033,-25.,8.32524),(498.14033,25.,8.32524),(550.,25.,-26.89111),(550.,-25.,-26.89111),(555.0191,-25.,-18.19778),(555.0191,25.,-18.19778),(599.97565,25.,-61.88445),(599.97565,-25.,-61.88445),(606.42808,-25.,-54.19474),(606.42808,25.,-54.19474),(643.11554,25.,-105.02434),(643.11554,-25.,-105.02434),(650.80525,-25.,-98.57191),(650.80525,25.,-98.57191),(678.10889,25.,-155.),(678.10889,-25.,-155.),(686.80222,-25.,-149.9809),(686.80222,25.,-149.9809),(703.8924,25.,-210.29295),(703.8924,-25.,-210.29295),(713.32521,-25.,-206.85969),(713.32521,25.,-206.85969),(719.68274,25.,-269.22314),(719.68274,-25.,-269.22314),(729.56844,-25.,-267.48003),(729.56844,25.,-267.48003),(725.,25.,-330.),(725.,-25.,-330.),(735.0382,-25.,-330.),(735.0382,25.,-330.),(719.68274,25.,-390.77686),(719.68274,-25.,-390.77686),(729.56844,-25.,-392.51997),(729.56844,25.,-392.51997),(703.8924,25.,-449.70706),(703.8924,-25.,-449.70706),(713.32521,-25.,-453.14033),(713.32521,25.,-453.14033),(678.10889,25.,-505.),(678.10889,-25.,-505.),(686.80222,-25.,-510.0191),(686.80222,25.,-510.0191),(643.11554,25.,-554.97565),(643.11554,-25.,-554.97565),(650.80524,-25.,-561.42808),(650.80524,25.,-561.42808),(599.97565,25.,-598.11554),(599.97565,-25.,-598.11554),(606.42808,-25.,-605.80524),(606.42808,25.,-605.80524),(550.,25.,-633.10889),(550.,-25.,-633.10889),(555.0191,-25.,-641.80222),(555.0191,25.,-641.80222),(494.70706,25.,-658.8924),(494.70706,-25.,-658.8924),(498.14033,-25.,-668.32521),(498.14033,25.,-668.32521),(435.77686,25.,-674.68274),(435.77686,-25.,-674.68274),(437.51997,-25.,-684.56844),(437.51997,25.,-684.56844),(375.,25.,-680.),(375.,-25.,-680.),(375.,-25.,-690.0382),(375.,25.,-690.0382),(314.22314,25.,-674.68274),(314.22314,-25.,-674.68274),(312.48003,-25.,-684.56844),(312.48003,25.,-684.56844),(255.29295,25.,-658.8924),(255.29295,-25.,-658.8924),(252.20756,-25.,-668.41843),(252.20756,25.,-668.41843),(245.09619,25.,-655.),(245.09619,-25.,-655.),(243.25243,-25.,-665.),(243.25243,25.,-665.),(0.,25.,-655.),(0.,-25.,-655.),(0.,25.,-665.),(0.,-25.,-665.)));
#344= IFCINDEXEDPOLYGONALFACE((4,3,5,6));
#345= IFCINDEXEDPOLYGONALFACE((2,1,7,8));
#346= IFCINDEXEDPOLYGONALFACE((6,5,9,10));
#347= IFCINDEXEDPOLYGONALFACE((8,7,11,12));
#348= IFCINDEXEDPOLYGONALFACE((10,9,13,14));
#349= IFCINDEXEDPOLYGONALFACE((12,11,15,16));
#350= IFCINDEXEDPOLYGONALFACE((14,13,17,18));
#351= IFCINDEXEDPOLYGONALFACE((16,15,19,20));
#352= IFCINDEXEDPOLYGONALFACE((18,17,21,22));
#353= IFCINDEXEDPOLYGONALFACE((20,19,23,24));
#354= IFCINDEXEDPOLYGONALFACE((22,21,25,26));
#355= IFCINDEXEDPOLYGONALFACE((24,23,27,28));
#356= IFCINDEXEDPOLYGONALFACE((26,25,29,30));
#357= IFCINDEXEDPOLYGONALFACE((28,27,31,32));
#358= IFCINDEXEDPOLYGONALFACE((30,29,33,34));
#359= IFCINDEXEDPOLYGONALFACE((32,31,35,36));
#360= IFCINDEXEDPOLYGONALFACE((34,33,37,38));
#361= IFCINDEXEDPOLYGONALFACE((36,35,39,40));
#362= IFCINDEXEDPOLYGONALFACE((38,37,41,42));
#363= IFCINDEXEDPOLYGONALFACE((40,39,43,44));
#364= IFCINDEXEDPOLYGONALFACE((42,41,45,46));
#365= IFCINDEXEDPOLYGONALFACE((44,43,47,48));
#366= IFCINDEXEDPOLYGONALFACE((46,45,49,50));
#367= IFCINDEXEDPOLYGONALFACE((48,47,51,52));
#368= IFCINDEXEDPOLYGONALFACE((50,49,53,54));
#369= IFCINDEXEDPOLYGONALFACE((52,51,55,56));
#370= IFCINDEXEDPOLYGONALFACE((54,53,57,58));
#371= IFCINDEXEDPOLYGONALFACE((56,55,59,60));
#372= IFCINDEXEDPOLYGONALFACE((58,57,61,62));
#373= IFCINDEXEDPOLYGONALFACE((60,59,63,64));
#374= IFCINDEXEDPOLYGONALFACE((62,61,65,66));
#375= IFCINDEXEDPOLYGONALFACE((64,63,67,68));
#376= IFCINDEXEDPOLYGONALFACE((66,65,69,70));
#377= IFCINDEXEDPOLYGONALFACE((68,67,71,72));
#378= IFCINDEXEDPOLYGONALFACE((70,69,73,74));
#379= IFCINDEXEDPOLYGONALFACE((72,71,75,76));
#380= IFCINDEXEDPOLYGONALFACE((74,73,77,78));
#381= IFCINDEXEDPOLYGONALFACE((76,75,79,80));
#382= IFCINDEXEDPOLYGONALFACE((78,77,81,82));
#383= IFCINDEXEDPOLYGONALFACE((80,79,83,84));
#384= IFCINDEXEDPOLYGONALFACE((82,81,85,86));
#385= IFCINDEXEDPOLYGONALFACE((84,83,87,88));
#386= IFCINDEXEDPOLYGONALFACE((86,85,89,90));
#387= IFCINDEXEDPOLYGONALFACE((88,87,91,92));
#388= IFCINDEXEDPOLYGONALFACE((90,89,93,94));
#389= IFCINDEXEDPOLYGONALFACE((92,91,95,96));
#390= IFCINDEXEDPOLYGONALFACE((94,93,97,98));
#391= IFCINDEXEDPOLYGONALFACE((96,95,99,100));
#392= IFCINDEXEDPOLYGONALFACE((98,97,101,102));
#393= IFCINDEXEDPOLYGONALFACE((100,99,103,104));
#394= IFCINDEXEDPOLYGONALFACE((102,101,105,106));
#395= IFCINDEXEDPOLYGONALFACE((101,97,93,89,85,81,77,73,69,65,61,57,53,49,45,41,37,33,29,25,21,17,13,9,5,3,2,8,12,16,20,24,28,32,36,40,44,48,52,56,60,64,68,72,76,80,84,88,92,96,100,104,107,105));
#396= IFCINDEXEDPOLYGONALFACE((104,103,108,107));
#397= IFCINDEXEDPOLYGONALFACE((103,99,95,91,87,83,79,75,71,67,63,59,55,51,47,43,39,35,31,27,23,19,15,11,7,1,4,6,10,14,18,22,26,30,34,38,42,46,50,54,58,62,66,70,74,78,82,86,90,94,98,102,106,108));
#398= IFCINDEXEDPOLYGONALFACE((107,108,106,105));
#399= IFCPOLYGONALFACESET(#343,.T.,(#143,#344,#345,#346,#347,#348,#349,#350,#351,#352,#353,#354,#355,#356,#357,#358,#359,#360,#361,#362,#363,#364,#365,#366,#367,#368,#369,#370,#371,#372,#373,#374,#375,#376,#377,#378,#379,#380,#381,#382,#383,#384,#385,#386,#387,#388,#389,#390,#391,#392,#393,#394,#395,#396,#397,#398),$);
#400= IFCSHAPEREPRESENTATION(#55,'Body','Tessellation',(#399));
#401= IFCCARTESIANPOINT((433.79387,0.,-330.));
#402= IFCSHAPEREPRESENTATION(#58,'CoG','Point',(#401));
#403= IFCPRODUCTDEFINITIONSHAPE($,$,(#400,#402));
#404= IFCBEAM('1f2Q4M000CJ34tDZ8oDJGu',$,'LADDER','PL10*50',$,#339,#403,'S235JR',.NOTDEFINED.);
#405= IFCPROPERTYSINGLEVALUE('Length',$,IFCLENGTHMEASURE(1869.93425),$);
#406= IFCPROPERTYSINGLEVALUE('NetSurfaceArea',$,IFCAREAMEASURE(0.22539),$);
#407= IFCPROPERTYSINGLEVALUE('NetVolume',$,IFCVOLUMEMEASURE(0.00093),$);
#408= IFCPROPERTYSINGLEVALUE('GrossWeight',$,IFCMASSMEASURE(7.33949),$);
#409= IFCPROPERTYSINGLEVALUE('NetWeight',$,IFCMASSMEASURE(7.33949),$);
#410= IFCPROPERTYSET('2FLSRxGsPEkuCxJm05v3LC',$,'Qto_BeamBaseQuantities','Base quantities that are common to the definition of all occurrences of beams.',(#405,#185,#186,#187,#406,#189,#407,#408,#409));
#411= IFCCARTESIANPOINT((2430.,25.,-50.));
#412= IFCAXIS2PLACEMENT3D(#411,#50,#85);
#413= IFCLOCALPLACEMENT(#134,#412);
#414= IFCSHAPEREPRESENTATION(#55,'Body','SolidModel',(#295));
#415= IFCSHAPEREPRESENTATION(#212,'Axis','Curve3D',(#298));
#416= IFCSHAPEREPRESENTATION(#58,'CoG','Point',(#300));
#417= IFCPRODUCTDEFINITIONSHAPE($,$,(#414,#415,#416));
#418= IFCBEAM('1f2Q4M000BSp4tDZ8oDJGu',$,'BEAM','UNP80',$,#413,#417,'S275JR',.NOTDEFINED.);
#419= IFCCARTESIANPOINT((2430.,25.,650.));
#420= IFCAXIS2PLACEMENT3D(#419,#25,#85);
#421= IFCLOCALPLACEMENT(#134,#420);
#422= IFCSHAPEREPRESENTATION(#55,'Body','SolidModel',(#295));
#423= IFCSHAPEREPRESENTATION(#212,'Axis','Curve3D',(#298));
#424= IFCSHAPEREPRESENTATION(#58,'CoG','Point',(#300));
#425= IFCPRODUCTDEFINITIONSHAPE($,$,(#422,#423,#424));
#426= IFCBEAM('1f2Q4M000BRp4tDZ8oDJGu',$,'BEAM','UNP80',$,#421,#425,'S275JR',.NOTDEFINED.);
#427= IFCCARTESIANPOINT((5440.,159.55137,640.));
#428= IFCAXIS2PLACEMENT3D(#427,#25,#85);
#429= IFCLOCALPLACEMENT(#134,#428);
#430= IFCCARTESIANPOINTLIST2D(((0.,0.),(49.99992,0.),(49.99992,1075.7063),(2.E-05,1075.7063)));
#431= IFCINDEXEDPOLYCURVE(#430,(IFCLINEINDEX((1,2,3,4,1))),$);
#432= IFCARBITRARYCLOSEDPROFILEDEF(.AREA.,'PL10',#431);
#433= IFCCARTESIANPOINT((0.,0.,5.));
#434= IFCAXIS2PLACEMENT3D(#433,#25,#24);
#435= IFCCOLOURRGB($,0.905882352941176,0.325490196078431,0.36078431372549);
#436= IFCSURFACESTYLERENDERING(#435,0.,$,$,$,$,IFCNORMALISEDRATIOMEASURE(0.00390625),IFCSPECULAREXPONENT(10.),.NOTDEFINED.);
#437= IFCSURFACESTYLE('S235JR',.POSITIVE.,(#436));
#438= IFCEXTRUDEDAREASOLID(#432,#434,#50,10.);
#439= IFCSHAPEREPRESENTATION(#55,'Body','SolidModel',(#438));
#440= IFCCARTESIANPOINT((24.99997,537.85312,0.));
#441= IFCSHAPEREPRESENTATION(#58,'CoG','Point',(#440));
#442= IFCPRODUCTDEFINITIONSHAPE($,$,(#439,#441));
#443= IFCPLATE('1f2Q4M000BNZ4tDZ8oDJGu',$,'LADDER','PL10',$,#429,#442,'S235JR',.NOTDEFINED.);
#444= IFCPROPERTYSINGLEVALUE('Width',$,IFCLENGTHMEASURE(10.),$);
#445= IFCPROPERTYSINGLEVALUE('Perimeter',$,IFCLENGTHMEASURE(2251.41243),$);
#446= IFCPROPERTYSINGLEVALUE('GrossArea',$,IFCAREAMEASURE(0.05379),$);
#447= IFCPROPERTYSINGLEVALUE('NetArea',$,IFCAREAMEASURE(0.13008),$);
#448= IFCPROPERTYSINGLEVALUE('GrossVolume',$,IFCVOLUMEMEASURE(0.00054),$);
#449= IFCPROPERTYSINGLEVALUE('NetVolume',$,IFCVOLUMEMEASURE(0.00054),$);
#450= IFCPROPERTYSINGLEVALUE('GrossWeight',$,IFCMASSMEASURE(4.22214),$);
#451= IFCPROPERTYSINGLEVALUE('NetWeight',$,IFCMASSMEASURE(4.22214),$);
#452= IFCPROPERTYSET('1NINR2iG90KBz2lvNjfuzE',$,'Qto_PlateBaseQuantities','Base quantities that are common to the definition of all occurrences of plates.',(#444,#445,#446,#447,#448,#449,#450,#451));
#453= IFCCARTESIANPOINT((5440.,374.9827,663.69976));
#454= IFCAXIS2PLACEMENT3D(#453,#25,#85);
#455= IFCLOCALPLACEMENT(#134,#454);
#456= IFCSHAPEREPRESENTATION(#55,'Body','SolidModel',(#438));
#457= IFCSHAPEREPRESENTATION(#58,'CoG','Point',(#440));
#458= IFCPRODUCTDEFINITIONSHAPE($,$,(#456,#457));
#459= IFCPLATE('1f2Q4M000BMZ4tDZ8oDJGu',$,'LADDER','PL10',$,#455,#458,'S235JR',.NOTDEFINED.);
#460= IFCCARTESIANPOINT((5465.,-25.,-30.));
#461= IFCAXIS2PLACEMENT3D(#460,#50,#40);
#462= IFCLOCALPLACEMENT(#134,#461);
#463= IFCSHAPEREPRESENTATION(#55,'Body','Tessellation',(#399));
#464= IFCSHAPEREPRESENTATION(#58,'CoG','Point',(#401));
#465= IFCPRODUCTDEFINITIONSHAPE($,$,(#463,#464));
#466= IFCBEAM('1f2Q4M000BKp4tDZ8oDJGu',$,'LADDER','PL10*50',$,#462,#465,'S235JR',.NOTDEFINED.);
#467= IFCCARTESIANPOINT((6490.,0.,25.));
#468= IFCAXIS2PLACEMENT3D(#467,#85,#25);
#469= IFCLOCALPLACEMENT(#134,#468);
#470= IFCCARTESIANPOINTLIST2D(((14.,0.),(12.12436,7.),(7.,12.12436),(0.,14.),(-7.,12.12436),(-12.12436,7.),(-14.,0.),(-12.12436,-7.),(-7.,-12.12436),(0.,-14.),(7.,-12.12436),(12.12436,-7.)));
#471= IFCINDEXEDPOLYCURVE(#470,(IFCLINEINDEX((1,2,3,4,5,6,7,8,9,10,11,12,1))),$);
#472= IFCCARTESIANPOINTLIST2D(((11.5,0.),(9.95929,-5.75),(5.75,-9.95929),(0.,-11.5),(-5.75,-9.95929),(-9.95929,-5.75),(-11.5,0.),(-9.95929,5.75),(-5.75,9.95929),(0.,11.5),(5.75,9.95929),(9.95929,5.75)));
#473= IFCINDEXEDPOLYCURVE(#472,(IFCLINEINDEX((1,2,3,4,5,6,7,8,9,10,11,12,1))),$);
#474= IFCARBITRARYPROFILEDEFWITHVOIDS(.AREA.,'CFCHS28*2.5',#471,(#473));
#475= IFCCOLOURRGB($,0.682352941176471,0.780392156862745,0.4);
#476= IFCSURFACESTYLERENDERING(#475,0.,$,$,$,$,IFCNORMALISEDRATIOMEASURE(0.00390625),IFCSPECULAREXPONENT(10.),.NOTDEFINED.);
#477= IFCSURFACESTYLE('S235JR',.POSITIVE.,(#476));
#478= IFCEXTRUDEDAREASOLID(#474,#204,#50,550.);
#479= IFCSHAPEREPRESENTATION(#55,'Body','SolidModel',(#478));
#480= IFCCARTESIANPOINTLIST3D(((0.,0.,0.),(550.,0.,0.)));
#481= IFCINDEXEDPOLYCURVE(#480,(IFCLINEINDEX((1,2))),$);
#482= IFCSHAPEREPRESENTATION(#212,'Axis','Curve3D',(#481));
#483= IFCSHAPEREPRESENTATION(#58,'CoG','Point',(#214));
#484= IFCPRODUCTDEFINITIONSHAPE($,$,(#479,#482,#483));
#485= IFCBEAM('1f2Q4M000AQZ4tDZ8oDJGu',$,'LADDER','CFCHS28*2.5',$,#469,#484,'S235JR',.NOTDEFINED.);
#486= IFCPROPERTYSINGLEVALUE('CrossSectionArea',$,IFCAREAMEASURE(0.00019),$);
#487= IFCPROPERTYSINGLEVALUE('OuterSurfaceArea',$,IFCAREAMEASURE(0.04804),$);
#488= IFCPROPERTYSINGLEVALUE('GrossSurfaceArea',$,IFCAREAMEASURE(0.04804),$);
#489= IFCPROPERTYSINGLEVALUE('NetSurfaceArea',$,IFCAREAMEASURE(0.04804),$);
#490= IFCPROPERTYSINGLEVALUE('GrossVolume',$,IFCVOLUMEMEASURE(0.00011),$);
#491= IFCPROPERTYSINGLEVALUE('NetVolume',$,IFCVOLUMEMEASURE(0.00011),$);
#492= IFCPROPERTYSINGLEVALUE('GrossWeight',$,IFCMASSMEASURE(0.82572),$);
#493= IFCPROPERTYSINGLEVALUE('NetWeight',$,IFCMASSMEASURE(0.82572),$);
#494= IFCPROPERTYSET('3MgU_wy3D4mhFmdA89wINx',$,'Qto_BeamBaseQuantities','Base quantities that are common to the definition of all occurrences of beams.',(#218,#486,#487,#488,#489,#490,#491,#492,#493));
#495= IFCCARTESIANPOINT((6240.,0.,25.));
#496= IFCAXIS2PLACEMENT3D(#495,#85,#25);
#497= IFCLOCALPLACEMENT(#134,#496);
#498= IFCSHAPEREPRESENTATION(#55,'Body','SolidModel',(#478));
#499= IFCSHAPEREPRESENTATION(#212,'Axis','Curve3D',(#481));
#500= IFCSHAPEREPRESENTATION(#58,'CoG','Point',(#214));
#501= IFCPRODUCTDEFINITIONSHAPE($,$,(#498,#499,#500));
#502= IFCBEAM('1f2Q4M000APp4tDZ8oDJGu',$,'LADDER','CFCHS28*2.5',$,#497,#501,'S235JR',.NOTDEFINED.);
#503= IFCCARTESIANPOINT((5990.,0.,25.));
#504= IFCAXIS2PLACEMENT3D(#503,#85,#25);
#505= IFCLOCALPLACEMENT(#134,#504);
#506= IFCSHAPEREPRESENTATION(#55,'Body','SolidModel',(#478));
#507= IFCSHAPEREPRESENTATION(#212,'Axis','Curve3D',(#481));
#508= IFCSHAPEREPRESENTATION(#58,'CoG','Point',(#214));
#509= IFCPRODUCTDEFINITIONSHAPE($,$,(#506,#507,#508));
#510= IFCBEAM('1f2Q4M000AP34tDZ8oDJGu',$,'LADDER','CFCHS28*2.5',$,#505,#509,'S235JR',.NOTDEFINED.);
#511= IFCCARTESIANPOINT((5740.,0.,25.));
#512= IFCAXIS2PLACEMENT3D(#511,#85,#25);
#513= IFCLOCALPLACEMENT(#134,#512);
#514= IFCSHAPEREPRESENTATION(#55,'Body','SolidModel',(#478));
#515= IFCSHAPEREPRESENTATION(#212,'Axis','Curve3D',(#481));
#516= IFCSHAPEREPRESENTATION(#58,'CoG','Point',(#214));
#517= IFCPRODUCTDEFINITIONSHAPE($,$,(#514,#515,#516));
#518= IFCBEAM('1f2Q4M000AOJ4tDZ8oDJGu',$,'LADDER','CFCHS28*2.5',$,#513,#517,'S235JR',.NOTDEFINED.);
#519= IFCCARTESIANPOINT((5490.,0.,25.));
#520= IFCAXIS2PLACEMENT3D(#519,#85,#25);
#521= IFCLOCALPLACEMENT(#134,#520);
#522= IFCSHAPEREPRESENTATION(#55,'Body','SolidModel',(#478));
#523= IFCSHAPEREPRESENTATION(#212,'Axis','Curve3D',(#481));
#524= IFCSHAPEREPRESENTATION(#58,'CoG','Point',(#214));
#525= IFCPRODUCTDEFINITIONSHAPE($,$,(#522,#523,#524));
#526= IFCBEAM('1f2Q4M000ANZ4tDZ8oDJGu',$,'LADDER','CFCHS28*2.5',$,#521,#525,'S235JR',.NOTDEFINED.);
#527= IFCCARTESIANPOINT((5240.,0.,25.));
#528= IFCAXIS2PLACEMENT3D(#527,#85,#25);
#529= IFCLOCALPLACEMENT(#134,#528);
#530= IFCSHAPEREPRESENTATION(#55,'Body','SolidModel',(#478));
#531= IFCSHAPEREPRESENTATION(#212,'Axis','Curve3D',(#481));
#532= IFCSHAPEREPRESENTATION(#58,'CoG','Point',(#214));
#533= IFCPRODUCTDEFINITIONSHAPE($,$,(#530,#531,#532));
#534= IFCBEAM('1f2Q4M000AMp4tDZ8oDJGu',$,'LADDER','CFCHS28*2.5',$,#529,#533,'S235JR',.NOTDEFINED.);
#535= IFCCARTESIANPOINT((4990.,0.,25.));
#536= IFCAXIS2PLACEMENT3D(#535,#85,#25);
#537= IFCLOCALPLACEMENT(#134,#536);
#538= IFCSHAPEREPRESENTATION(#55,'Body','SolidModel',(#478));
#539= IFCSHAPEREPRESENTATION(#212,'Axis','Curve3D',(#481));
#540= IFCSHAPEREPRESENTATION(#58,'CoG','Point',(#214));
#541= IFCPRODUCTDEFINITIONSHAPE($,$,(#538,#539,#540));
#542= IFCBEAM('1f2Q4M000AM34tDZ8oDJGu',$,'LADDER','CFCHS28*2.5',$,#537,#541,'S235JR',.NOTDEFINED.);
#543= IFCCARTESIANPOINT((4740.,0.,25.));
#544= IFCAXIS2PLACEMENT3D(#543,#85,#25);
#545= IFCLOCALPLACEMENT(#134,#544);
#546= IFCSHAPEREPRESENTATION(#55,'Body','SolidModel',(#478));
#547= IFCSHAPEREPRESENTATION(#212,'Axis','Curve3D',(#481));
#548= IFCSHAPEREPRESENTATION(#58,'CoG','Point',(#214));
#549= IFCPRODUCTDEFINITIONSHAPE($,$,(#546,#547,#548));
#550= IFCBEAM('1f2Q4M000ALJ4tDZ8oDJGu',$,'LADDER','CFCHS28*2.5',$,#545,#549,'S235JR',.NOTDEFINED.);
#551= IFCCARTESIANPOINT((5439.99979,603.64168,562.62745));
#552= IFCDIRECTION((0.,-0.7671722778,0.6414411089));
#553= IFCDIRECTION((1.14E-08,0.6414411089,0.7671722778));
#554= IFCAXIS2PLACEMENT3D(#551,#553,#552);
#555= IFCLOCALPLACEMENT(#134,#554);
#556= IFCCARTESIANPOINTLIST2D(((0.,0.),(50.00002,0.),(50.00002,1074.35645),(1.E-05,1074.35645)));
#557= IFCINDEXEDPOLYCURVE(#556,(IFCLINEINDEX((1,2,3,4,1))),$);
#558= IFCARBITRARYCLOSEDPROFILEDEF(.AREA.,'PL10',#557);
#559= IFCEXTRUDEDAREASOLID(#558,#434,#50,10.);
#560= IFCSHAPEREPRESENTATION(#55,'Body','SolidModel',(#559));
#561= IFCCARTESIANPOINT((25.00001,537.1782,0.));
#562= IFCSHAPEREPRESENTATION(#58,'CoG','Point',(#561));
#563= IFCPRODUCTDEFINITIONSHAPE($,$,(#560,#562));
#564= IFCPLATE('1f2Q4M0006734tDZ8oDJGu',$,'LADDER','PL10',$,#555,#563,'S235JR',.NOTDEFINED.);
#565= IFCPROPERTYSINGLEVALUE('Perimeter',$,IFCLENGTHMEASURE(2248.71292),$);
#566= IFCPROPERTYSINGLEVALUE('GrossArea',$,IFCAREAMEASURE(0.05372),$);
#567= IFCPROPERTYSINGLEVALUE('NetArea',$,IFCAREAMEASURE(0.12992),$);
#568= IFCPROPERTYSINGLEVALUE('GrossWeight',$,IFCMASSMEASURE(4.21685),$);
#569= IFCPROPERTYSINGLEVALUE('NetWeight',$,IFCMASSMEASURE(4.21685),$);
#570= IFCPROPERTYSET('2H2XGTjT9B7vCyhrOa_jJM',$,'Qto_PlateBaseQuantities','Base quantities that are common to the definition of all occurrences of plates.',(#444,#565,#566,#567,#448,#449,#568,#569));
#571= IFCCARTESIANPOINT((7590.,-25.,-30.));
#572= IFCAXIS2PLACEMENT3D(#571,#50,#40);
#573= IFCLOCALPLACEMENT(#134,#572);
#574= IFCSHAPEREPRESENTATION(#55,'Body','Tessellation',(#175));
#575= IFCSHAPEREPRESENTATION(#58,'CoG','Point',(#177));
#576= IFCPRODUCTDEFINITIONSHAPE($,$,(#574,#575));
#577= IFCBEAM('1f2Q4M00069J4tDZ8oDJGu',$,'LADDER','PL10*50',$,#573,#576,'S235JR',.NOTDEFINED.);
#578= IFCCARTESIANPOINT((4340.,-25.,-30.));
#579= IFCAXIS2PLACEMENT3D(#578,#50,#40);
#580= IFCLOCALPLACEMENT(#134,#579);
#581= IFCSHAPEREPRESENTATION(#55,'Body','Tessellation',(#175));
#582= IFCSHAPEREPRESENTATION(#58,'CoG','Point',(#177));
#583= IFCPRODUCTDEFINITIONSHAPE($,$,(#581,#582));
#584= IFCBEAM('1f2Q4M0006BZ4tDZ8oDJGu',$,'LADDER','PL10*50',$,#580,#583,'S235JR',.NOTDEFINED.);
#585= IFCCARTESIANPOINT((7490.,0.,25.));
#586= IFCAXIS2PLACEMENT3D(#585,#85,#25);
#587= IFCLOCALPLACEMENT(#134,#586);
#588= IFCSHAPEREPRESENTATION(#55,'Body','SolidModel',(#478));
#589= IFCSHAPEREPRESENTATION(#212,'Axis','Curve3D',(#481));
#590= IFCSHAPEREPRESENTATION(#58,'CoG','Point',(#214));
#591= IFCPRODUCTDEFINITIONSHAPE($,$,(#588,#589,#590));
#592= IFCBEAM('1f2Q4M00070p4tDZ8oDJGu',$,'LADDER','CFCHS28*2.5',$,#587,#591,'S235JR',.NOTDEFINED.);
#593= IFCCARTESIANPOINT((7240.,0.,25.));
#594= IFCAXIS2PLACEMENT3D(#593,#85,#25);
#595= IFCLOCALPLACEMENT(#134,#594);
#596= IFCSHAPEREPRESENTATION(#55,'Body','SolidModel',(#478));
#597= IFCSHAPEREPRESENTATION(#212,'Axis','Curve3D',(#481));
#598= IFCSHAPEREPRESENTATION(#58,'CoG','Point',(#214));
#599= IFCPRODUCTDEFINITIONSHAPE($,$,(#596,#597,#598));
#600= IFCBEAM('1f2Q4M0007234tDZ8oDJGu',$,'LADDER','CFCHS28*2.5',$,#595,#599,'S235JR',.NOTDEFINED.);
#601= IFCCARTESIANPOINT((6990.,0.,25.));
#602= IFCAXIS2PLACEMENT3D(#601,#85,#25);
#603= IFCLOCALPLACEMENT(#134,#602);
#604= IFCSHAPEREPRESENTATION(#55,'Body','SolidModel',(#478));
#605= IFCSHAPEREPRESENTATION(#212,'Axis','Curve3D',(#481));
#606= IFCSHAPEREPRESENTATION(#58,'CoG','Point',(#214));
#607= IFCPRODUCTDEFINITIONSHAPE($,$,(#604,#605,#606));
#608= IFCBEAM('1f2Q4M00073J4tDZ8oDJGu',$,'LADDER','CFCHS28*2.5',$,#603,#607,'S235JR',.NOTDEFINED.);
#609= IFCCARTESIANPOINT((6740.,0.,25.));
#610= IFCAXIS2PLACEMENT3D(#609,#85,#25);
#611= IFCLOCALPLACEMENT(#134,#610);
#612= IFCSHAPEREPRESENTATION(#55,'Body','SolidModel',(#478));
#613= IFCSHAPEREPRESENTATION(#212,'Axis','Curve3D',(#481));
#614= IFCSHAPEREPRESENTATION(#58,'CoG','Point',(#214));
#615= IFCPRODUCTDEFINITIONSHAPE($,$,(#612,#613,#614));
#616= IFCBEAM('1f2Q4M00074Z4tDZ8oDJGu',$,'LADDER','CFCHS28*2.5',$,#611,#615,'S235JR',.NOTDEFINED.);
#617= IFCCARTESIANPOINT((0.,0.,600.));
#618= IFCAXIS2PLACEMENT3D(#617,#25,#24);
#619= IFCLOCALPLACEMENT(#134,#618);
#620= IFCEXTRUDEDAREASOLID(#203,#204,#50,7625.00021);
#621= IFCSHAPEREPRESENTATION(#55,'Body','SolidModel',(#620));
#622= IFCCARTESIANPOINTLIST3D(((0.,0.,0.),(7625.,0.,0.)));
#623= IFCINDEXEDPOLYCURVE(#622,(IFCLINEINDEX((1,2))),$);
#624= IFCSHAPEREPRESENTATION(#212,'Axis','Curve3D',(#623));
#625= IFCCARTESIANPOINT((3812.50011,0.,0.));
#626= IFCSHAPEREPRESENTATION(#58,'CoG','Point',(#625));
#627= IFCPRODUCTDEFINITIONSHAPE($,$,(#621,#624,#626));
#628= IFCCOLUMN('1f2Q4M0009zJ4tDZ8oDJGu',$,'LADDER','CFRHS50X50X3',$,#619,#627,'S235JR',.NOTDEFINED.);
#629= IFCPROPERTYSINGLEVALUE('Slope',$,IFCPLANEANGLEMEASURE(1.5708),$);
#630= IFCPROPERTYSET('0eyLCcEET9kxvCfXhbLbqk',$,'Pset_ColumnCommon','Properties common to the definition of all occurrence and type objects of column.',(#63,#64,#629,#182,#66,#67,#68));
#631= IFCPROPERTYSINGLEVALUE('Length',$,IFCLENGTHMEASURE(7625.00021),$);
#632= IFCPROPERTYSINGLEVALUE('OuterSurfaceArea',$,IFCAREAMEASURE(1.44646),$);
#633= IFCPROPERTYSINGLEVALUE('GrossSurfaceArea',$,IFCAREAMEASURE(1.44646),$);
#634= IFCPROPERTYSINGLEVALUE('NetSurfaceArea',$,IFCAREAMEASURE(1.5256),$);
#635= IFCPROPERTYSINGLEVALUE('GrossVolume',$,IFCVOLUMEMEASURE(0.00412),$);
#636= IFCPROPERTYSINGLEVALUE('NetVolume',$,IFCVOLUMEMEASURE(0.0043),$);
#637= IFCPROPERTYSINGLEVALUE('GrossWeight',$,IFCMASSMEASURE(32.37146),$);
#638= IFCPROPERTYSINGLEVALUE('NetWeight',$,IFCMASSMEASURE(33.75893),$);
#639= IFCPROPERTYSET('36D_n42uHC$BYZQU05rHud',$,'Qto_ColumnBaseQuantities','Base quantities that are common to the definition of all occurrences of columns.',(#631,#219,#632,#633,#634,#635,#636,#637,#638));
#640= IFCCARTESIANPOINT((2189.99979,374.9827,663.69976));
#641= IFCAXIS2PLACEMENT3D(#640,#25,#85);
#642= IFCLOCALPLACEMENT(#134,#641);
#643= IFCCARTESIANPOINTLIST2D(((0.,0.),(49.99992,0.),(49.99992,1050.00024),(2.E-05,1050.00024)));
#644= IFCINDEXEDPOLYCURVE(#643,(IFCLINEINDEX((1,2,3,4,1))),$);
#645= IFCARBITRARYCLOSEDPROFILEDEF(.AREA.,'PL10',#644);
#646= IFCEXTRUDEDAREASOLID(#645,#434,#50,10.);
#647= IFCSHAPEREPRESENTATION(#55,'Body','SolidModel',(#646));
#648= IFCCARTESIANPOINT((24.99997,525.00009,0.));
#649= IFCSHAPEREPRESENTATION(#58,'CoG','Point',(#648));
#650= IFCPRODUCTDEFINITIONSHAPE($,$,(#647,#649));
#651= IFCPLATE('1f2Q4M0009_34tDZ8oDJGu',$,'LADDER','PL10',$,#642,#650,'S235JR',.NOTDEFINED.);
#652= IFCPROPERTYSINGLEVALUE('Perimeter',$,IFCLENGTHMEASURE(2200.00032),$);
#653= IFCPROPERTYSINGLEVALUE('GrossArea',$,IFCAREAMEASURE(0.0525),$);
#654= IFCPROPERTYSINGLEVALUE('NetArea',$,IFCAREAMEASURE(0.127),$);
#655= IFCPROPERTYSINGLEVALUE('GrossVolume',$,IFCVOLUMEMEASURE(0.00052),$);
#656= IFCPROPERTYSINGLEVALUE('NetVolume',$,IFCVOLUMEMEASURE(0.00052),$);
#657= IFCPROPERTYSINGLEVALUE('GrossWeight',$,IFCMASSMEASURE(4.12124),$);
#658= IFCPROPERTYSINGLEVALUE('NetWeight',$,IFCMASSMEASURE(4.12124),$);
#659= IFCPROPERTYSET('3h2_A149v6CgxmtQfUSBCV',$,'Qto_PlateBaseQuantities','Base quantities that are common to the definition of all occurrences of plates.',(#444,#652,#653,#654,#655,#656,#657,#658));
#660= IFCCARTESIANPOINT((2189.99979,159.55137,640.));
#661= IFCAXIS2PLACEMENT3D(#660,#25,#85);
#662= IFCLOCALPLACEMENT(#134,#661);
#663= IFCSHAPEREPRESENTATION(#55,'Body','SolidModel',(#646));
#664= IFCSHAPEREPRESENTATION(#58,'CoG','Point',(#648));
#665= IFCPRODUCTDEFINITIONSHAPE($,$,(#663,#664));
#666= IFCPLATE('1f2Q4M0009_p4tDZ8oDJGu',$,'LADDER','PL10',$,#662,#665,'S235JR',.NOTDEFINED.);
#667= IFCCARTESIANPOINT((240.,0.,25.));
#668= IFCAXIS2PLACEMENT3D(#667,#85,#25);
#669= IFCLOCALPLACEMENT(#134,#668);
#670= IFCSHAPEREPRESENTATION(#55,'Body','SolidModel',(#478));
#671= IFCSHAPEREPRESENTATION(#212,'Axis','Curve3D',(#481));
#672= IFCSHAPEREPRESENTATION(#58,'CoG','Point',(#214));
#673= IFCPRODUCTDEFINITIONSHAPE($,$,(#670,#671,#672));
#674= IFCBEAM('1f2Q4M0009$Z4tDZ8oDJGu',$,'LADDER','CFCHS28*2.5',$,#669,#673,'S235JR',.NOTDEFINED.);
#675= IFCCARTESIANPOINT((-5.,-40.,675.));
#676= IFCAXIS2PLACEMENT3D(#675,#39,#40);
#677= IFCLOCALPLACEMENT(#134,#676);
#678= IFCCARTESIANPOINTLIST2D(((0.,0.),(80.,0.),(80.,150.),(0.,150.)));
#679= IFCINDEXEDPOLYCURVE(#678,(IFCLINEINDEX((1,2,3,4,1))),$);
#680= IFCARBITRARYCLOSEDPROFILEDEF(.AREA.,'10',#679);
#681= IFCEXTRUDEDAREASOLID(#680,#434,#50,10.);
#682= IFCSHAPEREPRESENTATION(#55,'Body','SolidModel',(#681));
#683= IFCCARTESIANPOINT((40.,75.,0.));
#684= IFCSHAPEREPRESENTATION(#58,'CoG','Point',(#683));
#685= IFCPRODUCTDEFINITIONSHAPE($,$,(#682,#684));
#686= IFCPLATE('1f2Q4M000A0Z4tDZ8oDJGu',$,'PLATE','10',$,#677,#685,'S235JR',.NOTDEFINED.);
#687= IFCPROPERTYSINGLEVALUE('Perimeter',$,IFCLENGTHMEASURE(460.),$);
#688= IFCPROPERTYSINGLEVALUE('GrossArea',$,IFCAREAMEASURE(0.012),$);
#689= IFCPROPERTYSINGLEVALUE('NetArea',$,IFCAREAMEASURE(0.0286),$);
#690= IFCPROPERTYSINGLEVALUE('GrossWeight',$,IFCMASSMEASURE(0.942),$);
#691= IFCPROPERTYSINGLEVALUE('NetWeight',$,IFCMASSMEASURE(0.942),$);
#692= IFCPROPERTYSET('0Kzdln4RPCKe6F5SCdo$tx',$,'Qto_PlateBaseQuantities','Base quantities that are common to the definition of all occurrences of plates.',(#444,#687,#688,#689,#74,#75,#690,#691));
#693= IFCCARTESIANPOINT((2215.,-25.,-30.));
#694= IFCAXIS2PLACEMENT3D(#693,#50,#40);
#695= IFCLOCALPLACEMENT(#134,#694);
#696= IFCSHAPEREPRESENTATION(#55,'Body','Tessellation',(#399));
#697= IFCSHAPEREPRESENTATION(#58,'CoG','Point',(#401));
#698= IFCPRODUCTDEFINITIONSHAPE($,$,(#696,#697));
#699= IFCBEAM('1f2Q4M000A0p4tDZ8oDJGu',$,'LADDER','PL10*50',$,#695,#698,'S235JR',.NOTDEFINED.);
#700= IFCCARTESIANPOINT((-5.,-40.,75.));
#701= IFCAXIS2PLACEMENT3D(#700,#39,#40);
#702= IFCLOCALPLACEMENT(#134,#701);
#703= IFCSHAPEREPRESENTATION(#55,'Body','SolidModel',(#681));
#704= IFCSHAPEREPRESENTATION(#58,'CoG','Point',(#683));
#705= IFCPRODUCTDEFINITIONSHAPE($,$,(#703,#704));
#706= IFCPLATE('1f2Q4M000A2J4tDZ8oDJGu',$,'PLATE','10',$,#702,#705,'S235JR',.NOTDEFINED.);
#707= IFCLOCALPLACEMENT(#134,#26);
#708= IFCEXTRUDEDAREASOLID(#203,#204,#50,7615.);
#709= IFCSHAPEREPRESENTATION(#55,'Body','SolidModel',(#708));
#710= IFCCARTESIANPOINTLIST3D(((0.,0.,0.),(7615.,0.,0.)));
#711= IFCINDEXEDPOLYCURVE(#710,(IFCLINEINDEX((1,2))),$);
#712= IFCSHAPEREPRESENTATION(#212,'Axis','Curve3D',(#711));
#713= IFCCARTESIANPOINT((3807.5,0.,0.));
#714= IFCSHAPEREPRESENTATION(#58,'CoG','Point',(#713));
#715= IFCPRODUCTDEFINITIONSHAPE($,$,(#709,#712,#714));
#716= IFCCOLUMN('1f2Q4M000A2Z4tDZ8oDJGu',$,'LADDER','CFRHS50X50X3',$,#707,#715,'S235JR',.NOTDEFINED.);
#717= IFCPROPERTYSINGLEVALUE('Length',$,IFCLENGTHMEASURE(7615.),$);
#718= IFCPROPERTYSINGLEVALUE('OuterSurfaceArea',$,IFCAREAMEASURE(1.44457),$);
#719= IFCPROPERTYSINGLEVALUE('GrossSurfaceArea',$,IFCAREAMEASURE(1.44457),$);
#720= IFCPROPERTYSINGLEVALUE('NetSurfaceArea',$,IFCAREAMEASURE(1.5236),$);
#721= IFCPROPERTYSINGLEVALUE('GrossWeight',$,IFCMASSMEASURE(32.329),$);
#722= IFCPROPERTYSINGLEVALUE('NetWeight',$,IFCMASSMEASURE(33.71465),$);
#723= IFCPROPERTYSET('3VE5Ur3evA9x3PWpRt$x1P',$,'Qto_ColumnBaseQuantities','Base quantities that are common to the definition of all occurrences of columns.',(#717,#219,#718,#719,#720,#635,#636,#721,#722));
#724= IFCCARTESIANPOINT((2189.99979,603.64168,562.62745));
#725= IFCAXIS2PLACEMENT3D(#724,#553,#552);
#726= IFCLOCALPLACEMENT(#134,#725);
#727= IFCSHAPEREPRESENTATION(#55,'Body','SolidModel',(#559));
#728= IFCSHAPEREPRESENTATION(#58,'CoG','Point',(#561));
#729= IFCPRODUCTDEFINITIONSHAPE($,$,(#727,#728));
#730= IFCPLATE('1f2Q4M000A3J4tDZ8oDJGu',$,'LADDER','PL10',$,#726,#729,'S235JR',.NOTDEFINED.);
#731= IFCCARTESIANPOINT((0.,713.28434,274.22798));
#732= IFCDIRECTION((0.,-2.03E-07,1.));
#733= IFCDIRECTION((3.E-09,1.,2.03E-07));
#734= IFCAXIS2PLACEMENT3D(#731,#733,#732);
#735= IFCLOCALPLACEMENT(#134,#734);
#736= IFCCARTESIANPOINTLIST2D(((0.,0.),(50.00001,0.),(50.,7615.),(0.,7615.)));
#737= IFCINDEXEDPOLYCURVE(#736,(IFCLINEINDEX((1,2,3,4,1))),$);
#738= IFCARBITRARYCLOSEDPROFILEDEF(.AREA.,'PL10',#737);
#739= IFCEXTRUDEDAREASOLID(#738,#434,#50,10.);
#740= IFCSHAPEREPRESENTATION(#55,'Body','SolidModel',(#739));
#741= IFCCARTESIANPOINT((25.,3807.4999,0.));
#742= IFCSHAPEREPRESENTATION(#58,'CoG','Point',(#741));
#743= IFCPRODUCTDEFINITIONSHAPE($,$,(#740,#742));
#744= IFCPLATE('1f2Q4M000A434tDZ8oDJGu',$,'LADDER','PL10',$,#735,#743,'S235JR',.NOTDEFINED.);
#745= IFCPROPERTYSINGLEVALUE('Perimeter',$,IFCLENGTHMEASURE(15330.00001),$);
#746= IFCPROPERTYSINGLEVALUE('GrossArea',$,IFCAREAMEASURE(0.38075),$);
#747= IFCPROPERTYSINGLEVALUE('NetArea',$,IFCAREAMEASURE(0.9148),$);
#748= IFCPROPERTYSINGLEVALUE('GrossVolume',$,IFCVOLUMEMEASURE(0.00381),$);
#749= IFCPROPERTYSINGLEVALUE('NetVolume',$,IFCVOLUMEMEASURE(0.00381),$);
#750= IFCPROPERTYSINGLEVALUE('GrossWeight',$,IFCMASSMEASURE(29.88888),$);
#751= IFCPROPERTYSINGLEVALUE('NetWeight',$,IFCMASSMEASURE(29.88888),$);
#752= IFCPROPERTYSET('3JlgJxRITAjfPoWukPed5D',$,'Qto_PlateBaseQuantities','Base quantities that are common to the definition of all occurrences of plates.',(#444,#745,#746,#747,#748,#749,#750,#751));
#753= IFCCARTESIANPOINT((0.,349.9827,-65.24379));
#754= IFCAXIS2PLACEMENT3D(#753,#25,#85);
#755= IFCLOCALPLACEMENT(#134,#754);
#756= IFCCARTESIANPOINTLIST2D(((0.,0.),(49.99992,0.),(49.99992,7615.),(2.E-05,7615.)));
#757= IFCINDEXEDPOLYCURVE(#756,(IFCLINEINDEX((1,2,3,4,1))),$);
#758= IFCARBITRARYCLOSEDPROFILEDEF(.AREA.,'PL10',#757);
#759= IFCEXTRUDEDAREASOLID(#758,#434,#50,10.);
#760= IFCSHAPEREPRESENTATION(#55,'Body','SolidModel',(#759));
#761= IFCSHAPEREPRESENTATION(#58,'CoG','Point',(#741));
#762= IFCPRODUCTDEFINITIONSHAPE($,$,(#760,#761));
#763= IFCPLATE('1f2Q4M000A4p4tDZ8oDJGu',$,'LADDER','PL10',$,#755,#762,'S235JR',.NOTDEFINED.);
#764= IFCPROPERTYSINGLEVALUE('Perimeter',$,IFCLENGTHMEASURE(15329.99983),$);
#765= IFCPROPERTYSET('1JHkMx20L0zfpJYyjJ5Mb3',$,'Qto_PlateBaseQuantities','Base quantities that are common to the definition of all occurrences of plates.',(#444,#764,#746,#747,#748,#749,#750,#751));
#766= IFCCARTESIANPOINT((0.,603.64168,35.82851));
#767= IFCDIRECTION((0.,-0.7671722778,-0.6414411089));
#768= IFCDIRECTION((-1.4E-09,-0.6414411089,0.7671722778));
#769= IFCAXIS2PLACEMENT3D(#766,#768,#767);
#770= IFCLOCALPLACEMENT(#134,#769);
#771= IFCCARTESIANPOINTLIST2D(((0.,0.),(50.00002,0.),(50.00002,7615.),(1.E-05,7615.)));
#772= IFCINDEXEDPOLYCURVE(#771,(IFCLINEINDEX((1,2,3,4,1))),$);
#773= IFCARBITRARYCLOSEDPROFILEDEF(.AREA.,'PL10',#772);
#774= IFCEXTRUDEDAREASOLID(#773,#434,#50,10.);
#775= IFCSHAPEREPRESENTATION(#55,'Body','SolidModel',(#774));
#776= IFCSHAPEREPRESENTATION(#58,'CoG','Point',(#741));
#777= IFCPRODUCTDEFINITIONSHAPE($,$,(#775,#776));
#778= IFCPLATE('1f2Q4M000A5Z4tDZ8oDJGu',$,'LADDER','PL10',$,#770,#777,'S235JR',.NOTDEFINED.);
#779= IFCPROPERTYSINGLEVALUE('Perimeter',$,IFCLENGTHMEASURE(15330.00003),$);
#780= IFCPROPERTYSET('20tXziVdr3K8vhtcGBMynH',$,'Qto_PlateBaseQuantities','Base quantities that are common to the definition of all occurrences of plates.',(#444,#779,#746,#747,#748,#749,#750,#751));
#781= IFCCARTESIANPOINT((0.,134.55137,-40.));
#782= IFCAXIS2PLACEMENT3D(#781,#25,#85);
#783= IFCLOCALPLACEMENT(#134,#782);
#784= IFCSHAPEREPRESENTATION(#55,'Body','SolidModel',(#759));
#785= IFCSHAPEREPRESENTATION(#58,'CoG','Point',(#741));
#786= IFCPRODUCTDEFINITIONSHAPE($,$,(#784,#785));
#787= IFCPLATE('1f2Q4M000A6J4tDZ8oDJGu',$,'LADDER','PL10',$,#783,#786,'S235JR',.NOTDEFINED.);
#788= IFCCARTESIANPOINT((3215.,-25.,-30.));
#789= IFCAXIS2PLACEMENT3D(#788,#50,#40);
#790= IFCLOCALPLACEMENT(#134,#789);
#791= IFCPOLYGONALFACESET(#343,.T.,(#143,#344,#345,#346,#347,#348,#349,#350,#351,#352,#353,#354,#355,#356,#357,#358,#359,#360,#361,#362,#363,#364,#365,#366,#367,#368,#369,#370,#371,#372,#373,#374,#375,#376,#377,#378,#379,#380,#381,#382,#383,#384,#385,#386,#387,#388,#389,#390,#391,#392,#393,#394,#395,#396,#397,#398),$);
#792= IFCSHAPEREPRESENTATION(#55,'Body','Tessellation',(#791));
#793= IFCSHAPEREPRESENTATION(#58,'CoG','Point',(#401));
#794= IFCPRODUCTDEFINITIONSHAPE($,$,(#792,#793));
#795= IFCBEAM('1f2Q4M000A734tDZ8oDJGu',$,'LADDER','PL10*50',$,#790,#794,'S235JR',.NOTDEFINED.);
#796= IFCCARTESIANPOINT((1065.,-25.,-30.));
#797= IFCAXIS2PLACEMENT3D(#796,#50,#40);
#798= IFCLOCALPLACEMENT(#134,#797);
#799= IFCSHAPEREPRESENTATION(#55,'Body','Tessellation',(#175));
#800= IFCSHAPEREPRESENTATION(#58,'CoG','Point',(#177));
#801= IFCPRODUCTDEFINITIONSHAPE($,$,(#799,#800));
#802= IFCBEAM('1f2Q4M000A7p4tDZ8oDJGu',$,'LADDER','PL10*50',$,#798,#801,'S235JR',.NOTDEFINED.);
#803= IFCCARTESIANPOINT((490.,0.,25.));
#804= IFCAXIS2PLACEMENT3D(#803,#85,#25);
#805= IFCLOCALPLACEMENT(#134,#804);
#806= IFCSHAPEREPRESENTATION(#55,'Body','SolidModel',(#478));
#807= IFCSHAPEREPRESENTATION(#212,'Axis','Curve3D',(#481));
#808= IFCSHAPEREPRESENTATION(#58,'CoG','Point',(#214));
#809= IFCPRODUCTDEFINITIONSHAPE($,$,(#806,#807,#808));
#810= IFCBEAM('1f2Q4M000A8Z4tDZ8oDJGu',$,'LADDER','CFCHS28*2.5',$,#805,#809,'S235JR',.NOTDEFINED.);
#811= IFCCARTESIANPOINT((740.,0.,25.));
#812= IFCAXIS2PLACEMENT3D(#811,#85,#25);
#813= IFCLOCALPLACEMENT(#134,#812);
#814= IFCSHAPEREPRESENTATION(#55,'Body','SolidModel',(#478));
#815= IFCSHAPEREPRESENTATION(#212,'Axis','Curve3D',(#481));
#816= IFCSHAPEREPRESENTATION(#58,'CoG','Point',(#214));
#817= IFCPRODUCTDEFINITIONSHAPE($,$,(#814,#815,#816));
#818= IFCBEAM('1f2Q4M000A9J4tDZ8oDJGu',$,'LADDER','CFCHS28*2.5',$,#813,#817,'S235JR',.NOTDEFINED.);
#819= IFCCARTESIANPOINT((990.,0.,25.));
#820= IFCAXIS2PLACEMENT3D(#819,#85,#25);
#821= IFCLOCALPLACEMENT(#134,#820);
#822= IFCSHAPEREPRESENTATION(#55,'Body','SolidModel',(#478));
#823= IFCSHAPEREPRESENTATION(#212,'Axis','Curve3D',(#481));
#824= IFCSHAPEREPRESENTATION(#58,'CoG','Point',(#214));
#825= IFCPRODUCTDEFINITIONSHAPE($,$,(#822,#823,#824));
#826= IFCBEAM('1f2Q4M000AA34tDZ8oDJGu',$,'LADDER','CFCHS28*2.5',$,#821,#825,'S235JR',.NOTDEFINED.);
#827= IFCCARTESIANPOINT((1240.,0.,25.));
#828= IFCAXIS2PLACEMENT3D(#827,#85,#25);
#829= IFCLOCALPLACEMENT(#134,#828);
#830= IFCSHAPEREPRESENTATION(#55,'Body','SolidModel',(#478));
#831= IFCSHAPEREPRESENTATION(#212,'Axis','Curve3D',(#481));
#832= IFCSHAPEREPRESENTATION(#58,'CoG','Point',(#214));
#833= IFCPRODUCTDEFINITIONSHAPE($,$,(#830,#831,#832));
#834= IFCBEAM('1f2Q4M000AAp4tDZ8oDJGu',$,'LADDER','CFCHS28*2.5',$,#829,#833,'S235JR',.NOTDEFINED.);
#835= IFCCARTESIANPOINT((1490.,0.,25.));
#836= IFCAXIS2PLACEMENT3D(#835,#85,#25);
#837= IFCLOCALPLACEMENT(#134,#836);
#838= IFCSHAPEREPRESENTATION(#55,'Body','SolidModel',(#478));
#839= IFCSHAPEREPRESENTATION(#212,'Axis','Curve3D',(#481));
#840= IFCSHAPEREPRESENTATION(#58,'CoG','Point',(#214));
#841= IFCPRODUCTDEFINITIONSHAPE($,$,(#838,#839,#840));
#842= IFCBEAM('1f2Q4M000ABZ4tDZ8oDJGu',$,'LADDER','CFCHS28*2.5',$,#837,#841,'S235JR',.NOTDEFINED.);
#843= IFCCARTESIANPOINT((1740.,0.,25.));
#844= IFCAXIS2PLACEMENT3D(#843,#85,#25);
#845= IFCLOCALPLACEMENT(#134,#844);
#846= IFCSHAPEREPRESENTATION(#55,'Body','SolidModel',(#478));
#847= IFCSHAPEREPRESENTATION(#212,'Axis','Curve3D',(#481));
#848= IFCSHAPEREPRESENTATION(#58,'CoG','Point',(#214));
#849= IFCPRODUCTDEFINITIONSHAPE($,$,(#846,#847,#848));
#850= IFCBEAM('1f2Q4M000ACJ4tDZ8oDJGu',$,'LADDER','CFCHS28*2.5',$,#845,#849,'S235JR',.NOTDEFINED.);
#851= IFCCARTESIANPOINT((1990.,0.,25.));
#852= IFCAXIS2PLACEMENT3D(#851,#85,#25);
#853= IFCLOCALPLACEMENT(#134,#852);
#854= IFCSHAPEREPRESENTATION(#55,'Body','SolidModel',(#478));
#855= IFCSHAPEREPRESENTATION(#212,'Axis','Curve3D',(#481));
#856= IFCSHAPEREPRESENTATION(#58,'CoG','Point',(#214));
#857= IFCPRODUCTDEFINITIONSHAPE($,$,(#854,#855,#856));
#858= IFCBEAM('1f2Q4M000AD34tDZ8oDJGu',$,'LADDER','CFCHS28*2.5',$,#853,#857,'S235JR',.NOTDEFINED.);
#859= IFCCARTESIANPOINT((2240.,0.,25.));
#860= IFCAXIS2PLACEMENT3D(#859,#85,#25);
#861= IFCLOCALPLACEMENT(#134,#860);
#862= IFCSHAPEREPRESENTATION(#55,'Body','SolidModel',(#478));
#863= IFCSHAPEREPRESENTATION(#212,'Axis','Curve3D',(#481));
#864= IFCSHAPEREPRESENTATION(#58,'CoG','Point',(#214));
#865= IFCPRODUCTDEFINITIONSHAPE($,$,(#862,#863,#864));
#866= IFCBEAM('1f2Q4M000ADp4tDZ8oDJGu',$,'LADDER','CFCHS28*2.5',$,#861,#865,'S235JR',.NOTDEFINED.);
#867= IFCCARTESIANPOINT((2490.,0.,25.));
#868= IFCAXIS2PLACEMENT3D(#867,#85,#25);
#869= IFCLOCALPLACEMENT(#134,#868);
#870= IFCSHAPEREPRESENTATION(#55,'Body','SolidModel',(#478));
#871= IFCSHAPEREPRESENTATION(#212,'Axis','Curve3D',(#481));
#872= IFCSHAPEREPRESENTATION(#58,'CoG','Point',(#214));
#873= IFCPRODUCTDEFINITIONSHAPE($,$,(#870,#871,#872));
#874= IFCBEAM('1f2Q4M000AEZ4tDZ8oDJGu',$,'LADDER','CFCHS28*2.5',$,#869,#873,'S235JR',.NOTDEFINED.);
#875= IFCCARTESIANPOINT((2740.,0.,25.));
#876= IFCAXIS2PLACEMENT3D(#875,#85,#25);
#877= IFCLOCALPLACEMENT(#134,#876);
#878= IFCSHAPEREPRESENTATION(#55,'Body','SolidModel',(#478));
#879= IFCSHAPEREPRESENTATION(#212,'Axis','Curve3D',(#481));
#880= IFCSHAPEREPRESENTATION(#58,'CoG','Point',(#214));
#881= IFCPRODUCTDEFINITIONSHAPE($,$,(#878,#879,#880));
#882= IFCBEAM('1f2Q4M000AFJ4tDZ8oDJGu',$,'LADDER','CFCHS28*2.5',$,#877,#881,'S235JR',.NOTDEFINED.);
#883= IFCCARTESIANPOINT((2990.,0.,25.));
#884= IFCAXIS2PLACEMENT3D(#883,#85,#25);
#885= IFCLOCALPLACEMENT(#134,#884);
#886= IFCSHAPEREPRESENTATION(#55,'Body','SolidModel',(#478));
#887= IFCSHAPEREPRESENTATION(#212,'Axis','Curve3D',(#481));
#888= IFCSHAPEREPRESENTATION(#58,'CoG','Point',(#214));
#889= IFCPRODUCTDEFINITIONSHAPE($,$,(#886,#887,#888));
#890= IFCBEAM('1f2Q4M000AG34tDZ8oDJGu',$,'LADDER','CFCHS28*2.5',$,#885,#889,'S235JR',.NOTDEFINED.);
#891= IFCCARTESIANPOINT((3240.,0.,25.));
#892= IFCAXIS2PLACEMENT3D(#891,#85,#25);
#893= IFCLOCALPLACEMENT(#134,#892);
#894= IFCSHAPEREPRESENTATION(#55,'Body','SolidModel',(#478));
#895= IFCSHAPEREPRESENTATION(#212,'Axis','Curve3D',(#481));
#896= IFCSHAPEREPRESENTATION(#58,'CoG','Point',(#214));
#897= IFCPRODUCTDEFINITIONSHAPE($,$,(#894,#895,#896));
#898= IFCBEAM('1f2Q4M000AGp4tDZ8oDJGu',$,'LADDER','CFCHS28*2.5',$,#893,#897,'S235JR',.NOTDEFINED.);
#899= IFCCARTESIANPOINT((3490.,0.,25.));
#900= IFCAXIS2PLACEMENT3D(#899,#85,#25);
#901= IFCLOCALPLACEMENT(#134,#900);
#902= IFCSHAPEREPRESENTATION(#55,'Body','SolidModel',(#478));
#903= IFCSHAPEREPRESENTATION(#212,'Axis','Curve3D',(#481));
#904= IFCSHAPEREPRESENTATION(#58,'CoG','Point',(#214));
#905= IFCPRODUCTDEFINITIONSHAPE($,$,(#902,#903,#904));
#906= IFCBEAM('1f2Q4M000AHZ4tDZ8oDJGu',$,'LADDER','CFCHS28*2.5',$,#901,#905,'S235JR',.NOTDEFINED.);
#907= IFCCARTESIANPOINT((3740.,0.,25.));
#908= IFCAXIS2PLACEMENT3D(#907,#85,#25);
#909= IFCLOCALPLACEMENT(#134,#908);
#910= IFCSHAPEREPRESENTATION(#55,'Body','SolidModel',(#478));
#911= IFCSHAPEREPRESENTATION(#212,'Axis','Curve3D',(#481));
#912= IFCSHAPEREPRESENTATION(#58,'CoG','Point',(#214));
#913= IFCPRODUCTDEFINITIONSHAPE($,$,(#910,#911,#912));
#914= IFCBEAM('1f2Q4M000AIJ4tDZ8oDJGu',$,'LADDER','CFCHS28*2.5',$,#909,#913,'S235JR',.NOTDEFINED.);
#915= IFCCARTESIANPOINT((3990.,0.,25.));
#916= IFCAXIS2PLACEMENT3D(#915,#85,#25);
#917= IFCLOCALPLACEMENT(#134,#916);
#918= IFCSHAPEREPRESENTATION(#55,'Body','SolidModel',(#478));
#919= IFCSHAPEREPRESENTATION(#212,'Axis','Curve3D',(#481));
#920= IFCSHAPEREPRESENTATION(#58,'CoG','Point',(#214));
#921= IFCPRODUCTDEFINITIONSHAPE($,$,(#918,#919,#920));
#922= IFCBEAM('1f2Q4M000AJ34tDZ8oDJGu',$,'LADDER','CFCHS28*2.5',$,#917,#921,'S235JR',.NOTDEFINED.);
#923= IFCCARTESIANPOINT((4240.,0.,25.));
#924= IFCAXIS2PLACEMENT3D(#923,#85,#25);
#925= IFCLOCALPLACEMENT(#134,#924);
#926= IFCSHAPEREPRESENTATION(#55,'Body','SolidModel',(#478));
#927= IFCSHAPEREPRESENTATION(#212,'Axis','Curve3D',(#481));
#928= IFCSHAPEREPRESENTATION(#58,'CoG','Point',(#214));
#929= IFCPRODUCTDEFINITIONSHAPE($,$,(#926,#927,#928));
#930= IFCBEAM('1f2Q4M000AJp4tDZ8oDJGu',$,'LADDER','CFCHS28*2.5',$,#925,#929,'S235JR',.NOTDEFINED.);
#931= IFCCARTESIANPOINT((4490.,0.,25.));
#932= IFCAXIS2PLACEMENT3D(#931,#85,#25);
#933= IFCLOCALPLACEMENT(#134,#932);
#934= IFCSHAPEREPRESENTATION(#55,'Body','SolidModel',(#478));
#935= IFCSHAPEREPRESENTATION(#212,'Axis','Curve3D',(#481));
#936= IFCSHAPEREPRESENTATION(#58,'CoG','Point',(#214));
#937= IFCPRODUCTDEFINITIONSHAPE($,$,(#934,#935,#936));
#938= IFCBEAM('1f2Q4M000AKZ4tDZ8oDJGu',$,'LADDER','CFCHS28*2.5',$,#933,#937,'S235JR',.NOTDEFINED.);
#939= IFCRELAGGREGATES('1vZLONUnbBewJFWzD2tAkF',$,$,$,#135,(#180,#217,#239,#254,#272,#291,#303,#320,#328,#336,#404,#418,#426,#443,#459,#466,#485,#502,#510,#518,#526,#534,#542,#550,#564,#577,#584,#592,#600,#608,#616,#628,#651,#666,#674,#686,#699,#706,#716,#730,#744,#763,#778,#787,#795,#802,#810,#818,#826,#834,#842,#850,#858,#866,#874,#882,#890,#898,#906,#914,#922,#930,#938));
#940= IFCCARTESIANPOINT((23382.50409,-204.17016,11640.));
#941= IFCAXIS2PLACEMENT3D(#940,#39,#85);
#942= IFCLOCALPLACEMENT(#36,#941);
#943= IFCELEMENTASSEMBLY('1f2Q4M0006XZ4tDZ8oDJGu',$,'BEAM',$,$,#942,$,$,$,.NOTDEFINED.);
#944= IFCCARTESIANPOINT((300.77202,-39.98,-19.));
#945= IFCDIRECTION((0.,-0.079745222,0.9968152786));
#946= IFCAXIS2PLACEMENT3D(#944,#39,#945);
#947= IFCLOCALPLACEMENT(#942,#946);
#948= IFCCARTESIANPOINTLIST2D(((-0.79745,9.96815),(10.,0.),(40.1278,0.),(33.241,86.08497),(3.49639,81.29517),(-5.57898,69.7372)));
#949= IFCINDEXEDPOLYCURVE(#948,(IFCLINEINDEX((1,2,3,4,5,6,1))),$);
#950= IFCARBITRARYCLOSEDPROFILEDEF(.AREA.,'PL8',#949);
#951= IFCEXTRUDEDAREASOLID(#950,#49,#50,8.);
#952= IFCSHAPEREPRESENTATION(#55,'Body','SolidModel',(#951));
#953= IFCCARTESIANPOINT((17.52527,41.50975,0.));
#954= IFCSHAPEREPRESENTATION(#58,'CoG','Point',(#953));
#955= IFCPRODUCTDEFINITIONSHAPE($,$,(#952,#954));
#956= IFCPLATE('1f3PlH000KV34tDZ8rCJ0n',$,'PLATE','PL8',$,#947,#955,'S235JR',.NOTDEFINED.);
#957= IFCPROPERTYSINGLEVALUE('Perimeter',$,IFCLENGTHMEASURE(246.57559),$);
#958= IFCPROPERTYSINGLEVALUE('GrossArea',$,IFCAREAMEASURE(0.00345),$);
#959= IFCPROPERTYSINGLEVALUE('NetArea',$,IFCAREAMEASURE(0.00834),$);
#960= IFCPROPERTYSINGLEVALUE('GrossVolume',$,IFCVOLUMEMEASURE(3.E-05),$);
#961= IFCPROPERTYSINGLEVALUE('NetVolume',$,IFCVOLUMEMEASURE(3.E-05),$);
#962= IFCPROPERTYSINGLEVALUE('GrossWeight',$,IFCMASSMEASURE(0.21694),$);
#963= IFCPROPERTYSINGLEVALUE('NetWeight',$,IFCMASSMEASURE(0.20264),$);
#964= IFCPROPERTYSET('3kR8oSsgj64eKLTUe3oz0S',$,'Qto_PlateBaseQuantities','Base quantities that are common to the definition of all occurrences of plates.',(#70,#957,#958,#959,#960,#961,#962,#963));
#965= IFCLOCALPLACEMENT(#942,#26);
#966= IFCSURFACESTYLE('S275JR',.POSITIVE.,(#206));
#967= IFCCARTESIANPOINTLIST3D(((-246.72798,-50.,-25.),(-246.72798,50.,-25.),(1598.27202,50.,-25.),(1598.27202,-50.,-25.),(-246.72798,50.,25.),(1598.27202,50.,25.),(-246.72798,43.5,25.),(1598.27202,43.5,25.),(-246.72798,39.98,-19.),(1598.27202,39.98,-19.),(-246.72798,-39.98,-19.),(1598.27202,-39.98,-19.),(-246.72798,-43.5,25.),(1598.27202,-43.5,25.),(-246.72798,-50.,25.),(1598.27202,-50.,25.)));
#968= IFCINDEXEDPOLYGONALFACE((2,5,6,3));
#969= IFCINDEXEDPOLYGONALFACE((5,7,8,6));
#970= IFCINDEXEDPOLYGONALFACE((7,9,10,8));
#971= IFCINDEXEDPOLYGONALFACE((9,11,12,10));
#972= IFCINDEXEDPOLYGONALFACE((11,13,14,12));
#973= IFCINDEXEDPOLYGONALFACE((13,15,16,14));
#974= IFCINDEXEDPOLYGONALFACE((15,1,4,16));
#975= IFCINDEXEDPOLYGONALFACE((6,8,10,12,14,16,4,3));
#976= IFCINDEXEDPOLYGONALFACE((15,13,11,9,7,5,2,1));
#977= IFCPOLYGONALFACESET(#967,.T.,(#143,#968,#969,#970,#971,#972,#973,#974,#975,#976),$);
#978= IFCSHAPEREPRESENTATION(#55,'Body','Tessellation',(#977));
#979= IFCCARTESIANPOINTLIST3D(((0.,0.,0.),(1650.,0.,0.)));
#980= IFCINDEXEDPOLYCURVE(#979,(IFCLINEINDEX((1,2))),$);
#981= IFCSHAPEREPRESENTATION(#212,'Axis','Curve3D',(#980));
#982= IFCCARTESIANPOINT((675.77202,0.,-9.1607));
#983= IFCSHAPEREPRESENTATION(#58,'CoG','Point',(#982));
#984= IFCPRODUCTDEFINITIONSHAPE($,$,(#978,#981,#983));
#985= IFCBEAM('1f2Q4M0006Xp4tDZ8oDJGu',$,'BEAM','UNP100',$,#965,#984,'S275JR',.NOTDEFINED.);
#986= IFCPROPERTYSINGLEVALUE('Length',$,IFCLENGTHMEASURE(1845.),$);
#987= IFCPROPERTYSINGLEVALUE('CrossSectionArea',$,IFCAREAMEASURE(0.00135),$);
#988= IFCPROPERTYSINGLEVALUE('OuterSurfaceArea',$,IFCAREAMEASURE(0.68634),$);
#989= IFCPROPERTYSINGLEVALUE('GrossSurfaceArea',$,IFCAREAMEASURE(0.68634),$);
#990= IFCPROPERTYSINGLEVALUE('NetSurfaceArea',$,IFCAREAMEASURE(0.70604),$);
#991= IFCPROPERTYSINGLEVALUE('GrossVolume',$,IFCVOLUMEMEASURE(0.00249),$);
#992= IFCPROPERTYSINGLEVALUE('NetVolume',$,IFCVOLUMEMEASURE(0.00245),$);
#993= IFCPROPERTYSINGLEVALUE('GrossWeight',$,IFCMASSMEASURE(19.55239),$);
#994= IFCPROPERTYSINGLEVALUE('NetWeight',$,IFCMASSMEASURE(19.21753),$);
#995= IFCPROPERTYSET('1NkG74cEr3Nx02r4EkPtaS',$,'Qto_BeamBaseQuantities','Base quantities that are common to the definition of all occurrences of beams.',(#986,#987,#988,#989,#990,#991,#992,#993,#994));
#996= IFCPROPERTYSINGLEVALUE('ASSEMBLY_POS',$,IFCLABEL('PT/12'),$);
#997= IFCPROPERTYSET('3G2epVPaT4m9NOhQNFwIzD',$,'BEAM',$,(#996));
#998= IFCRELAGGREGATES('1x9A9v_Wb0LQ2fAy5IiCLw',$,$,$,#943,(#956,#985));
#999= IFCCARTESIANPOINT((23050.,-1860.71419,4045.));
#1000= IFCAXIS2PLACEMENT3D(#999,#39,#40);
#1001= IFCLOCALPLACEMENT(#36,#1000);
#1002= IFCELEMENTASSEMBLY('1f2Q4M0006ip4tDZ8oDJGu',$,'BEAM',$,$,#1001,$,$,$,.NOTDEFINED.);
#1003= IFCCARTESIANPOINT((1629.04403,-62.16,27.));
#1004= IFCDIRECTION((0.,0.079745222,-0.9968152786));
#1005= IFCAXIS2PLACEMENT3D(#1003,#24,#1004);
#1006= IFCLOCALPLACEMENT(#1001,#1005);
#1007= IFCCARTESIANPOINTLIST2D(((0.,0.),(40.15974,0.),(50.9572,9.96815),(58.63826,105.9814),(49.5629,117.53938),(9.91393,123.92408)));
#1008= IFCINDEXEDPOLYCURVE(#1007,(IFCLINEINDEX((1,2,3,4,5,6,1))),$);
#1009= IFCARBITRARYCLOSEDPROFILEDEF(.AREA.,'PL8',#1008);
#1010= IFCEXTRUDEDAREASOLID(#1009,#49,#50,8.);
#1011= IFCSHAPEREPRESENTATION(#55,'Body','SolidModel',(#1010));
#1012= IFCCARTESIANPOINT((29.23247,60.02,0.));
#1013= IFCSHAPEREPRESENTATION(#58,'CoG','Point',(#1012));
#1014= IFCPRODUCTDEFINITIONSHAPE($,$,(#1011,#1013));
#1015= IFCPLATE('1f2Q4M000EYZ4tDZ8oDJGu',$,'PLATE','PL8',$,#1006,#1014,'S235JR',.NOTDEFINED.);
#1016= IFCPROPERTYSINGLEVALUE('Perimeter',$,IFCLENGTHMEASURE(340.95949),$);
#1017= IFCPROPERTYSINGLEVALUE('GrossArea',$,IFCAREAMEASURE(0.00622),$);
#1018= IFCPROPERTYSINGLEVALUE('NetArea',$,IFCAREAMEASURE(0.01448),$);
#1019= IFCPROPERTYSINGLEVALUE('GrossVolume',$,IFCVOLUMEMEASURE(5.E-05),$);
#1020= IFCPROPERTYSINGLEVALUE('NetVolume',$,IFCVOLUMEMEASURE(5.E-05),$);
#1021= IFCPROPERTYSINGLEVALUE('GrossWeight',$,IFCMASSMEASURE(0.39036),$);
#1022= IFCPROPERTYSINGLEVALUE('NetWeight',$,IFCMASSMEASURE(0.37154),$);
#1023= IFCPROPERTYSET('1IU$88Xlv4Ffhqbh3kUHsZ',$,'Qto_PlateBaseQuantities','Base quantities that are common to the definition of all occurrences of plates.',(#70,#1016,#1017,#1018,#1019,#1020,#1021,#1022));
#1024= IFCLOCALPLACEMENT(#1001,#26);
#1025= IFCCARTESIANPOINTLIST3D(((8.,-70.,-30.),(8.,70.,-30.),(2257.02202,70.,-30.),(2257.02202,-70.,-30.),(8.,70.,30.),(2257.02202,70.,30.),(8.,62.4,30.),(2257.02202,62.4,30.),(8.,58.16,-23.),(2257.02202,58.16,-23.),(8.,-58.16,-23.),(2257.02202,-58.16,-23.),(8.,-62.4,30.),(2257.02202,-62.4,30.),(8.,-70.,30.),(2257.02202,-70.,30.)));
#1026= IFCPOLYGONALFACESET(#1025,.T.,(#143,#968,#969,#970,#971,#972,#973,#974,#975,#976),$);
#1027= IFCSHAPEREPRESENTATION(#55,'Body','Tessellation',(#1026));
#1028= IFCCARTESIANPOINTLIST3D(((0.,0.,0.),(2257.,0.,0.)));
#1029= IFCINDEXEDPOLYCURVE(#1028,(IFCLINEINDEX((1,2))),$);
#1030= IFCSHAPEREPRESENTATION(#212,'Axis','Curve3D',(#1029));
#1031= IFCCARTESIANPOINT((1132.51101,0.,-12.11196));
#1032= IFCSHAPEREPRESENTATION(#58,'CoG','Point',(#1031));
#1033= IFCPRODUCTDEFINITIONSHAPE($,$,(#1027,#1030,#1032));
#1034= IFCBEAM('1f2Q4M0006j34tDZ8oDJGu',$,'BEAM','UNP140',$,#1024,#1033,'S275JR',.NOTDEFINED.);
#1035= IFCPROPERTYSINGLEVALUE('Length',$,IFCLENGTHMEASURE(2249.02202),$);
#1036= IFCPROPERTYSINGLEVALUE('CrossSectionArea',$,IFCAREAMEASURE(0.00204),$);
#1037= IFCPROPERTYSINGLEVALUE('OuterSurfaceArea',$,IFCAREAMEASURE(1.09977),$);
#1038= IFCPROPERTYSINGLEVALUE('GrossSurfaceArea',$,IFCAREAMEASURE(1.09977),$);
#1039= IFCPROPERTYSINGLEVALUE('NetSurfaceArea',$,IFCAREAMEASURE(1.12372),$);
#1040= IFCPROPERTYSINGLEVALUE('GrossVolume',$,IFCVOLUMEMEASURE(0.00459),$);
#1041= IFCPROPERTYSINGLEVALUE('NetVolume',$,IFCVOLUMEMEASURE(0.00452),$);
#1042= IFCPROPERTYSINGLEVALUE('GrossWeight',$,IFCMASSMEASURE(36.01584),$);
#1043= IFCPROPERTYSINGLEVALUE('NetWeight',$,IFCMASSMEASURE(35.49184),$);
#1044= IFCPROPERTYSET('30uOZE9s1Cq9UTvfc83szi',$,'Qto_BeamBaseQuantities','Base quantities that are common to the definition of all occurrences of beams.',(#1035,#1036,#1037,#1038,#1039,#1040,#1041,#1042,#1043));
#1045= IFCPROPERTYSINGLEVALUE('ASSEMBLY_POS',$,IFCLABEL('PT/9'),$);
#1046= IFCPROPERTYSET('1bN3Vg2GHAyQIv$cXPO7HM',$,'BEAM',$,(#1045));
#1047= IFCRELAGGREGATES('3J9lBjiuT7ChJ3keOpq4Xx',$,$,$,#1002,(#1015,#1034));
#1048= IFCCARTESIANPOINT((23050.,-1860.71419,7495.));
#1049= IFCAXIS2PLACEMENT3D(#1048,#39,#40);
#1050= IFCLOCALPLACEMENT(#36,#1049);
#1051= IFCELEMENTASSEMBLY('1f2Q4M0007Q34tDZ8oDJGu',$,'BEAM',$,$,#1050,$,$,$,.NOTDEFINED.);
#1052= IFCCARTESIANPOINT((1601.54403,-62.16,27.));
#1053= IFCAXIS2PLACEMENT3D(#1052,#24,#1004);
#1054= IFCLOCALPLACEMENT(#1050,#1053);
#1055= IFCSHAPEREPRESENTATION(#55,'Body','SolidModel',(#1010));
#1056= IFCSHAPEREPRESENTATION(#58,'CoG','Point',(#1012));
#1057= IFCPRODUCTDEFINITIONSHAPE($,$,(#1055,#1056));
#1058= IFCPLATE('1f2Q4M000EaZ4tDZ8oDJGu',$,'PLATE','PL8',$,#1054,#1057,'S235JR',.NOTDEFINED.);
#1059= IFCCARTESIANPOINT((785.,-62.16,27.));
#1060= IFCAXIS2PLACEMENT3D(#1059,#24,#1004);
#1061= IFCLOCALPLACEMENT(#1050,#1060);
#1062= IFCSHAPEREPRESENTATION(#55,'Body','SolidModel',(#1010));
#1063= IFCSHAPEREPRESENTATION(#58,'CoG','Point',(#1012));
#1064= IFCPRODUCTDEFINITIONSHAPE($,$,(#1062,#1063));
#1065= IFCPLATE('1f2Q4M000E334tDZ8oDJGu',$,'PLATE','PL8',$,#1061,#1064,'S235JR',.NOTDEFINED.);
#1066= IFCLOCALPLACEMENT(#1050,#26);
#1067= IFCCARTESIANPOINTLIST3D(((8.77202,-70.,-30.),(8.77202,70.,-30.),(2257.02202,70.,-30.),(2257.02202,-70.,-30.),(8.77202,70.,30.),(2257.02202,70.,30.),(8.77202,62.4,30.),(2257.02202,62.4,30.),(8.77202,58.16,-23.),(2257.02202,58.16,-23.),(8.77202,-58.16,-23.),(2257.02202,-58.16,-23.),(8.77202,-62.4,30.),(2257.02202,-62.4,30.),(8.77202,-70.,30.),(2257.02202,-70.,30.)));
#1068= IFCPOLYGONALFACESET(#1067,.T.,(#143,#968,#969,#970,#971,#972,#973,#974,#975,#976),$);
#1069= IFCSHAPEREPRESENTATION(#55,'Body','Tessellation',(#1068));
#1070= IFCSHAPEREPRESENTATION(#212,'Axis','Curve3D',(#1029));
#1071= IFCCARTESIANPOINT((1132.89702,0.,-12.11196));
#1072= IFCSHAPEREPRESENTATION(#58,'CoG','Point',(#1071));
#1073= IFCPRODUCTDEFINITIONSHAPE($,$,(#1069,#1070,#1072));
#1074= IFCBEAM('1f2Q4M0007QJ4tDZ8oDJGu',$,'BEAM','UNP140',$,#1066,#1073,'S275JR',.NOTDEFINED.);
#1075= IFCPROPERTYSINGLEVALUE('Length',$,IFCLENGTHMEASURE(2248.25),$);
#1076= IFCPROPERTYSINGLEVALUE('OuterSurfaceArea',$,IFCAREAMEASURE(1.09939),$);
#1077= IFCPROPERTYSINGLEVALUE('GrossSurfaceArea',$,IFCAREAMEASURE(1.09939),$);
#1078= IFCPROPERTYSINGLEVALUE('NetSurfaceArea',$,IFCAREAMEASURE(1.12333),$);
#1079= IFCPROPERTYSINGLEVALUE('GrossWeight',$,IFCMASSMEASURE(36.00348),$);
#1080= IFCPROPERTYSINGLEVALUE('NetWeight',$,IFCMASSMEASURE(35.47966),$);
#1081= IFCPROPERTYSET('0tZxBZ$FjAlwBXPEgmjBTS',$,'Qto_BeamBaseQuantities','Base quantities that are common to the definition of all occurrences of beams.',(#1075,#1036,#1076,#1077,#1078,#1040,#1041,#1079,#1080));
#1082= IFCPROPERTYSINGLEVALUE('ASSEMBLY_POS',$,IFCLABEL('PT/10'),$);
#1083= IFCPROPERTYSET('1InZO6qNP0igfsfV2TxowT',$,'BEAM',$,(#1082));
#1084= IFCRELAGGREGATES('2bk1BFW5P7lQuTW$vjYotQ',$,$,$,#1051,(#1058,#1065,#1074));
#1085= IFCCARTESIANPOINT((22950.,-777.50218,5115.));
#1086= IFCAXIS2PLACEMENT3D(#1085,#85,#39);
#1087= IFCLOCALPLACEMENT(#36,#1086);
#1088= IFCELEMENTASSEMBLY('1f2Q4M0007S34tDZ8oDJGu',$,'Mevcut',$,$,#1087,$,$,$,.NOTDEFINED.);
#1089= IFCLOCALPLACEMENT(#1087,#26);
#1090= IFCCOLOURRGB($,0.709803921568627,0.403921568627451,0.2);
#1091= IFCSURFACESTYLERENDERING(#1090,0.,$,$,$,$,IFCNORMALISEDRATIOMEASURE(0.00390625),IFCSPECULAREXPONENT(10.),.NOTDEFINED.);
#1092= IFCSURFACESTYLE('S235JR',.POSITIVE.,(#1091));
#1093= IFCCARTESIANPOINTLIST3D(((10.025,-22.,2.05),(10.025,-22.,-2.05),(10.025,-44.3,-2.05),(10.025,-44.3,-27.5),(10.025,-50.,-27.5),(10.025,-50.,27.5),(10.025,-44.3,27.5),(10.025,-44.3,2.05),(-96.75,-22.,2.05),(-96.75,-22.,-2.05),(-96.75,44.3,-2.05),(-96.75,44.3,-27.5),(634.975,44.3,-27.5),(634.975,44.3,-2.05),(-96.75,44.3,27.5),(-96.75,44.3,2.05),(634.975,44.3,2.05),(634.975,44.3,27.5),(-96.75,50.,27.5),(634.975,50.,27.5),(-96.75,50.,-27.5),(634.975,50.,-27.5),(634.975,37.3,2.05),(634.975,37.3,-2.05),(670.45,37.3,2.05),(670.45,37.3,-2.05),(670.45,-37.3,2.05),(670.45,-37.3,-2.05),(634.975,-37.3,2.05),(634.975,-37.3,-2.05),(634.975,-44.3,2.05),(634.975,-44.3,27.5),(634.975,-50.,27.5),(634.975,-50.,-27.5),(634.975,-44.3,-27.5),(634.975,-44.3,-2.05)));
#1094= IFCINDEXEDPOLYGONALFACE((1,2,3,4,5,6,7,8));
#1095= IFCINDEXEDPOLYGONALFACE((9,10,2,1));
#1096= IFCINDEXEDPOLYGONALFACE((11,12,13,14));
#1097= IFCINDEXEDPOLYGONALFACE((15,16,17,18));
#1098= IFCINDEXEDPOLYGONALFACE((19,15,18,20));
#1099= IFCINDEXEDPOLYGONALFACE((21,19,20,22));
#1100= IFCINDEXEDPOLYGONALFACE((12,21,22,13));
#1101= IFCINDEXEDPOLYGONALFACE((20,18,17,23,24,14,13,22));
#1102= IFCINDEXEDPOLYGONALFACE((27,29,30,28));
#1103= IFCINDEXEDPOLYGONALFACE((31,32,33,34,35,36,30,29));
#1104= IFCINDEXEDPOLYGONALFACE((32,31,8,7));
#1105= IFCINDEXEDPOLYGONALFACE((33,32,7,6));
#1106= IFCINDEXEDPOLYGONALFACE((34,33,6,5));
#1107= IFCINDEXEDPOLYGONALFACE((35,34,5,4));
#1108= IFCINDEXEDPOLYGONALFACE((36,35,4,3));
#1109= IFCINDEXEDPOLYGONALFACE((11,14,24,26,28,30,36,3,2,10));
#1110= IFCINDEXEDPOLYGONALFACE((16,15,19,21,12,11,10,9));
#1111= IFCINDEXEDPOLYGONALFACE((31,29,27,25,23,17,16,9,1,8));
#1112= IFCPOLYGONALFACESET(#1093,.T.,(#1094,#1095,#1096,#1097,#1098,#1099,#1100,#1101,#154,#155,#1102,#1103,#1104,#1105,#1106,#1107,#1108,#1109,#1110,#1111),$);
#1113= IFCSHAPEREPRESENTATION(#55,'Body','Tessellation',(#1112));
#1114= IFCCARTESIANPOINTLIST3D(((0.,0.,0.),(700.,0.,0.)));
#1115= IFCINDEXEDPOLYCURVE(#1114,(IFCLINEINDEX((1,2))),$);
#1116= IFCSHAPEREPRESENTATION(#212,'Axis','Curve3D',(#1115));
#1117= IFCCARTESIANPOINT((294.64298,2.7476,0.));
#1118= IFCSHAPEREPRESENTATION(#58,'CoG','Point',(#1117));
#1119= IFCPRODUCTDEFINITIONSHAPE($,$,(#1113,#1116,#1118));
#1120= IFCBEAM('1f2Q4M0007SJ4tDZ8oDJGu',$,'Mevcut','IPE100',$,#1089,#1119,'S235JR',.NOTDEFINED.);
#1121= IFCPROPERTYSINGLEVALUE('Length',$,IFCLENGTHMEASURE(767.2),$);
#1122= IFCPROPERTYSINGLEVALUE('CrossSectionArea',$,IFCAREAMEASURE(0.00103),$);
#1123= IFCPROPERTYSINGLEVALUE('OuterSurfaceArea',$,IFCAREAMEASURE(0.30688),$);
#1124= IFCPROPERTYSINGLEVALUE('GrossSurfaceArea',$,IFCAREAMEASURE(0.30688),$);
#1125= IFCPROPERTYSINGLEVALUE('NetSurfaceArea',$,IFCAREAMEASURE(0.29204),$);
#1126= IFCPROPERTYSINGLEVALUE('GrossVolume',$,IFCVOLUMEMEASURE(0.00079),$);
#1127= IFCPROPERTYSINGLEVALUE('NetVolume',$,IFCVOLUMEMEASURE(0.00069),$);
#1128= IFCPROPERTYSINGLEVALUE('GrossWeight',$,IFCMASSMEASURE(6.2032),$);
#1129= IFCPROPERTYSINGLEVALUE('NetWeight',$,IFCMASSMEASURE(5.43386),$);
#1130= IFCPROPERTYSET('1DtczhXT57Ax9cjSNTKDpE',$,'Qto_BeamBaseQuantities','Base quantities that are common to the definition of all occurrences of beams.',(#1121,#1122,#1123,#1124,#1125,#1126,#1127,#1128,#1129));
#1131= IFCPROPERTYSINGLEVALUE('ASSEMBLY_POS',$,IFCLABEL('M/14'),$);
#1132= IFCPROPERTYSET('3v4CjON7PCMPTwSkoYBMSK',$,'BEAM',$,(#1131));
#1133= IFCCARTESIANPOINT((653.725,-44.15,-28.5));
#1134= IFCAXIS2PLACEMENT3D(#1133,#40,#25);
#1135= IFCLOCALPLACEMENT(#1089,#1134);
#1136= IFCCARTESIANPOINTLIST2D(((-6.85,-18.75),(6.85,-18.75),(6.85,18.75),(-6.85,18.75)));
#1137= IFCINDEXEDPOLYCURVE(#1136,(IFCLINEINDEX((1,2,3,4,1))),$);
#1138= IFCARBITRARYCLOSEDPROFILEDEF(.AREA.,'PL13.7*37.5',#1137);
#1139= IFCCOLOURRGB($,0.,0.,0.);
#1140= IFCSURFACESTYLERENDERING(#1139,0.,$,$,$,$,IFCNORMALISEDRATIOMEASURE(0.00390625),IFCSPECULAREXPONENT(10.),.NOTDEFINED.);
#1141= IFCSURFACESTYLE('FE510',.POSITIVE.,(#1140));
#1142= IFCEXTRUDEDAREASOLID(#1138,#204,#50,57.);
#1143= IFCGEOMETRICREPRESENTATIONSUBCONTEXT('Reference','Model',*,*,*,*,#28,$,.MODEL_VIEW.,$);
#1144= IFCSHAPEREPRESENTATION(#1143,'Reference','SolidModel',(#1142));
#1145= IFCPRODUCTDEFINITIONSHAPE($,$,(#1144));
#1146= IFCVOIDINGFEATURE('1f2Q4M000CUp4tDZ8oDJGu',$,'NOTCH','PL13.7*37.5',$,#1135,#1145,'(?)',.HOLE.);
#1147= IFCCARTESIANPOINT((653.725,44.15,-28.5));
#1148= IFCAXIS2PLACEMENT3D(#1147,#40,#25);
#1149= IFCLOCALPLACEMENT(#1089,#1148);
#1150= IFCSHAPEREPRESENTATION(#1143,'Reference','SolidModel',(#1142));
#1151= IFCPRODUCTDEFINITIONSHAPE($,$,(#1150));
#1152= IFCVOIDINGFEATURE('1f2Q4M000CVZ4tDZ8oDJGu',$,'NOTCH','PL13.7*37.5',$,#1149,#1151,'(?)',.HOLE.);
#1153= IFCCARTESIANPOINT((-44.375,-36.5,28.5));
#1154= IFCAXIS2PLACEMENT3D(#1153,#40,#50);
#1155= IFCLOCALPLACEMENT(#1089,#1154);
#1156= IFCCARTESIANPOINTLIST2D(((-14.5,-54.4),(14.5,-54.4),(14.5,54.4),(-14.5,54.4)));
#1157= IFCINDEXEDPOLYCURVE(#1156,(IFCLINEINDEX((1,2,3,4,1))),$);
#1158= IFCARBITRARYCLOSEDPROFILEDEF(.AREA.,'PL29*108.8',#1157);
#1159= IFCEXTRUDEDAREASOLID(#1158,#204,#50,57.);
#1160= IFCSHAPEREPRESENTATION(#1143,'Reference','SolidModel',(#1159));
#1161= IFCPRODUCTDEFINITIONSHAPE($,$,(#1160));
#1162= IFCVOIDINGFEATURE('1f2Q4M000Cap4tDZ8oDJGu',$,'NOTCH','PL29*108.8',$,#1155,#1161,'(?)',.HOLE.);
#1163= IFCRELAGGREGATES('0$rUPg0QfBIg0pCvT4kLNj',$,$,$,#1088,(#1120));
#1164= IFCCARTESIANPOINT((22277.5,-2855.77419,5115.));
#1165= IFCAXIS2PLACEMENT3D(#1164,#24,#40);
#1166= IFCLOCALPLACEMENT(#36,#1165);
#1167= IFCELEMENTASSEMBLY('1f2Q4M0007SZ4tDZ8oDJGu',$,'Mevcut',$,$,#1166,$,$,$,.NOTDEFINED.);
#1168= IFCLOCALPLACEMENT(#1166,#26);
#1169= IFCCARTESIANPOINTLIST2D(((-27.5,-50.),(27.5,-50.),(27.5,-44.3),(2.05,-44.3),(2.05,44.3),(27.5,44.3),(27.5,50.),(-27.5,50.),(-27.5,44.3),(-2.05,44.3),(-2.05,-44.3),(-27.5,-44.3)));
#1170= IFCINDEXEDPOLYCURVE(#1169,(IFCLINEINDEX((1,2,3,4,5,6,7,8,9,10,11,12,1))),$);
#1171= IFCARBITRARYCLOSEDPROFILEDEF(.AREA.,'IPE100',#1170);
#1172= IFCEXTRUDEDAREASOLID(#1171,#204,#50,4610.);
#1173= IFCSHAPEREPRESENTATION(#55,'Body','SolidModel',(#1172));
#1174= IFCCARTESIANPOINTLIST3D(((0.,0.,0.),(4610.,0.,0.)));
#1175= IFCINDEXEDPOLYCURVE(#1174,(IFCLINEINDEX((1,2))),$);
#1176= IFCSHAPEREPRESENTATION(#212,'Axis','Curve3D',(#1175));
#1177= IFCCARTESIANPOINT((2305.,0.,0.));
#1178= IFCSHAPEREPRESENTATION(#58,'CoG','Point',(#1177));
#1179= IFCPRODUCTDEFINITIONSHAPE($,$,(#1173,#1176,#1178));
#1180= IFCBEAM('1f2Q4M0007R34tDZ8oDJGu',$,'Mevcut','IPE100',$,#1168,#1179,'S235JR',.NOTDEFINED.);
#1181= IFCPROPERTYSINGLEVALUE('Length',$,IFCLENGTHMEASURE(4610.),$);
#1182= IFCPROPERTYSINGLEVALUE('OuterSurfaceArea',$,IFCAREAMEASURE(1.844),$);
#1183= IFCPROPERTYSINGLEVALUE('GrossSurfaceArea',$,IFCAREAMEASURE(1.844),$);
#1184= IFCPROPERTYSINGLEVALUE('NetSurfaceArea',$,IFCAREAMEASURE(1.90038),$);
#1185= IFCPROPERTYSINGLEVALUE('GrossVolume',$,IFCVOLUMEMEASURE(0.00475),$);
#1186= IFCPROPERTYSINGLEVALUE('NetVolume',$,IFCVOLUMEMEASURE(0.00457),$);
#1187= IFCPROPERTYSINGLEVALUE('GrossWeight',$,IFCMASSMEASURE(37.27416),$);
#1188= IFCPROPERTYSINGLEVALUE('NetWeight',$,IFCMASSMEASURE(35.83602),$);
#1189= IFCPROPERTYSET('3Uh11UU8PBbwzpOpP40NzE',$,'Qto_BeamBaseQuantities','Base quantities that are common to the definition of all occurrences of beams.',(#1181,#1122,#1182,#1183,#1184,#1185,#1186,#1187,#1188));
#1190= IFCPROPERTYSINGLEVALUE('ASSEMBLY_POS',$,IFCLABEL('M/16'),$);
#1191= IFCPROPERTYSET('1FUyM4h_b1eeyY0pIEkVRi',$,'BEAM',$,(#1190));
#1192= IFCRELAGGREGATES('3l08TE10bDlhbYd0UZTN2d',$,$,$,#1167,(#1180));
#1193= IFCCARTESIANPOINT((23050.,1754.22581,5070.));
#1194= IFCAXIS2PLACEMENT3D(#1193,#39,#85);
#1195= IFCLOCALPLACEMENT(#36,#1194);
#1196= IFCELEMENTASSEMBLY('1f2Q4M0007TJ4tDZ8oDJGu',$,'Mevcut',$,$,#1195,$,$,$,.NOTDEFINED.);
#1197= IFCLOCALPLACEMENT(#1195,#26);
#1198= IFCCARTESIANPOINTLIST2D(((-100.,-95.),(100.,-95.),(100.,-85.),(3.25,-85.),(3.25,85.),(100.,85.),(100.,95.),(-100.,95.),(-100.,85.),(-3.25,85.),(-3.25,-85.),(-100.,-85.)));
#1199= IFCINDEXEDPOLYCURVE(#1198,(IFCLINEINDEX((1,2,3,4,5,6,7,8,9,10,11,12,1))),$);
#1200= IFCARBITRARYCLOSEDPROFILEDEF(.AREA.,'HEA200',#1199);
#1201= IFCEXTRUDEDAREASOLID(#1200,#204,#50,1350.41798);
#1202= IFCSHAPEREPRESENTATION(#55,'Body','SolidModel',(#1201));
#1203= IFCCARTESIANPOINTLIST3D(((0.,0.,0.),(1350.4,0.,0.)));
#1204= IFCINDEXEDPOLYCURVE(#1203,(IFCLINEINDEX((1,2))),$);
#1205= IFCSHAPEREPRESENTATION(#212,'Axis','Curve3D',(#1204));
#1206= IFCCARTESIANPOINT((675.20899,0.,0.));
#1207= IFCSHAPEREPRESENTATION(#58,'CoG','Point',(#1206));
#1208= IFCPRODUCTDEFINITIONSHAPE($,$,(#1202,#1205,#1207));
#1209= IFCBEAM('1f2Q4M0007TZ4tDZ8oDJGu',$,'Mevcut','HEA200',$,#1197,#1208,'S235JR',.NOTDEFINED.);
#1210= IFCPROPERTYSINGLEVALUE('Length',$,IFCLENGTHMEASURE(1350.41798),$);
#1211= IFCPROPERTYSINGLEVALUE('CrossSectionArea',$,IFCAREAMEASURE(0.00538),$);
#1212= IFCPROPERTYSINGLEVALUE('OuterSurfaceArea',$,IFCAREAMEASURE(1.53407),$);
#1213= IFCPROPERTYSINGLEVALUE('GrossSurfaceArea',$,IFCAREAMEASURE(1.53407),$);
#1214= IFCPROPERTYSINGLEVALUE('NetSurfaceArea',$,IFCAREAMEASURE(1.58615),$);
#1215= IFCPROPERTYSINGLEVALUE('GrossVolume',$,IFCVOLUMEMEASURE(0.00727),$);
#1216= IFCPROPERTYSINGLEVALUE('NetVolume',$,IFCVOLUMEMEASURE(0.00689),$);
#1217= IFCPROPERTYSINGLEVALUE('GrossWeight',$,IFCMASSMEASURE(57.06401),$);
#1218= IFCPROPERTYSINGLEVALUE('NetWeight',$,IFCMASSMEASURE(54.11699),$);
#1219= IFCPROPERTYSET('3KsDyMK_n65OnnJQYpvxwa',$,'Qto_BeamBaseQuantities','Base quantities that are common to the definition of all occurrences of beams.',(#1210,#1211,#1212,#1213,#1214,#1215,#1216,#1217,#1218));
#1220= IFCPROPERTYSINGLEVALUE('ASSEMBLY_POS',$,IFCLABEL('M/12'),$);
#1221= IFCPROPERTYSET('3Sb0Pylf98rQzkqtQBUjhO',$,'BEAM',$,(#1220));
#1222= IFCRELAGGREGATES('2B3cDorAL5DP0a3mdzYRWv',$,$,$,#1196,(#1209));
#1223= IFCCARTESIANPOINT((23050.,396.30782,5070.));
#1224= IFCAXIS2PLACEMENT3D(#1223,#39,#85);
#1225= IFCLOCALPLACEMENT(#36,#1224);
#1226= IFCELEMENTASSEMBLY('1f2Q4M0007UJ4tDZ8oDJGu',$,'Mevcut',$,$,#1225,$,$,$,.NOTDEFINED.);
#1227= IFCCARTESIANPOINT((2249.02202,-85.,3.25));
#1228= IFCAXIS2PLACEMENT3D(#1227,#39,#25);
#1229= IFCLOCALPLACEMENT(#1225,#1228);
#1230= IFCSHAPEREPRESENTATION(#55,'Body','SolidModel',(#54));
#1231= IFCSHAPEREPRESENTATION(#58,'CoG','Point',(#57));
#1232= IFCPRODUCTDEFINITIONSHAPE($,$,(#1230,#1231));
#1233= IFCPLATE('1f2Q4M000Ec34tDZ8oDJGu',$,'PLATE','PL8',$,#1229,#1232,'S235JR',.NOTDEFINED.);
#1234= IFCLOCALPLACEMENT(#1225,#26);
#1235= IFCEXTRUDEDAREASOLID(#1200,#204,#50,2856.93996);
#1236= IFCSHAPEREPRESENTATION(#55,'Body','SolidModel',(#1235));
#1237= IFCCARTESIANPOINTLIST3D(((0.,0.,0.),(2857.,0.,0.)));
#1238= IFCINDEXEDPOLYCURVE(#1237,(IFCLINEINDEX((1,2))),$);
#1239= IFCSHAPEREPRESENTATION(#212,'Axis','Curve3D',(#1238));
#1240= IFCCARTESIANPOINT((1428.46998,0.,0.));
#1241= IFCSHAPEREPRESENTATION(#58,'CoG','Point',(#1240));
#1242= IFCPRODUCTDEFINITIONSHAPE($,$,(#1236,#1239,#1241));
#1243= IFCBEAM('1f2Q4M0007UZ4tDZ8oDJGu',$,'Mevcut','HEA200',$,#1234,#1242,'S235JR',.NOTDEFINED.);
#1244= IFCPROPERTYSINGLEVALUE('Length',$,IFCLENGTHMEASURE(2856.93996),$);
#1245= IFCPROPERTYSINGLEVALUE('OuterSurfaceArea',$,IFCAREAMEASURE(3.24548),$);
#1246= IFCPROPERTYSINGLEVALUE('GrossSurfaceArea',$,IFCAREAMEASURE(3.24548),$);
#1247= IFCPROPERTYSINGLEVALUE('NetSurfaceArea',$,IFCAREAMEASURE(3.34426),$);
#1248= IFCPROPERTYSINGLEVALUE('GrossVolume',$,IFCVOLUMEMEASURE(0.01538),$);
#1249= IFCPROPERTYSINGLEVALUE('NetVolume',$,IFCVOLUMEMEASURE(0.01458),$);
#1250= IFCPROPERTYSINGLEVALUE('GrossWeight',$,IFCMASSMEASURE(120.72443),$);
#1251= IFCPROPERTYSINGLEVALUE('NetWeight',$,IFCMASSMEASURE(114.48973),$);
#1252= IFCPROPERTYSET('1QbSyi4hbATuWX7MV$l_nW',$,'Qto_BeamBaseQuantities','Base quantities that are common to the definition of all occurrences of beams.',(#1244,#1211,#1245,#1246,#1247,#1248,#1249,#1250,#1251));
#1253= IFCPROPERTYSINGLEVALUE('ASSEMBLY_POS',$,IFCLABEL('m/1'),$);
#1254= IFCPROPERTYSET('0pYPqaXPTBgwBnMpz7MirI',$,'BEAM',$,(#1253));
#1255= IFCRELAGGREGATES('1NS3dpzr52y9vp4YAxdgQJ',$,$,$,#1226,(#1233,#1243));
#1256= IFCCARTESIANPOINT((23300.00409,-2160.63214,11796.18184));
#1257= IFCAXIS2PLACEMENT3D(#1256,#24,#50);
#1258= IFCLOCALPLACEMENT(#36,#1257);
#1259= IFCELEMENTASSEMBLY('1f2Q4M0007VZ4tDZ8oDJGu',$,'Mevcut',$,$,#1258,$,$,$,.NOTDEFINED.);
#1260= IFCLOCALPLACEMENT(#1258,#26);
#1261= IFCCARTESIANPOINTLIST2D(((0.,0.),(11796.18164,0.),(11796.18164,4214.85791),(0.,4214.85791)));
#1262= IFCINDEXEDPOLYCURVE(#1261,(IFCLINEINDEX((1,2,3,4,1))),$);
#1263= IFCARBITRARYCLOSEDPROFILEDEF(.AREA.,'PL50',#1262);
#1264= IFCCARTESIANPOINT((0.,0.,25.));
#1265= IFCAXIS2PLACEMENT3D(#1264,#25,#24);
#1266= IFCEXTRUDEDAREASOLID(#1263,#1265,#50,50.);
#1267= IFCSHAPEREPRESENTATION(#55,'Body','SolidModel',(#1266));
#1268= IFCCARTESIANPOINT((5913.37379,2126.92331,0.));
#1269= IFCSHAPEREPRESENTATION(#58,'CoG','Point',(#1268));
#1270= IFCPRODUCTDEFINITIONSHAPE($,$,(#1267,#1269));
#1271= IFCPLATE('1f2Q4M0007Vp4tDZ8oDJGu',$,'Mevcut','PL50',$,#1260,#1270,'S235JR',.NOTDEFINED.);
#1272= IFCPROPERTYSINGLEVALUE('Width',$,IFCLENGTHMEASURE(50.),$);
#1273= IFCPROPERTYSINGLEVALUE('Perimeter',$,IFCLENGTHMEASURE(32022.0791),$);
#1274= IFCPROPERTYSINGLEVALUE('GrossArea',$,IFCAREAMEASURE(49.71923),$);
#1275= IFCPROPERTYSINGLEVALUE('NetArea',$,IFCAREAMEASURE(97.77044),$);
#1276= IFCPROPERTYSINGLEVALUE('GrossVolume',$,IFCVOLUMEMEASURE(2.48596),$);
#1277= IFCPROPERTYSINGLEVALUE('NetVolume',$,IFCVOLUMEMEASURE(2.39543),$);
#1278= IFCPROPERTYSINGLEVALUE('GrossWeight',$,IFCMASSMEASURE(19514.79758),$);
#1279= IFCPROPERTYSINGLEVALUE('NetWeight',$,IFCMASSMEASURE(18804.0892),$);
#1280= IFCPROPERTYSET('3NcMQ8Wr5FB8u3kahf4bp8',$,'Qto_PlateBaseQuantities','Base quantities that are common to the definition of all occurrences of plates.',(#1272,#1273,#1274,#1275,#1276,#1277,#1278,#1279));
#1281= IFCCARTESIANPOINT((4371.18184,1190.68996,-9.E-05));
#1282= IFCAXIS2PLACEMENT3D(#1281,#50,#40);
#1283= IFCLOCALPLACEMENT(#1260,#1282);
#1284= IFCCARTESIANPOINTLIST2D(((0.,0.),(800.,0.),(800.,2260.),(0.,2260.)));
#1285= IFCINDEXEDPOLYCURVE(#1284,(IFCLINEINDEX((1,2,3,4,1))),$);
#1286= IFCARBITRARYCLOSEDPROFILEDEF(.AREA.,'BL55',#1285);
#1287= IFCCARTESIANPOINT((0.,0.,27.5));
#1288= IFCAXIS2PLACEMENT3D(#1287,#25,#24);
#1289= IFCSURFACESTYLE('ANTIMATERIAL',.POSITIVE.,(#262));
#1290= IFCEXTRUDEDAREASOLID(#1286,#1288,#50,55.);
#1291= IFCSHAPEREPRESENTATION(#55,'Body','SolidModel',(#1290));
#1292= IFCPRODUCTDEFINITIONSHAPE($,$,(#1291));
#1293= IFCVOIDINGFEATURE('1f2Q4M0006JZ4tDZ8oDJGu',$,'CUTPART','BL55',$,#1283,#1292,'(?)',.HOLE.);
#1294= IFCCARTESIANPOINT((156.18184,2232.41794,921.43365));
#1295= IFCDIRECTION((0.6035794507,0.,-0.7973028576));
#1296= IFCAXIS2PLACEMENT3D(#1294,#40,#1295);
#1297= IFCLOCALPLACEMENT(#1260,#1296);
#1298= IFCCARTESIANPOINTLIST3D(((16.79126,-50.,-27.5),(148.88702,50.,-27.5),(1380.60307,50.,-27.5),(1456.30573,-50.,-27.5),(148.88702,50.,27.5),(1380.60307,50.,27.5),(138.97983,42.5,27.5),(1386.28077,42.5,27.5),(138.97983,42.5,-23.),(1386.28077,42.5,-23.),(26.69844,-42.5,-23.),(1450.62803,-42.5,-23.),(26.69844,-42.5,27.5),(1450.62803,-42.5,27.5),(16.79126,-50.,27.5),(1456.30573,-50.,27.5)));
#1299= IFCPOLYGONALFACESET(#1298,.T.,(#143,#968,#969,#970,#971,#972,#973,#974,#975,#976),$);
#1300= IFCSHAPEREPRESENTATION(#55,'Body','Tessellation',(#1299));
#1301= IFCPRODUCTDEFINITIONSHAPE($,$,(#1300));
#1302= IFCVOIDINGFEATURE('1f2Q4M000EkZ4tDZ8oDJGu',$,'LADDER','UPE100',$,#1297,#1301,'(?)',.HOLE.);
#1303= IFCCARTESIANPOINT((156.18184,2232.41794,925.));
#1304= IFCAXIS2PLACEMENT3D(#1303,#40,#50);
#1305= IFCLOCALPLACEMENT(#1260,#1304);
#1306= IFCCARTESIANPOINTLIST3D(((1064.97909,50.,27.5),(1064.97909,42.5,27.5),(1064.97909,42.5,-23.),(1064.97909,22.,-23.),(1064.97909,22.,-27.5),(1064.97909,50.,-27.5),(1171.75409,22.,-23.),(1171.75409,22.,-27.5),(-20.,-50.,27.5),(-20.,-42.5,27.5),(-20.,-42.5,-23.),(-20.,42.5,-23.),(-20.,42.5,27.5),(-20.,50.,27.5),(-20.,50.,-27.5),(-20.,-50.,-27.5),(1171.75409,-50.,-27.5),(1171.75409,-50.,27.5),(1171.75409,-42.5,27.5),(1171.75409,-42.5,-23.)));
#1307= IFCINDEXEDPOLYGONALFACE((1,2,3,4,5,6));
#1308= IFCINDEXEDPOLYGONALFACE((7,8,5,4));
#1309= IFCINDEXEDPOLYGONALFACE((9,10,11,12,13,14,15,16));
#1310= IFCINDEXEDPOLYGONALFACE((9,16,17,18));
#1311= IFCINDEXEDPOLYGONALFACE((10,9,18,19));
#1312= IFCINDEXEDPOLYGONALFACE((11,10,19,20));
#1313= IFCINDEXEDPOLYGONALFACE((3,12,11,20,7,4));
#1314= IFCINDEXEDPOLYGONALFACE((13,12,3,2));
#1315= IFCINDEXEDPOLYGONALFACE((14,13,2,1));
#1316= IFCINDEXEDPOLYGONALFACE((15,14,1,6));
#1317= IFCINDEXEDPOLYGONALFACE((17,16,15,6,5,8));
#1318= IFCINDEXEDPOLYGONALFACE((20,19,18,17,8,7));
#1319= IFCPOLYGONALFACESET(#1306,.T.,(#1307,#1308,#1309,#1310,#1311,#1312,#1313,#1314,#1315,#1316,#1317,#1318),$);
#1320= IFCSHAPEREPRESENTATION(#55,'Body','Tessellation',(#1319));
#1321= IFCPRODUCTDEFINITIONSHAPE($,$,(#1320));
#1322= IFCVOIDINGFEATURE('1f2Q4M000EuJ4tDZ8oDJGu',$,'LADDER','UPE100',$,#1305,#1321,'(?)',.HOLE.);
#1323= IFCRELAGGREGATES('1qaZLDmD11dBCxrGjmsFoM',$,$,$,#1259,(#1271));
#1324= IFCCARTESIANPOINT((23225.00409,1754.22581,6865.70628));
#1325= IFCAXIS2PLACEMENT3D(#1324,#50,#85);
#1326= IFCLOCALPLACEMENT(#36,#1325);
#1327= IFCELEMENTASSEMBLY('1f2Q4M0007Yp4tDZ8oDJGu',$,'Mevcut',$,$,#1326,$,$,$,.NOTDEFINED.);
#1328= IFCLOCALPLACEMENT(#1326,#26);
#1329= IFCCARTESIANPOINTLIST2D(((-25.,-50.),(25.,-50.),(25.,-43.5),(-19.,-39.98),(-19.,39.98),(25.,43.5),(25.,50.),(-25.,50.)));
#1330= IFCINDEXEDPOLYCURVE(#1329,(IFCLINEINDEX((1,2,3,4,5,6,7,8,1))),$);
#1331= IFCARBITRARYCLOSEDPROFILEDEF(.AREA.,'UNP100',#1330);
#1332= IFCEXTRUDEDAREASOLID(#1331,#204,#50,1874.16798);
#1333= IFCSHAPEREPRESENTATION(#55,'Body','SolidModel',(#1332));
#1334= IFCCARTESIANPOINTLIST3D(((0.,0.,25.),(1874.2,0.,25.)));
#1335= IFCINDEXEDPOLYCURVE(#1334,(IFCLINEINDEX((1,2))),$);
#1336= IFCSHAPEREPRESENTATION(#212,'Axis','Curve3D',(#1335));
#1337= IFCCARTESIANPOINT((937.08399,0.,-9.1607));
#1338= IFCSHAPEREPRESENTATION(#58,'CoG','Point',(#1337));
#1339= IFCPRODUCTDEFINITIONSHAPE($,$,(#1333,#1336,#1338));
#1340= IFCBEAM('1f2Q4M0007YJ4tDZ8oDJGu',$,'Mevcut','UNP100',$,#1328,#1339,'S235JR',.NOTDEFINED.);
#1341= IFCPROPERTYSINGLEVALUE('Roll',$,IFCPLANEANGLEMEASURE(1.5708),$);
#1342= IFCPROPERTYSET('0Z0dSqW0b2Lx2xugb70rVA',$,'Pset_BeamCommon','Properties common to the definition of all occurrence and type objects of beam.',(#63,#64,#181,#1341,#66,#67,#68));
#1343= IFCPROPERTYSINGLEVALUE('Length',$,IFCLENGTHMEASURE(1874.16798),$);
#1344= IFCPROPERTYSINGLEVALUE('OuterSurfaceArea',$,IFCAREAMEASURE(0.69719),$);
#1345= IFCPROPERTYSINGLEVALUE('GrossSurfaceArea',$,IFCAREAMEASURE(0.69719),$);
#1346= IFCPROPERTYSINGLEVALUE('NetSurfaceArea',$,IFCAREAMEASURE(0.71716),$);
#1347= IFCPROPERTYSINGLEVALUE('GrossVolume',$,IFCVOLUMEMEASURE(0.00253),$);
#1348= IFCPROPERTYSINGLEVALUE('NetVolume',$,IFCVOLUMEMEASURE(0.00249),$);
#1349= IFCPROPERTYSINGLEVALUE('GrossWeight',$,IFCMASSMEASURE(19.8615),$);
#1350= IFCPROPERTYSINGLEVALUE('NetWeight',$,IFCMASSMEASURE(19.52135),$);
#1351= IFCPROPERTYSET('3tEt2Kiw5ANuOg_tkLjwMG',$,'Qto_BeamBaseQuantities','Base quantities that are common to the definition of all occurrences of beams.',(#1343,#987,#1344,#1345,#1346,#1347,#1348,#1349,#1350));
#1352= IFCPROPERTYSINGLEVALUE('ASSEMBLY_POS',$,IFCLABEL('M/6'),$);
#1353= IFCPROPERTYSET('0IDu6Osrn0d9DjcrZdHDPf',$,'BEAM',$,(#1352));
#1354= IFCRELAGGREGATES('1gVxe9l1DB7AyDKdo4$ngv',$,$,$,#1327,(#1340));
#1355= IFCCARTESIANPOINT((23225.00409,1754.22581,11715.));
#1356= IFCAXIS2PLACEMENT3D(#1355,#50,#85);
#1357= IFCLOCALPLACEMENT(#36,#1356);
#1358= IFCELEMENTASSEMBLY('1f2Q4M0007WZ4tDZ8oDJGu',$,'Mevcut',$,$,#1357,$,$,$,.NOTDEFINED.);
#1359= IFCLOCALPLACEMENT(#1357,#26);
#1360= IFCEXTRUDEDAREASOLID(#1331,#204,#50,4210.);
#1361= IFCSHAPEREPRESENTATION(#55,'Body','SolidModel',(#1360));
#1362= IFCCARTESIANPOINTLIST3D(((0.,0.,25.),(4210.,0.,25.)));
#1363= IFCINDEXEDPOLYCURVE(#1362,(IFCLINEINDEX((1,2))),$);
#1364= IFCSHAPEREPRESENTATION(#212,'Axis','Curve3D',(#1363));
#1365= IFCCARTESIANPOINT((2105.,0.,-9.1607));
#1366= IFCSHAPEREPRESENTATION(#58,'CoG','Point',(#1365));
#1367= IFCPRODUCTDEFINITIONSHAPE($,$,(#1361,#1364,#1366));
#1368= IFCBEAM('1f2Q4M0007Wp4tDZ8oDJGu',$,'Mevcut','UNP100',$,#1359,#1367,'S235JR',.NOTDEFINED.);
#1369= IFCPROPERTYSINGLEVALUE('Length',$,IFCLENGTHMEASURE(4210.),$);
#1370= IFCPROPERTYSINGLEVALUE('OuterSurfaceArea',$,IFCAREAMEASURE(1.56612),$);
#1371= IFCPROPERTYSINGLEVALUE('GrossSurfaceArea',$,IFCAREAMEASURE(1.56612),$);
#1372= IFCPROPERTYSINGLEVALUE('NetSurfaceArea',$,IFCAREAMEASURE(1.60768),$);
#1373= IFCPROPERTYSINGLEVALUE('GrossVolume',$,IFCVOLUMEMEASURE(0.00568),$);
#1374= IFCPROPERTYSINGLEVALUE('NetVolume',$,IFCVOLUMEMEASURE(0.00559),$);
#1375= IFCPROPERTYSINGLEVALUE('GrossWeight',$,IFCMASSMEASURE(44.61548),$);
#1376= IFCPROPERTYSINGLEVALUE('NetWeight',$,IFCMASSMEASURE(43.85139),$);
#1377= IFCPROPERTYSET('2QXsru1cH0EgtS67PaJbjh',$,'Qto_BeamBaseQuantities','Base quantities that are common to the definition of all occurrences of beams.',(#1369,#987,#1370,#1371,#1372,#1373,#1374,#1375,#1376));
#1378= IFCPROPERTYSINGLEVALUE('ASSEMBLY_POS',$,IFCLABEL('M/5'),$);
#1379= IFCPROPERTYSET('0BltblWYj8lAePGrKwQRLo',$,'BEAM',$,(#1378));
#1380= IFCRELAGGREGATES('2nktlEqdD159Lx7Pmr37YG',$,$,$,#1358,(#1368));
#1381= IFCCARTESIANPOINT((18342.72997,1754.22581,12597.70386));
#1382= IFCDIRECTION((0.1594273749,0.,0.9872096597));
#1383= IFCAXIS2PLACEMENT3D(#1381,#1382,#85);
#1384= IFCLOCALPLACEMENT(#36,#1383);
#1385= IFCELEMENTASSEMBLY('1f2Q4M0007Xp4tDZ8oDJGu',$,'Mevcut',$,$,#1384,$,$,$,.NOTDEFINED.);
#1386= IFCLOCALPLACEMENT(#1384,#26);
#1387= IFCCARTESIANPOINTLIST2D(((0.,0.),(4210.,0.),(4210.,5008.729),(0.,5008.729)));
#1388= IFCINDEXEDPOLYCURVE(#1387,(IFCLINEINDEX((1,2,3,4,1))),$);
#1389= IFCARBITRARYCLOSEDPROFILEDEF(.AREA.,'PL50',#1388);
#1390= IFCEXTRUDEDAREASOLID(#1389,#1265,#50,50.);
#1391= IFCSHAPEREPRESENTATION(#55,'Body','SolidModel',(#1390));
#1392= IFCCARTESIANPOINT((2105.,2504.3645,0.));
#1393= IFCSHAPEREPRESENTATION(#58,'CoG','Point',(#1392));
#1394= IFCPRODUCTDEFINITIONSHAPE($,$,(#1391,#1393));
#1395= IFCPLATE('1f2Q4M0007XZ4tDZ8oDJGu',$,'Mevcut','PL50',$,#1386,#1394,'S235JR',.NOTDEFINED.);
#1396= IFCPROPERTYSINGLEVALUE('Perimeter',$,IFCLENGTHMEASURE(18437.45801),$);
#1397= IFCPROPERTYSINGLEVALUE('GrossArea',$,IFCAREAMEASURE(21.08675),$);
#1398= IFCPROPERTYSINGLEVALUE('NetArea',$,IFCAREAMEASURE(43.09537),$);
#1399= IFCPROPERTYSINGLEVALUE('GrossVolume',$,IFCVOLUMEMEASURE(1.05434),$);
#1400= IFCPROPERTYSINGLEVALUE('NetVolume',$,IFCVOLUMEMEASURE(1.05434),$);
#1401= IFCPROPERTYSINGLEVALUE('GrossWeight',$,IFCMASSMEASURE(8276.54902),$);
#1402= IFCPROPERTYSINGLEVALUE('NetWeight',$,IFCMASSMEASURE(8276.54902),$);
#1403= IFCPROPERTYSET('30VPRat1f2Q9qX__9l7Tkm',$,'Qto_PlateBaseQuantities','Base quantities that are common to the definition of all occurrences of plates.',(#1272,#1396,#1397,#1398,#1399,#1400,#1401,#1402));
#1404= IFCRELAGGREGATES('0mgPT0gcX93QiA9nEGIzaN',$,$,$,#1385,(#1395));
#1405= IFCCARTESIANPOINT((22899.12344,1754.22581,11785.90685));
#1406= IFCDIRECTION((0.9872198434,0.,-0.1593643021));
#1407= IFCAXIS2PLACEMENT3D(#1405,#1406,#85);
#1408= IFCLOCALPLACEMENT(#36,#1407);
#1409= IFCELEMENTASSEMBLY('1f2Q4M0007Zp4tDZ8oDJGu',$,'Mevcut',$,$,#1408,$,$,$,.NOTDEFINED.);
#1410= IFCLOCALPLACEMENT(#1408,#26);
#1411= IFCEXTRUDEDAREASOLID(#1171,#204,#50,4210.);
#1412= IFCSHAPEREPRESENTATION(#55,'Body','SolidModel',(#1411));
#1413= IFCCARTESIANPOINTLIST3D(((0.,50.,0.),(4210.,50.,0.)));
#1414= IFCINDEXEDPOLYCURVE(#1413,(IFCLINEINDEX((1,2))),$);
#1415= IFCSHAPEREPRESENTATION(#212,'Axis','Curve3D',(#1414));
#1416= IFCCARTESIANPOINT((2105.,0.,0.));
#1417= IFCSHAPEREPRESENTATION(#58,'CoG','Point',(#1416));
#1418= IFCPRODUCTDEFINITIONSHAPE($,$,(#1412,#1415,#1417));
#1419= IFCBEAM('1f2Q4M0007ZZ4tDZ8oDJGu',$,'Mevcut','IPE100',$,#1410,#1418,'S235JR',.NOTDEFINED.);
#1420= IFCPROPERTYSINGLEVALUE('Roll',$,IFCPLANEANGLEMEASURE(0.16005),$);
#1421= IFCPROPERTYSET('04EWp2KFrELuKALv8K$Nol',$,'Pset_BeamCommon','Properties common to the definition of all occurrence and type objects of beam.',(#63,#64,#181,#1420,#66,#67,#68));
#1422= IFCPROPERTYSINGLEVALUE('OuterSurfaceArea',$,IFCAREAMEASURE(1.684),$);
#1423= IFCPROPERTYSINGLEVALUE('GrossSurfaceArea',$,IFCAREAMEASURE(1.684),$);
#1424= IFCPROPERTYSINGLEVALUE('NetSurfaceArea',$,IFCAREAMEASURE(1.73566),$);
#1425= IFCPROPERTYSINGLEVALUE('GrossVolume',$,IFCVOLUMEMEASURE(0.00434),$);
#1426= IFCPROPERTYSINGLEVALUE('NetVolume',$,IFCVOLUMEMEASURE(0.00417),$);
#1427= IFCPROPERTYSINGLEVALUE('GrossWeight',$,IFCMASSMEASURE(34.03996),$);
#1428= IFCPROPERTYSINGLEVALUE('NetWeight',$,IFCMASSMEASURE(32.72661),$);
#1429= IFCPROPERTYSET('2_N6VSOrP2X8kVxQ6ANZYJ',$,'Qto_BeamBaseQuantities','Base quantities that are common to the definition of all occurrences of beams.',(#1369,#1122,#1422,#1423,#1424,#1425,#1426,#1427,#1428));
#1430= IFCPROPERTYSINGLEVALUE('ASSEMBLY_POS',$,IFCLABEL('M/15'),$);
#1431= IFCPROPERTYSET('1yL7KUXgb4GeTOJnAeaezk',$,'BEAM',$,(#1430));
#1432= IFCRELAGGREGATES('3aLXCcv31EgPhvb4Sk80k3',$,$,$,#1409,(#1419));
#1433= IFCCARTESIANPOINT((21763.83548,1754.22581,11969.24782));
#1434= IFCDIRECTION((0.9872096597,0.,-0.1594273749));
#1435= IFCAXIS2PLACEMENT3D(#1433,#1434,#85);
#1436= IFCLOCALPLACEMENT(#36,#1435);
#1437= IFCELEMENTASSEMBLY('1f2Q4M0007ap4tDZ8oDJGu',$,'Mevcut',$,$,#1436,$,$,$,.NOTDEFINED.);
#1438= IFCLOCALPLACEMENT(#1436,#26);
#1439= IFCSHAPEREPRESENTATION(#55,'Body','SolidModel',(#1411));
#1440= IFCSHAPEREPRESENTATION(#212,'Axis','Curve3D',(#1414));
#1441= IFCSHAPEREPRESENTATION(#58,'CoG','Point',(#1416));
#1442= IFCPRODUCTDEFINITIONSHAPE($,$,(#1439,#1440,#1441));
#1443= IFCBEAM('1f2Q4M0007aZ4tDZ8oDJGu',$,'Mevcut','IPE100',$,#1438,#1442,'S235JR',.NOTDEFINED.);
#1444= IFCPROPERTYSINGLEVALUE('Roll',$,IFCPLANEANGLEMEASURE(0.16011),$);
#1445= IFCPROPERTYSET('2cuAgNFwzAbugJfuAJoK66',$,'Pset_BeamCommon','Properties common to the definition of all occurrence and type objects of beam.',(#63,#64,#181,#1444,#66,#67,#68));
#1446= IFCRELAGGREGATES('2gqpDiUmL2PvE$xkz7j9mm',$,$,$,#1437,(#1443));
#1447= IFCCARTESIANPOINT((20628.54437,1754.22581,12152.58931));
#1448= IFCAXIS2PLACEMENT3D(#1447,#1434,#85);
#1449= IFCLOCALPLACEMENT(#36,#1448);
#1450= IFCELEMENTASSEMBLY('1f2Q4M0007bp4tDZ8oDJGu',$,'Mevcut',$,$,#1449,$,$,$,.NOTDEFINED.);
#1451= IFCLOCALPLACEMENT(#1449,#26);
#1452= IFCSHAPEREPRESENTATION(#55,'Body','SolidModel',(#1411));
#1453= IFCSHAPEREPRESENTATION(#212,'Axis','Curve3D',(#1414));
#1454= IFCSHAPEREPRESENTATION(#58,'CoG','Point',(#1416));
#1455= IFCPRODUCTDEFINITIONSHAPE($,$,(#1452,#1453,#1454));
#1456= IFCBEAM('1f2Q4M0007bZ4tDZ8oDJGu',$,'Mevcut','IPE100',$,#1451,#1455,'S235JR',.NOTDEFINED.);
#1457= IFCRELAGGREGATES('1oRDSuuTXFC8eC7nw8O89b',$,$,$,#1450,(#1456));
#1458= IFCCARTESIANPOINT((19493.25326,1754.22581,12335.93079));
#1459= IFCAXIS2PLACEMENT3D(#1458,#1434,#85);
#1460= IFCLOCALPLACEMENT(#36,#1459);
#1461= IFCELEMENTASSEMBLY('1f2Q4M0007cp4tDZ8oDJGu',$,'Mevcut',$,$,#1460,$,$,$,.NOTDEFINED.);
#1462= IFCLOCALPLACEMENT(#1460,#26);
#1463= IFCSHAPEREPRESENTATION(#55,'Body','SolidModel',(#1411));
#1464= IFCSHAPEREPRESENTATION(#212,'Axis','Curve3D',(#1414));
#1465= IFCSHAPEREPRESENTATION(#58,'CoG','Point',(#1416));
#1466= IFCPRODUCTDEFINITIONSHAPE($,$,(#1463,#1464,#1465));
#1467= IFCBEAM('1f2Q4M0007cZ4tDZ8oDJGu',$,'Mevcut','IPE100',$,#1462,#1466,'S235JR',.NOTDEFINED.);
#1468= IFCRELAGGREGATES('1r0bWFQDHDoe3YQkHFfGH$',$,$,$,#1461,(#1467));
#1469= IFCCARTESIANPOINT((18436.93893,1754.22581,12506.51808));
#1470= IFCAXIS2PLACEMENT3D(#1469,#1434,#85);
#1471= IFCLOCALPLACEMENT(#36,#1470);
#1472= IFCELEMENTASSEMBLY('1f2Q4M0007dp4tDZ8oDJGu',$,'Mevcut',$,$,#1471,$,$,$,.NOTDEFINED.);
#1473= IFCLOCALPLACEMENT(#1471,#26);
#1474= IFCSHAPEREPRESENTATION(#55,'Body','SolidModel',(#1411));
#1475= IFCSHAPEREPRESENTATION(#212,'Axis','Curve3D',(#1414));
#1476= IFCSHAPEREPRESENTATION(#58,'CoG','Point',(#1416));
#1477= IFCPRODUCTDEFINITIONSHAPE($,$,(#1474,#1475,#1476));
#1478= IFCBEAM('1f2Q4M0007dZ4tDZ8oDJGu',$,'Mevcut','IPE100',$,#1473,#1477,'S235JR',.NOTDEFINED.);
#1479= IFCRELAGGREGATES('0ruMKKuo19a9gMFarpSZZ3',$,$,$,#1472,(#1478));
#1480= IFCCARTESIANPOINT((23490.85812,393.33683,7539.3));
#1481= IFCDIRECTION((0.9876883406,-0.1564344649,0.));
#1482= IFCAXIS2PLACEMENT3D(#1480,#1481,#25);
#1483= IFCLOCALPLACEMENT(#36,#1482);
#1484= IFCELEMENTASSEMBLY('1f2Q4M0009rp4tDZ8oDJGu',$,'Baca',$,$,#1483,$,$,$,.NOTDEFINED.);
#1485= IFCLOCALPLACEMENT(#1483,#26);
#1486= IFCCARTESIANPOINTLIST2D(((150.,0.),(147.11779,29.26355),(138.58193,57.40251),(124.72044,83.33553),(106.06602,106.06602),(83.33553,124.72044),(57.40251,138.58193),(29.26355,147.11779),(0.,150.),(-29.26355,147.11779),(-57.40251,138.58193),(-83.33553,124.72044),(-106.06602,106.06602),(-124.72044,83.33553),(-138.58193,57.40251),(-147.11779,29.26355),(-150.,0.),(-147.11779,-29.26355),(-138.58193,-57.40251),(-124.72044,-83.33553),(-106.06602,-106.06602),(-83.33553,-124.72044),(-57.40251,-138.58193),(-29.26355,-147.11779),(0.,-150.),(29.26355,-147.11779),(57.40251,-138.58193),(83.33553,-124.72044),(106.06602,-106.06602),(124.72044,-83.33553),(138.58193,-57.40251),(147.11779,-29.26355)));
#1487= IFCINDEXEDPOLYCURVE(#1486,(IFCLINEINDEX((1,2,3,4,5,6,7,8,9,10,11,12,13,14,15,16,17,18,19,20,21,22,23,24,25,26,27,28,29,30,31,32,1))),$);
#1488= IFCCARTESIANPOINTLIST2D(((147.,0.),(144.17544,-28.67828),(135.81029,-56.25446),(122.22603,-81.66882),(103.9447,-103.9447),(81.66882,-122.22603),(56.25446,-135.81029),(28.67828,-144.17544),(0.,-147.),(-28.67828,-144.17544),(-56.25446,-135.81029),(-81.66882,-122.22603),(-103.9447,-103.9447),(-122.22603,-81.66882),(-135.81029,-56.25446),(-144.17544,-28.67828),(-147.,0.),(-144.17544,28.67828),(-135.81029,56.25446),(-122.22603,81.66882),(-103.9447,103.9447),(-81.66882,122.22603),(-56.25446,135.81029),(-28.67828,144.17544),(0.,147.),(28.67828,144.17544),(56.25446,135.81029),(81.66882,122.22603),(103.9447,103.9447),(122.22603,81.66882),(135.81029,56.25446),(144.17544,28.67828)));
#1489= IFCINDEXEDPOLYCURVE(#1488,(IFCLINEINDEX((1,2,3,4,5,6,7,8,9,10,11,12,13,14,15,16,17,18,19,20,21,22,23,24,25,26,27,28,29,30,31,32,1))),$);
#1490= IFCARBITRARYPROFILEDEFWITHVOIDS(.AREA.,'CFCHS300X3',#1487,(#1489));
#1491= IFCCOLOURRGB($,0.752941176470588,0.16078431372549,0.552941176470588);
#1492= IFCSURFACESTYLERENDERING(#1491,0.,$,$,$,$,IFCNORMALISEDRATIOMEASURE(0.00390625),IFCSPECULAREXPONENT(10.),.NOTDEFINED.);
#1493= IFCSURFACESTYLE('S235JR',.POSITIVE.,(#1492));
#1494= IFCEXTRUDEDAREASOLID(#1490,#204,#50,5960.);
#1495= IFCSHAPEREPRESENTATION(#55,'Body','SolidModel',(#1494));
#1496= IFCCARTESIANPOINTLIST3D(((0.,0.,0.),(5960.,0.,0.)));
#1497= IFCINDEXEDPOLYCURVE(#1496,(IFCLINEINDEX((1,2))),$);
#1498= IFCSHAPEREPRESENTATION(#212,'Axis','Curve3D',(#1497));
#1499= IFCCARTESIANPOINT((2980.,0.,0.));
#1500= IFCSHAPEREPRESENTATION(#58,'CoG','Point',(#1499));
#1501= IFCPRODUCTDEFINITIONSHAPE($,$,(#1495,#1498,#1500));
#1502= IFCCOLUMN('1f2Q4M0009rZ4tDZ8oDJGu',$,'Baca','CFCHS300X3',$,#1485,#1501,'S235JR',.NOTDEFINED.);
#1503= IFCPROPERTYSINGLEVALUE('Length',$,IFCLENGTHMEASURE(5960.),$);
#1504= IFCPROPERTYSINGLEVALUE('CrossSectionArea',$,IFCAREAMEASURE(0.00278),$);
#1505= IFCPROPERTYSINGLEVALUE('OuterSurfaceArea',$,IFCAREAMEASURE(5.61096),$);
#1506= IFCPROPERTYSINGLEVALUE('GrossSurfaceArea',$,IFCAREAMEASURE(5.61096),$);
#1507= IFCPROPERTYSINGLEVALUE('NetSurfaceArea',$,IFCAREAMEASURE(5.61096),$);
#1508= IFCPROPERTYSINGLEVALUE('GrossVolume',$,IFCVOLUMEMEASURE(0.01658),$);
#1509= IFCPROPERTYSINGLEVALUE('NetVolume',$,IFCVOLUMEMEASURE(0.01658),$);
#1510= IFCPROPERTYSINGLEVALUE('GrossWeight',$,IFCMASSMEASURE(130.12158),$);
#1511= IFCPROPERTYSINGLEVALUE('NetWeight',$,IFCMASSMEASURE(130.12158),$);
#1512= IFCPROPERTYSET('32lnbMX$T3hBGkD79snAAF',$,'Qto_ColumnBaseQuantities','Base quantities that are common to the definition of all occurrences of columns.',(#1503,#1504,#1505,#1506,#1507,#1508,#1509,#1510,#1511));
#1513= IFCRELAGGREGATES('3RJ04_MYTAZuZ3mOM7VX7V',$,$,$,#1484,(#1502));
#1514= IFCCARTESIANPOINT((23356.59529,512.82686,13029.3));
#1515= IFCDIRECTION((0.7431448249,-0.6691306069,0.));
#1516= IFCAXIS2PLACEMENT3D(#1514,#50,#1515);
#1517= IFCLOCALPLACEMENT(#36,#1516);
#1518= IFCELEMENTASSEMBLY('1f2Q4M0009sp4tDZ8oDJGu',$,'gozlem',$,$,#1517,$,$,$,.NOTDEFINED.);
#1519= IFCLOCALPLACEMENT(#1517,#26);
#1520= IFCCARTESIANPOINTLIST2D(((-20.,-20.),(20.,-20.),(20.,20.),(-20.,20.)));
#1521= IFCINDEXEDPOLYCURVE(#1520,(IFCLINEINDEX((1,2,3,4,1))),$);
#1522= IFCCARTESIANPOINTLIST2D(((-17.,-17.),(-17.,17.),(17.,17.),(17.,-17.)));
#1523= IFCINDEXEDPOLYCURVE(#1522,(IFCLINEINDEX((1,2,3,4,1))),$);
#1524= IFCARBITRARYPROFILEDEFWITHVOIDS(.AREA.,'CFRHS40X40X3',#1521,(#1523));
#1525= IFCSURFACESTYLE('S235JR',.POSITIVE.,(#262));
#1526= IFCEXTRUDEDAREASOLID(#1524,#204,#50,30.);
#1527= IFCSHAPEREPRESENTATION(#55,'Body','SolidModel',(#1526));
#1528= IFCCARTESIANPOINTLIST3D(((0.,0.,-20.),(30.,0.,-20.)));
#1529= IFCINDEXEDPOLYCURVE(#1528,(IFCLINEINDEX((1,2))),$);
#1530= IFCSHAPEREPRESENTATION(#212,'Axis','Curve3D',(#1529));
#1531= IFCCARTESIANPOINT((15.,0.,0.));
#1532= IFCSHAPEREPRESENTATION(#58,'CoG','Point',(#1531));
#1533= IFCPRODUCTDEFINITIONSHAPE($,$,(#1527,#1530,#1532));
#1534= IFCBEAM('1f2Q4M0009sZ4tDZ8oDJGu',$,'gozlem','CFRHS40X40X3',$,#1519,#1533,'S235JR',.NOTDEFINED.);
#1535= IFCPROPERTYSINGLEVALUE('Length',$,IFCLENGTHMEASURE(30.),$);
#1536= IFCPROPERTYSINGLEVALUE('CrossSectionArea',$,IFCAREAMEASURE(0.00042),$);
#1537= IFCPROPERTYSINGLEVALUE('OuterSurfaceArea',$,IFCAREAMEASURE(0.0045),$);
#1538= IFCPROPERTYSINGLEVALUE('GrossSurfaceArea',$,IFCAREAMEASURE(0.0045),$);
#1539= IFCPROPERTYSINGLEVALUE('NetSurfaceArea',$,IFCAREAMEASURE(0.00528),$);
#1540= IFCPROPERTYSINGLEVALUE('GrossVolume',$,IFCVOLUMEMEASURE(1.E-05),$);
#1541= IFCPROPERTYSINGLEVALUE('NetVolume',$,IFCVOLUMEMEASURE(1.E-05),$);
#1542= IFCPROPERTYSINGLEVALUE('GrossWeight',$,IFCMASSMEASURE(0.09915),$);
#1543= IFCPROPERTYSINGLEVALUE('NetWeight',$,IFCMASSMEASURE(0.10456),$);
#1544= IFCPROPERTYSET('3WQ8rl0ED4I81fwWjrmTWZ',$,'Qto_BeamBaseQuantities','Base quantities that are common to the definition of all occurrences of beams.',(#1535,#1536,#1537,#1538,#1539,#1540,#1541,#1542,#1543));
#1545= IFCPROPERTYSINGLEVALUE('ASSEMBLY_POS',$,IFCLABEL('G/1'),$);
#1546= IFCPROPERTYSET('2jAxVe55rA6fghaxpA7OoI',$,'BEAM',$,(#1545));
#1547= IFCRELAGGREGATES('0bTW_AAjP0DwdnAc_4Xarh',$,$,$,#1518,(#1534));
#1548= IFCCARTESIANPOINT((23225.00409,-144.17016,8040.70628));
#1549= IFCAXIS2PLACEMENT3D(#1548,#40,#50);
#1550= IFCLOCALPLACEMENT(#36,#1549);
#1551= IFCELEMENTASSEMBLY('1f2Q4M0009x34tDZ8oDJGu',$,'BEAM',$,$,#1550,$,$,$,.NOTDEFINED.);
#1552= IFCLOCALPLACEMENT(#1550,#26);
#1553= IFCCARTESIANPOINTLIST3D(((10.,-33.,-19.),(10.,-33.,-25.),(10.,-50.,-25.),(10.,-50.,25.),(10.,-43.5,25.),(10.,-39.98,-19.),(-44.,-33.,-19.),(-44.,-33.,-25.),(3550.,43.5,25.),(3550.,50.,25.),(10.,50.,25.),(10.,43.5,25.),(3550.,50.,-25.),(10.,50.,-25.),(10.,33.,-19.),(10.,33.,-25.),(-44.,33.,-25.),(-44.,33.,-19.),(10.,39.98,-19.),(3550.,39.98,-19.),(3550.,-39.98,-19.),(3550.,-43.5,25.),(3550.,-50.,25.),(3550.,-50.,-25.)));
#1554= IFCINDEXEDPOLYGONALFACE((7,8,2,1));
#1555= IFCINDEXEDPOLYGONALFACE((9,10,11,12));
#1556= IFCINDEXEDPOLYGONALFACE((10,13,14,11));
#1557= IFCINDEXEDPOLYGONALFACE((11,14,16,15,19,12));
#1558= IFCINDEXEDPOLYGONALFACE((20,9,12,19));
#1559= IFCINDEXEDPOLYGONALFACE((10,9,20,21,22,23,24,13));
#1560= IFCINDEXEDPOLYGONALFACE((22,21,6,5));
#1561= IFCINDEXEDPOLYGONALFACE((23,22,5,4));
#1562= IFCINDEXEDPOLYGONALFACE((24,23,4,3));
#1563= IFCINDEXEDPOLYGONALFACE((17,16,14,13,24,3,2,8));
#1564= IFCINDEXEDPOLYGONALFACE((18,17,8,7));
#1565= IFCINDEXEDPOLYGONALFACE((21,20,19,15,18,7,1,6));
#1566= IFCPOLYGONALFACESET(#1553,.T.,(#1307,#1554,#1555,#1556,#1097,#1557,#1558,#1559,#1560,#1561,#1562,#1563,#1564,#1565),$);
#1567= IFCSHAPEREPRESENTATION(#55,'Body','Tessellation',(#1566));
#1568= IFCCARTESIANPOINTLIST3D(((0.,-50.,0.),(3550.,-50.,0.)));
#1569= IFCINDEXEDPOLYCURVE(#1568,(IFCLINEINDEX((1,2))),$);
#1570= IFCSHAPEREPRESENTATION(#212,'Axis','Curve3D',(#1569));
#1571= IFCCARTESIANPOINT((1771.85616,0.,-9.21888));
#1572= IFCSHAPEREPRESENTATION(#58,'CoG','Point',(#1571));
#1573= IFCPRODUCTDEFINITIONSHAPE($,$,(#1567,#1570,#1572));
#1574= IFCBEAM('1f2Q4M0009xJ4tDZ8oDJGu',$,'BEAM','UNP100',$,#1552,#1573,'S235JR',.NOTDEFINED.);
#1575= IFCPROPERTYSET('0sqlb_eMr7svYRFO79oX3Y',$,'Pset_BeamCommon','Properties common to the definition of all occurrence and type objects of beam.',(#63,#64,#629,#182,#66,#67,#68));
#1576= IFCPROPERTYSINGLEVALUE('Length',$,IFCLENGTHMEASURE(3594.),$);
#1577= IFCPROPERTYSINGLEVALUE('OuterSurfaceArea',$,IFCAREAMEASURE(1.33697),$);
#1578= IFCPROPERTYSINGLEVALUE('GrossSurfaceArea',$,IFCAREAMEASURE(1.33697),$);
#1579= IFCPROPERTYSINGLEVALUE('NetSurfaceArea',$,IFCAREAMEASURE(1.36002),$);
#1580= IFCPROPERTYSINGLEVALUE('GrossVolume',$,IFCVOLUMEMEASURE(0.00485),$);
#1581= IFCPROPERTYSINGLEVALUE('NetVolume',$,IFCVOLUMEMEASURE(0.00472),$);
#1582= IFCPROPERTYSINGLEVALUE('GrossWeight',$,IFCMASSMEASURE(38.08742),$);
#1583= IFCPROPERTYSINGLEVALUE('NetWeight',$,IFCMASSMEASURE(37.04053),$);
#1584= IFCPROPERTYSET('3MHsdUXinBSwPjPNod0I_J',$,'Qto_BeamBaseQuantities','Base quantities that are common to the definition of all occurrences of beams.',(#1576,#987,#1577,#1578,#1579,#1580,#1581,#1582,#1583));
#1585= IFCPROPERTYSINGLEVALUE('ASSEMBLY_POS',$,IFCLABEL('PT/1'),$);
#1586= IFCPROPERTYSET('0bFgeZTazDRPokg0Wo6kzP',$,'BEAM',$,(#1585));
#1587= IFCCARTESIANPOINT((-18.,42.,-26.));
#1588= IFCAXIS2PLACEMENT3D(#1587,#85,#25);
#1589= IFCLOCALPLACEMENT(#1552,#1588);
#1590= IFCCARTESIANPOINTLIST2D(((-9.,-28.),(9.,-28.),(9.,28.),(-9.,28.)));
#1591= IFCINDEXEDPOLYCURVE(#1590,(IFCLINEINDEX((1,2,3,4,1))),$);
#1592= IFCARBITRARYCLOSEDPROFILEDEF(.AREA.,'PL18*56',#1591);
#1593= IFCEXTRUDEDAREASOLID(#1592,#204,#50,52.);
#1594= IFCSHAPEREPRESENTATION(#1143,'Reference','SolidModel',(#1593));
#1595= IFCPRODUCTDEFINITIONSHAPE($,$,(#1594));
#1596= IFCVOIDINGFEATURE('1f2Q4M000BYp4tDZ8oDJGu',$,'NOTCH','PL18*56',$,#1589,#1595,'(?)',.HOLE.);
#1597= IFCCARTESIANPOINT((-18.,-42.,-26.));
#1598= IFCAXIS2PLACEMENT3D(#1597,#85,#25);
#1599= IFCLOCALPLACEMENT(#1552,#1598);
#1600= IFCSHAPEREPRESENTATION(#1143,'Reference','SolidModel',(#1593));
#1601= IFCPRODUCTDEFINITIONSHAPE($,$,(#1600));
#1602= IFCVOIDINGFEATURE('1f2Q4M000BZZ4tDZ8oDJGu',$,'NOTCH','PL18*56',$,#1599,#1601,'(?)',.HOLE.);
#1603= IFCRELAGGREGATES('3msfg8f1TEfAGzAtzlfIcQ',$,$,$,#1551,(#1574));
#1604= IFCCARTESIANPOINT((23225.00409,-1029.93637,6865.70628));
#1605= IFCAXIS2PLACEMENT3D(#1604,#50,#85);
#1606= IFCLOCALPLACEMENT(#36,#1605);
#1607= IFCELEMENTASSEMBLY('1f2Q4M0009y34tDZ8oDJGu',$,'Mevcut',$,$,#1606,$,$,$,.NOTDEFINED.);
#1608= IFCLOCALPLACEMENT(#1606,#26);
#1609= IFCEXTRUDEDAREASOLID(#1331,#204,#50,1430.69577);
#1610= IFCSHAPEREPRESENTATION(#55,'Body','SolidModel',(#1609));
#1611= IFCCARTESIANPOINTLIST3D(((0.,0.,25.),(1430.6,0.,25.)));
#1612= IFCINDEXEDPOLYCURVE(#1611,(IFCLINEINDEX((1,2))),$);
#1613= IFCSHAPEREPRESENTATION(#212,'Axis','Curve3D',(#1612));
#1614= IFCCARTESIANPOINT((715.34789,0.,-9.1607));
#1615= IFCSHAPEREPRESENTATION(#58,'CoG','Point',(#1614));
#1616= IFCPRODUCTDEFINITIONSHAPE($,$,(#1610,#1613,#1615));
#1617= IFCBEAM('1f2Q4M0009yJ4tDZ8oDJGu',$,'Mevcut','UNP100',$,#1608,#1616,'S235JR',.NOTDEFINED.);
#1618= IFCPROPERTYSINGLEVALUE('Length',$,IFCLENGTHMEASURE(1430.69577),$);
#1619= IFCPROPERTYSINGLEVALUE('OuterSurfaceArea',$,IFCAREAMEASURE(0.53222),$);
#1620= IFCPROPERTYSINGLEVALUE('GrossSurfaceArea',$,IFCAREAMEASURE(0.53222),$);
#1621= IFCPROPERTYSINGLEVALUE('NetSurfaceArea',$,IFCAREAMEASURE(0.54809),$);
#1622= IFCPROPERTYSINGLEVALUE('GrossVolume',$,IFCVOLUMEMEASURE(0.00193),$);
#1623= IFCPROPERTYSINGLEVALUE('NetVolume',$,IFCVOLUMEMEASURE(0.0019),$);
#1624= IFCPROPERTYSINGLEVALUE('GrossWeight',$,IFCMASSMEASURE(15.1618),$);
#1625= IFCPROPERTYSINGLEVALUE('NetWeight',$,IFCMASSMEASURE(14.90214),$);
#1626= IFCPROPERTYSET('2doH4qFez4G9XmgrFL5xDM',$,'Qto_BeamBaseQuantities','Base quantities that are common to the definition of all occurrences of beams.',(#1618,#987,#1619,#1620,#1621,#1622,#1623,#1624,#1625));
#1627= IFCPROPERTYSINGLEVALUE('ASSEMBLY_POS',$,IFCLABEL('M/7'),$);
#1628= IFCPROPERTYSET('1MMUA_DiL6Lxx_d8Ws5dym',$,'BEAM',$,(#1627));
#1629= IFCRELAGGREGATES('3OmiSJ9qrCLOTalyz_FClK',$,$,$,#1607,(#1617));
#1630= IFCCARTESIANPOINT((24272.50409,-204.94218,5115.));
#1631= IFCAXIS2PLACEMENT3D(#1630,#24,#85);
#1632= IFCLOCALPLACEMENT(#36,#1631);
#1633= IFCELEMENTASSEMBLY('1f2Q4M000Amp4tDZ8oDJGu',$,'BEAM',$,$,#1632,$,$,$,.NOTDEFINED.);
#1634= IFCCARTESIANPOINT((6.49564,725.87729,-868.95456));
#1635= IFCDIRECTION((0.9968152785,0.059331075,0.053283431));
#1636= IFCDIRECTION((-3.E-10,-0.6681708221,0.7440078981));
#1637= IFCAXIS2PLACEMENT3D(#1634,#1636,#1635);
#1638= IFCLOCALPLACEMENT(#1632,#1637);
#1639= IFCCARTESIANPOINTLIST2D(((0.,0.),(30.1278,0.),(40.92525,9.96815),(45.70677,69.7372),(36.63141,81.29517),(6.8868,86.08497)));
#1640= IFCINDEXEDPOLYCURVE(#1639,(IFCLINEINDEX((1,2,3,4,5,6,1))),$);
#1641= IFCARBITRARYCLOSEDPROFILEDEF(.AREA.,'PL8',#1640);
#1642= IFCEXTRUDEDAREASOLID(#1641,#49,#50,8.);
#1643= IFCSHAPEREPRESENTATION(#55,'Body','SolidModel',(#1642));
#1644= IFCCARTESIANPOINT((22.60253,41.50975,0.));
#1645= IFCSHAPEREPRESENTATION(#58,'CoG','Point',(#1644));
#1646= IFCPRODUCTDEFINITIONSHAPE($,$,(#1643,#1645));
#1647= IFCPLATE('1f90zT0003lp4tDZCvDpap',$,'PLATE','PL8',$,#1638,#1646,'S235JR',.NOTDEFINED.);
#1648= IFCCARTESIANPOINT((6.49564,458.69265,-571.44458));
#1649= IFCAXIS2PLACEMENT3D(#1648,#1636,#1635);
#1650= IFCLOCALPLACEMENT(#1632,#1649);
#1651= IFCSHAPEREPRESENTATION(#55,'Body','SolidModel',(#1642));
#1652= IFCSHAPEREPRESENTATION(#58,'CoG','Point',(#1644));
#1653= IFCPRODUCTDEFINITIONSHAPE($,$,(#1651,#1652));
#1654= IFCPLATE('1f90zT0003fp4tDZCvDpap',$,'PLATE','PL8',$,#1650,#1653,'S235JR',.NOTDEFINED.);
#1655= IFCCARTESIANPOINT((6.49564,191.508,-273.93461));
#1656= IFCAXIS2PLACEMENT3D(#1655,#1636,#1635);
#1657= IFCLOCALPLACEMENT(#1632,#1656);
#1658= IFCSHAPEREPRESENTATION(#55,'Body','SolidModel',(#1642));
#1659= IFCSHAPEREPRESENTATION(#58,'CoG','Point',(#1644));
#1660= IFCPRODUCTDEFINITIONSHAPE($,$,(#1658,#1659));
#1661= IFCPLATE('1f90zT0003Zp4tDZCvDpap',$,'PLATE','PL8',$,#1657,#1660,'S235JR',.NOTDEFINED.);
#1662= IFCCARTESIANPOINT((-10.77637,55.,-162.5));
#1663= IFCAXIS2PLACEMENT3D(#1662,#40,#25);
#1664= IFCLOCALPLACEMENT(#1632,#1663);
#1665= IFCCARTESIANPOINTLIST2D(((0.,0.),(200.,0.),(200.,75.),(0.,75.)));
#1666= IFCINDEXEDPOLYCURVE(#1665,(IFCLINEINDEX((1,2,3,4,1))),$);
#1667= IFCARBITRARYCLOSEDPROFILEDEF(.AREA.,'PL10',#1666);
#1668= IFCEXTRUDEDAREASOLID(#1667,#434,#50,10.);
#1669= IFCSHAPEREPRESENTATION(#55,'Body','SolidModel',(#1668));
#1670= IFCCARTESIANPOINT((100.,37.5,0.));
#1671= IFCSHAPEREPRESENTATION(#58,'CoG','Point',(#1670));
#1672= IFCPRODUCTDEFINITIONSHAPE($,$,(#1669,#1671));
#1673= IFCPLATE('1f90zT0003YJ4tDZCvDpap',$,'PLATE','PL10',$,#1664,#1672,'S235JR',.NOTDEFINED.);
#1674= IFCPROPERTYSINGLEVALUE('Perimeter',$,IFCLENGTHMEASURE(550.),$);
#1675= IFCPROPERTYSINGLEVALUE('GrossArea',$,IFCAREAMEASURE(0.015),$);
#1676= IFCPROPERTYSINGLEVALUE('NetArea',$,IFCAREAMEASURE(0.0355),$);
#1677= IFCPROPERTYSINGLEVALUE('GrossVolume',$,IFCVOLUMEMEASURE(0.00015),$);
#1678= IFCPROPERTYSINGLEVALUE('NetVolume',$,IFCVOLUMEMEASURE(0.00015),$);
#1679= IFCPROPERTYSINGLEVALUE('GrossWeight',$,IFCMASSMEASURE(1.1775),$);
#1680= IFCPROPERTYSINGLEVALUE('NetWeight',$,IFCMASSMEASURE(1.1775),$);
#1681= IFCPROPERTYSET('1hGBHM4b12qxEAjjbxN3f7',$,'Qto_PlateBaseQuantities','Base quantities that are common to the definition of all occurrences of plates.',(#444,#1674,#1675,#1676,#1677,#1678,#1679,#1680));
#1682= IFCCARTESIANPOINT((27.49564,1008.3557,-1118.86995));
#1683= IFCAXIS2PLACEMENT3D(#1682,#39,#1636);
#1684= IFCLOCALPLACEMENT(#1632,#1683);
#1685= IFCCARTESIANPOINTLIST3D(((-39.95334,-50.,-25.),(-129.76029,50.,-25.),(1475.00619,50.,-25.),(1363.65624,-50.,-25.),(-129.76029,50.,25.),(1475.00619,50.,25.),(-123.92284,43.5,25.),(1467.76844,43.5,25.),(-120.76163,39.98,-19.),(1463.84893,39.98,-19.),(-48.952,-39.98,-19.),(1374.8135,-39.98,-19.),(-45.79079,-43.5,25.),(1370.89399,-43.5,25.),(-39.95334,-50.,25.),(1363.65624,-50.,25.)));
#1686= IFCPOLYGONALFACESET(#1685,.T.,(#143,#968,#969,#970,#971,#972,#973,#974,#975,#976),$);
#1687= IFCSHAPEREPRESENTATION(#55,'Body','Tessellation',(#1686));
#1688= IFCCARTESIANPOINTLIST3D(((0.,0.,0.),(1509.2,0.,0.)));
#1689= IFCINDEXEDPOLYCURVE(#1688,(IFCLINEINDEX((1,2))),$);
#1690= IFCSHAPEREPRESENTATION(#212,'Axis','Curve3D',(#1689));
#1691= IFCCARTESIANPOINT((667.45755,2.0457,-9.1607));
#1692= IFCSHAPEREPRESENTATION(#58,'CoG','Point',(#1691));
#1693= IFCPRODUCTDEFINITIONSHAPE($,$,(#1687,#1690,#1692));
#1694= IFCMEMBER('1f90zT0003W34tDZCvDpap',$,'BEAM','UNP100',$,#1684,#1693,'S275JR',.NOTDEFINED.);
#1695= IFCPROPERTYSINGLEVALUE('Slope',$,IFCPLANEANGLEMEASURE(0.73175),$);
#1696= IFCPROPERTYSET('1A0GooCnT9wgh48jYETPHe',$,'Pset_MemberCommon','Properties common to the definition of all occurrences of IfcMember.',(#63,#64,#1695,#182,#66,#67,#68));
#1697= IFCPROPERTYSINGLEVALUE('Length',$,IFCLENGTHMEASURE(1604.76648),$);
#1698= IFCPROPERTYSINGLEVALUE('OuterSurfaceArea',$,IFCAREAMEASURE(0.59697),$);
#1699= IFCPROPERTYSINGLEVALUE('GrossSurfaceArea',$,IFCAREAMEASURE(0.59697),$);
#1700= IFCPROPERTYSINGLEVALUE('NetSurfaceArea',$,IFCAREAMEASURE(0.57723),$);
#1701= IFCPROPERTYSINGLEVALUE('GrossVolume',$,IFCVOLUMEMEASURE(0.00217),$);
#1702= IFCPROPERTYSINGLEVALUE('NetVolume',$,IFCVOLUMEMEASURE(0.002),$);
#1703= IFCPROPERTYSINGLEVALUE('GrossWeight',$,IFCMASSMEASURE(17.00651),$);
#1704= IFCPROPERTYSINGLEVALUE('NetWeight',$,IFCMASSMEASURE(15.66763),$);
#1705= IFCPROPERTYSET('3Wcel6fO5BNBu3mOdYqCd4',$,'Qto_MemberBaseQuantities','Base quantities that are common to the definition of all occurrences of members.',(#1697,#987,#1698,#1699,#1700,#1701,#1702,#1703,#1704));
#1706= IFCCARTESIANPOINT((1660.77202,55.,-162.5));
#1707= IFCAXIS2PLACEMENT3D(#1706,#85,#25);
#1708= IFCLOCALPLACEMENT(#1632,#1707);
#1709= IFCSHAPEREPRESENTATION(#55,'Body','SolidModel',(#1668));
#1710= IFCSHAPEREPRESENTATION(#58,'CoG','Point',(#1670));
#1711= IFCPRODUCTDEFINITIONSHAPE($,$,(#1709,#1710));
#1712= IFCPLATE('1f90zT0002ZZ4tDZCvDpam',$,'PLATE','PL10',$,#1708,#1711,'S235JR',.NOTDEFINED.);
#1713= IFCCARTESIANPOINT((1603.5,728.25812,-866.81642));
#1714= IFCDIRECTION((0.9968152785,-0.059331075,-0.053283431));
#1715= IFCAXIS2PLACEMENT3D(#1713,#1636,#1714);
#1716= IFCLOCALPLACEMENT(#1632,#1715);
#1717= IFCSHAPEREPRESENTATION(#55,'Body','SolidModel',(#951));
#1718= IFCSHAPEREPRESENTATION(#58,'CoG','Point',(#953));
#1719= IFCPRODUCTDEFINITIONSHAPE($,$,(#1717,#1718));
#1720= IFCPLATE('1f4U6M0001SZ4tDZ8tE30m',$,'PLATE','PL8',$,#1716,#1719,'S235JR',.NOTDEFINED.);
#1721= IFCCARTESIANPOINT((1603.5,461.07347,-569.30644));
#1722= IFCAXIS2PLACEMENT3D(#1721,#1636,#1714);
#1723= IFCLOCALPLACEMENT(#1632,#1722);
#1724= IFCSHAPEREPRESENTATION(#55,'Body','SolidModel',(#951));
#1725= IFCSHAPEREPRESENTATION(#58,'CoG','Point',(#953));
#1726= IFCPRODUCTDEFINITIONSHAPE($,$,(#1724,#1725));
#1727= IFCPLATE('1f4U6M0001MZ4tDZ8tE30m',$,'PLATE','PL8',$,#1723,#1726,'S235JR',.NOTDEFINED.);
#1728= IFCCARTESIANPOINT((1603.5,193.88882,-271.79646));
#1729= IFCAXIS2PLACEMENT3D(#1728,#1636,#1714);
#1730= IFCLOCALPLACEMENT(#1632,#1729);
#1731= IFCSHAPEREPRESENTATION(#55,'Body','SolidModel',(#951));
#1732= IFCSHAPEREPRESENTATION(#58,'CoG','Point',(#953));
#1733= IFCPRODUCTDEFINITIONSHAPE($,$,(#1731,#1732));
#1734= IFCPLATE('1f4U6M00017p4tDZ8tE30m',$,'PLATE','PL8',$,#1730,#1733,'S235JR',.NOTDEFINED.);
#1735= IFCCARTESIANPOINT((1203.27202,-9.99979,-473.57618));
#1736= IFCAXIS2PLACEMENT3D(#1735,#50,#24);
#1737= IFCLOCALPLACEMENT(#1632,#1736);
#1738= IFCSURFACESTYLE('S275JR',.POSITIVE.,(#140));
#1739= IFCCARTESIANPOINTLIST3D(((21.72798,-40.,-22.5),(21.72798,40.,-22.5),(387.5,40.,-22.5),(387.5,-40.,-22.5),(21.72798,40.,22.5),(387.5,40.,22.5),(21.72798,33.8,22.5),(387.5,33.8,22.5),(21.72798,30.68,-16.5),(387.5,30.68,-16.5),(21.72798,-30.68,-16.5),(387.5,-30.68,-16.5),(21.72798,-33.8,22.5),(387.5,-33.8,22.5),(21.72798,-40.,22.5),(387.5,-40.,22.5)));
#1740= IFCPOLYGONALFACESET(#1739,.T.,(#143,#968,#969,#970,#971,#972,#973,#974,#975,#976),$);
#1741= IFCSHAPEREPRESENTATION(#55,'Body','Tessellation',(#1740));
#1742= IFCCARTESIANPOINTLIST3D(((0.,0.,0.),(387.6,0.,0.)));
#1743= IFCINDEXEDPOLYCURVE(#1742,(IFCLINEINDEX((1,2))),$);
#1744= IFCSHAPEREPRESENTATION(#212,'Axis','Curve3D',(#1743));
#1745= IFCCARTESIANPOINT((204.61399,0.,-7.68012));
#1746= IFCSHAPEREPRESENTATION(#58,'CoG','Point',(#1745));
#1747= IFCPRODUCTDEFINITIONSHAPE($,$,(#1741,#1744,#1746));
#1748= IFCBEAM('1f2Q4M000DtZ4tDZ8oDJGu',$,'BEAM','UNP80',$,#1737,#1747,'S275JR',.NOTDEFINED.);
#1749= IFCPROPERTYSINGLEVALUE('Length',$,IFCLENGTHMEASURE(365.77202),$);
#1750= IFCPROPERTYSINGLEVALUE('OuterSurfaceArea',$,IFCAREAMEASURE(0.11412),$);
#1751= IFCPROPERTYSINGLEVALUE('GrossSurfaceArea',$,IFCAREAMEASURE(0.11412),$);
#1752= IFCPROPERTYSINGLEVALUE('NetSurfaceArea',$,IFCAREAMEASURE(0.11995),$);
#1753= IFCPROPERTYSINGLEVALUE('GrossVolume',$,IFCVOLUMEMEASURE(0.0004),$);
#1754= IFCPROPERTYSINGLEVALUE('NetVolume',$,IFCVOLUMEMEASURE(0.0004),$);
#1755= IFCPROPERTYSINGLEVALUE('GrossWeight',$,IFCMASSMEASURE(3.15844),$);
#1756= IFCPROPERTYSINGLEVALUE('NetWeight',$,IFCMASSMEASURE(3.11618),$);
#1757= IFCPROPERTYSET('09iI3ADgL6TgAd10S2E91j',$,'Qto_BeamBaseQuantities','Base quantities that are common to the definition of all occurrences of beams.',(#1749,#275,#1750,#1751,#1752,#1753,#1754,#1755,#1756));
#1758= IFCPROPERTYSINGLEVALUE('ASSEMBLY_POS',$,IFCLABEL('PT/2'),$);
#1759= IFCPROPERTYSET('3qTeTtwtTFLwExwpHX$epy',$,'BEAM',$,(#1758));
#1760= IFCCARTESIANPOINT((1202.5,-9.99979,-27.5));
#1761= IFCAXIS2PLACEMENT3D(#1760,#39,#50);
#1762= IFCLOCALPLACEMENT(#1632,#1761);
#1763= IFCCARTESIANPOINTLIST3D(((-2.5,-40.,-22.5),(-2.5,40.,-22.5),(837.5,40.,-22.5),(837.5,-40.,-22.5),(-2.5,40.,22.5),(837.5,40.,22.5),(-2.5,33.8,22.5),(837.5,33.8,22.5),(-2.5,30.68,-16.5),(837.5,30.68,-16.5),(-2.5,-30.68,-16.5),(837.5,-30.68,-16.5),(-2.5,-33.8,22.5),(837.5,-33.8,22.5),(-2.5,-40.,22.5),(837.5,-40.,22.5)));
#1764= IFCPOLYGONALFACESET(#1763,.T.,(#143,#968,#969,#970,#971,#972,#973,#974,#975,#976),$);
#1765= IFCSHAPEREPRESENTATION(#55,'Body','Tessellation',(#1764));
#1766= IFCCARTESIANPOINTLIST3D(((0.,0.,0.),(839.6,0.,0.)));
#1767= IFCINDEXEDPOLYCURVE(#1766,(IFCLINEINDEX((1,2))),$);
#1768= IFCSHAPEREPRESENTATION(#212,'Axis','Curve3D',(#1767));
#1769= IFCCARTESIANPOINT((417.5,0.,-7.68012));
#1770= IFCSHAPEREPRESENTATION(#58,'CoG','Point',(#1769));
#1771= IFCPRODUCTDEFINITIONSHAPE($,$,(#1765,#1768,#1770));
#1772= IFCBEAM('1f2Q4M000Dr34tDZ8oDJGu',$,'BEAM','UNP80',$,#1762,#1771,'S275JR',.NOTDEFINED.);
#1773= IFCPROPERTYSINGLEVALUE('Length',$,IFCLENGTHMEASURE(840.),$);
#1774= IFCPROPERTYSINGLEVALUE('OuterSurfaceArea',$,IFCAREAMEASURE(0.26208),$);
#1775= IFCPROPERTYSINGLEVALUE('GrossSurfaceArea',$,IFCAREAMEASURE(0.26208),$);
#1776= IFCPROPERTYSINGLEVALUE('NetSurfaceArea',$,IFCAREAMEASURE(0.27266),$);
#1777= IFCPROPERTYSINGLEVALUE('GrossVolume',$,IFCVOLUMEMEASURE(0.00092),$);
#1778= IFCPROPERTYSINGLEVALUE('NetVolume',$,IFCVOLUMEMEASURE(0.00091),$);
#1779= IFCPROPERTYSINGLEVALUE('GrossWeight',$,IFCMASSMEASURE(7.2534),$);
#1780= IFCPROPERTYSINGLEVALUE('NetWeight',$,IFCMASSMEASURE(7.15634),$);
#1781= IFCPROPERTYSET('0pdPQtQkjELfAtpQVDjRls',$,'Qto_BeamBaseQuantities','Base quantities that are common to the definition of all occurrences of beams.',(#1773,#275,#1774,#1775,#1776,#1777,#1778,#1779,#1780));
#1782= IFCCARTESIANPOINT((1643.5,43.18,-747.50014));
#1783= IFCDIRECTION((-0.9968152786,-0.079745222,0.));
#1784= IFCAXIS2PLACEMENT3D(#1782,#25,#1783);
#1785= IFCLOCALPLACEMENT(#1632,#1784);
#1786= IFCSHAPEREPRESENTATION(#55,'Body','SolidModel',(#1642));
#1787= IFCSHAPEREPRESENTATION(#58,'CoG','Point',(#1644));
#1788= IFCPRODUCTDEFINITIONSHAPE($,$,(#1786,#1787));
#1789= IFCPLATE('1f2Q4M000DpJ4tDZ8oDJGu',$,'PLATE','PL8',$,#1785,#1788,'S235JR',.NOTDEFINED.);
#1790= IFCCARTESIANPOINT((1643.5,43.18,-448.57618));
#1791= IFCAXIS2PLACEMENT3D(#1790,#25,#1783);
#1792= IFCLOCALPLACEMENT(#1632,#1791);
#1793= IFCSHAPEREPRESENTATION(#55,'Body','SolidModel',(#1642));
#1794= IFCSHAPEREPRESENTATION(#58,'CoG','Point',(#1644));
#1795= IFCPRODUCTDEFINITIONSHAPE($,$,(#1793,#1794));
#1796= IFCPLATE('1f2Q4M000DnJ4tDZ8oDJGu',$,'PLATE','PL8',$,#1792,#1795,'S235JR',.NOTDEFINED.);
#1797= IFCCARTESIANPOINT((1643.5,43.18,-870.94782));
#1798= IFCAXIS2PLACEMENT3D(#1797,#25,#1783);
#1799= IFCLOCALPLACEMENT(#1632,#1798);
#1800= IFCSHAPEREPRESENTATION(#55,'Body','SolidModel',(#1642));
#1801= IFCSHAPEREPRESENTATION(#58,'CoG','Point',(#1644));
#1802= IFCPRODUCTDEFINITIONSHAPE($,$,(#1800,#1801));
#1803= IFCPLATE('1f2Q4M000DdJ4tDZ8oDJGu',$,'PLATE','PL8',$,#1799,#1802,'S235JR',.NOTDEFINED.);
#1804= IFCCARTESIANPOINT((45.72798,39.98,-870.94782));
#1805= IFCDIRECTION((-0.9968152786,0.079745222,0.));
#1806= IFCAXIS2PLACEMENT3D(#1804,#25,#1805);
#1807= IFCLOCALPLACEMENT(#1632,#1806);
#1808= IFCSHAPEREPRESENTATION(#55,'Body','SolidModel',(#951));
#1809= IFCSHAPEREPRESENTATION(#58,'CoG','Point',(#953));
#1810= IFCPRODUCTDEFINITIONSHAPE($,$,(#1808,#1809));
#1811= IFCPLATE('1f2Q4M000DbJ4tDZ8oDJGu',$,'PLATE','PL8',$,#1807,#1810,'S235JR',.NOTDEFINED.);
#1812= IFCCARTESIANPOINT((45.72798,39.98,-452.57618));
#1813= IFCAXIS2PLACEMENT3D(#1812,#25,#1805);
#1814= IFCLOCALPLACEMENT(#1632,#1813);
#1815= IFCSHAPEREPRESENTATION(#55,'Body','SolidModel',(#951));
#1816= IFCSHAPEREPRESENTATION(#58,'CoG','Point',(#953));
#1817= IFCPRODUCTDEFINITIONSHAPE($,$,(#1815,#1816));
#1818= IFCPLATE('1f2Q4M000DZJ4tDZ8oDJGu',$,'PLATE','PL8',$,#1814,#1817,'S235JR',.NOTDEFINED.);
#1819= IFCCARTESIANPOINT((1595.,-39.98,-19.));
#1820= IFCAXIS2PLACEMENT3D(#1819,#39,#945);
#1821= IFCLOCALPLACEMENT(#1632,#1820);
#1822= IFCSHAPEREPRESENTATION(#55,'Body','SolidModel',(#951));
#1823= IFCSHAPEREPRESENTATION(#58,'CoG','Point',(#953));
#1824= IFCPRODUCTDEFINITIONSHAPE($,$,(#1822,#1823));
#1825= IFCPLATE('1f2Q4M000DTJ4tDZ8oDJGu',$,'PLATE','PL8',$,#1821,#1824,'S235JR',.NOTDEFINED.);
#1826= IFCCARTESIANPOINT((450.,-39.98,-19.));
#1827= IFCAXIS2PLACEMENT3D(#1826,#39,#945);
#1828= IFCLOCALPLACEMENT(#1632,#1827);
#1829= IFCSHAPEREPRESENTATION(#55,'Body','SolidModel',(#951));
#1830= IFCSHAPEREPRESENTATION(#58,'CoG','Point',(#953));
#1831= IFCPRODUCTDEFINITIONSHAPE($,$,(#1829,#1830));
#1832= IFCPLATE('1f2Q4M000DRJ4tDZ8oDJGu',$,'PLATE','PL8',$,#1828,#1831,'S235JR',.NOTDEFINED.);
#1833= IFCCARTESIANPOINT((820.,-39.98,-19.));
#1834= IFCAXIS2PLACEMENT3D(#1833,#39,#945);
#1835= IFCLOCALPLACEMENT(#1632,#1834);
#1836= IFCSHAPEREPRESENTATION(#55,'Body','SolidModel',(#951));
#1837= IFCSHAPEREPRESENTATION(#58,'CoG','Point',(#953));
#1838= IFCPRODUCTDEFINITIONSHAPE($,$,(#1836,#1837));
#1839= IFCPLATE('1f2Q4M000DPJ4tDZ8oDJGu',$,'PLATE','PL8',$,#1835,#1838,'S235JR',.NOTDEFINED.);
#1840= IFCCARTESIANPOINT((55.,-39.98,-19.));
#1841= IFCAXIS2PLACEMENT3D(#1840,#39,#945);
#1842= IFCLOCALPLACEMENT(#1632,#1841);
#1843= IFCSHAPEREPRESENTATION(#55,'Body','SolidModel',(#951));
#1844= IFCSHAPEREPRESENTATION(#58,'CoG','Point',(#953));
#1845= IFCPRODUCTDEFINITIONSHAPE($,$,(#1843,#1844));
#1846= IFCPLATE('1f2Q4M000DNJ4tDZ8oDJGu',$,'PLATE','PL8',$,#1842,#1845,'S235JR',.NOTDEFINED.);
#1847= IFCCARTESIANPOINT((815.,-10.,-747.5));
#1848= IFCAXIS2PLACEMENT3D(#1847,#50,#24);
#1849= IFCLOCALPLACEMENT(#1632,#1848);
#1850= IFCCARTESIANPOINTLIST3D(((355.,-30.68,-16.5),(355.,-33.8,22.5),(355.,-40.,22.5),(355.,-40.,-22.5),(355.,-24.,-22.5),(355.,-24.,-16.5),(404.,-24.,-16.5),(404.,-24.,-22.5),(0.,40.,22.5),(0.,33.8,22.5),(355.,33.8,22.5),(355.,40.,22.5),(0.,40.,-22.5),(355.,40.,-22.5),(0.,-40.,22.5),(0.,-33.8,22.5),(0.,-30.68,-16.5),(0.,30.68,-16.5),(0.,-40.,-22.5),(355.,30.68,-16.5),(355.,23.99989,-16.5),(355.,23.99989,-22.5),(404.,23.99989,-16.5),(404.,23.99989,-22.5)));
#1851= IFCINDEXEDPOLYGONALFACE((7,6,5,8));
#1852= IFCINDEXEDPOLYGONALFACE((13,9,12,14));
#1853= IFCINDEXEDPOLYGONALFACE((15,16,17,18,10,9,13,19));
#1854= IFCINDEXEDPOLYGONALFACE((10,18,20,11));
#1855= IFCINDEXEDPOLYGONALFACE((12,11,20,21,22,14));
#1856= IFCINDEXEDPOLYGONALFACE((24,23,7,8));
#1857= IFCINDEXEDPOLYGONALFACE((4,19,13,14,22,24,8,5));
#1858= IFCINDEXEDPOLYGONALFACE((15,19,4,3));
#1859= IFCINDEXEDPOLYGONALFACE((16,15,3,2));
#1860= IFCINDEXEDPOLYGONALFACE((17,16,2,1));
#1861= IFCINDEXEDPOLYGONALFACE((23,21,20,18,17,1,6,7));
#1862= IFCPOLYGONALFACESET(#1850,.T.,(#1307,#1851,#1555,#1852,#1853,#1854,#1855,#153,#1856,#1857,#1858,#1859,#1860,#1861),$);
#1863= IFCSHAPEREPRESENTATION(#55,'Body','Tessellation',(#1862));
#1864= IFCSHAPEREPRESENTATION(#212,'Axis','Curve3D',(#1743));
#1865= IFCCARTESIANPOINT((184.63749,0.,-8.09776));
#1866= IFCSHAPEREPRESENTATION(#58,'CoG','Point',(#1865));
#1867= IFCPRODUCTDEFINITIONSHAPE($,$,(#1863,#1864,#1866));
#1868= IFCBEAM('1f2Q4M00077p4tDZ8oDJGu',$,'BEAM','UNP80',$,#1849,#1867,'S275JR',.NOTDEFINED.);
#1869= IFCPROPERTYSINGLEVALUE('Length',$,IFCLENGTHMEASURE(404.),$);
#1870= IFCPROPERTYSINGLEVALUE('OuterSurfaceArea',$,IFCAREAMEASURE(0.12605),$);
#1871= IFCPROPERTYSINGLEVALUE('GrossSurfaceArea',$,IFCAREAMEASURE(0.12605),$);
#1872= IFCPROPERTYSINGLEVALUE('NetSurfaceArea',$,IFCAREAMEASURE(0.12178),$);
#1873= IFCPROPERTYSINGLEVALUE('GrossVolume',$,IFCVOLUMEMEASURE(0.00044),$);
#1874= IFCPROPERTYSINGLEVALUE('GrossWeight',$,IFCMASSMEASURE(3.48854),$);
#1875= IFCPROPERTYSINGLEVALUE('NetWeight',$,IFCMASSMEASURE(3.13518),$);
#1876= IFCPROPERTYSET('3xphqGgr95tOzToJQR6bwr',$,'Qto_BeamBaseQuantities','Base quantities that are common to the definition of all occurrences of beams.',(#1869,#275,#1870,#1871,#1872,#1873,#1754,#1874,#1875));
#1877= IFCCARTESIANPOINT((380.5,32.49989,23.5));
#1878= IFCAXIS2PLACEMENT3D(#1877,#85,#50);
#1879= IFCLOCALPLACEMENT(#1849,#1878);
#1880= IFCCARTESIANPOINTLIST2D(((-8.5,-25.5),(8.5,-25.5),(8.5,25.5),(-8.5,25.5)));
#1881= IFCINDEXEDPOLYCURVE(#1880,(IFCLINEINDEX((1,2,3,4,1))),$);
#1882= IFCARBITRARYCLOSEDPROFILEDEF(.AREA.,'PL17*51',#1881);
#1883= IFCEXTRUDEDAREASOLID(#1882,#204,#50,47.);
#1884= IFCSHAPEREPRESENTATION(#1143,'Reference','SolidModel',(#1883));
#1885= IFCPRODUCTDEFINITIONSHAPE($,$,(#1884));
#1886= IFCVOIDINGFEATURE('1f2Q4M000E_Z4tDZ8oDJGu',$,'NOTCH','PL17*51',$,#1879,#1885,'(?)',.HOLE.);
#1887= IFCCARTESIANPOINT((380.5,-32.5,23.5));
#1888= IFCAXIS2PLACEMENT3D(#1887,#85,#50);
#1889= IFCLOCALPLACEMENT(#1849,#1888);
#1890= IFCSHAPEREPRESENTATION(#1143,'Reference','SolidModel',(#1883));
#1891= IFCPRODUCTDEFINITIONSHAPE($,$,(#1890));
#1892= IFCVOIDINGFEATURE('1f2Q4M000E$J4tDZ8oDJGu',$,'NOTCH','PL17*51',$,#1889,#1891,'(?)',.HOLE.);
#1893= IFCCARTESIANPOINT((815.77202,-9.99979,-473.57618));
#1894= IFCAXIS2PLACEMENT3D(#1893,#50,#24);
#1895= IFCLOCALPLACEMENT(#1632,#1894);
#1896= IFCCARTESIANPOINTLIST3D(((354.22798,-30.68,-16.5),(354.22798,-33.8,22.5),(354.22798,-40.,22.5),(354.22798,-40.,-22.5),(354.22798,-24.,-22.5),(354.22798,-24.,-16.5),(403.22798,-24.,-16.5),(403.22798,-24.,-22.5),(0.95597,40.,22.5),(0.95597,33.8,22.5),(354.22798,33.8,22.5),(354.22798,40.,22.5),(0.95597,40.,-22.5),(354.22798,40.,-22.5),(0.95597,-40.,22.5),(0.95597,-33.8,22.5),(0.95597,-30.68,-16.5),(0.95597,30.68,-16.5),(0.95597,-40.,-22.5),(354.22798,30.68,-16.5),(354.22798,24.,-16.5),(354.22798,24.,-22.5),(403.22798,24.,-16.5),(403.22798,24.,-22.5)));
#1897= IFCPOLYGONALFACESET(#1896,.T.,(#1307,#1851,#1555,#1852,#1853,#1854,#1855,#153,#1856,#1857,#1858,#1859,#1860,#1861),$);
#1898= IFCSHAPEREPRESENTATION(#55,'Body','Tessellation',(#1897));
#1899= IFCSHAPEREPRESENTATION(#212,'Axis','Curve3D',(#1743));
#1900= IFCCARTESIANPOINT((184.73249,0.,-8.09974));
#1901= IFCSHAPEREPRESENTATION(#58,'CoG','Point',(#1900));
#1902= IFCPRODUCTDEFINITIONSHAPE($,$,(#1898,#1899,#1901));
#1903= IFCBEAM('1f2Q4M00076p4tDZ8oDJGu',$,'BEAM','UNP80',$,#1895,#1902,'S275JR',.NOTDEFINED.);
#1904= IFCPROPERTYSINGLEVALUE('Length',$,IFCLENGTHMEASURE(402.27202),$);
#1905= IFCPROPERTYSINGLEVALUE('OuterSurfaceArea',$,IFCAREAMEASURE(0.12551),$);
#1906= IFCPROPERTYSINGLEVALUE('GrossSurfaceArea',$,IFCAREAMEASURE(0.12551),$);
#1907= IFCPROPERTYSINGLEVALUE('NetSurfaceArea',$,IFCAREAMEASURE(0.12122),$);
#1908= IFCPROPERTYSINGLEVALUE('GrossWeight',$,IFCMASSMEASURE(3.47362),$);
#1909= IFCPROPERTYSINGLEVALUE('NetWeight',$,IFCMASSMEASURE(3.12046),$);
#1910= IFCPROPERTYSET('0xA5fbtBD4W9djbmobIy9n',$,'Qto_BeamBaseQuantities','Base quantities that are common to the definition of all occurrences of beams.',(#1904,#275,#1905,#1906,#1907,#1873,#1754,#1908,#1909));
#1911= IFCCARTESIANPOINT((379.72798,32.5,23.5));
#1912= IFCAXIS2PLACEMENT3D(#1911,#85,#50);
#1913= IFCLOCALPLACEMENT(#1895,#1912);
#1914= IFCSHAPEREPRESENTATION(#1143,'Reference','SolidModel',(#1883));
#1915= IFCPRODUCTDEFINITIONSHAPE($,$,(#1914));
#1916= IFCVOIDINGFEATURE('1f2Q4M000Dwp4tDZ8oDJGu',$,'NOTCH','PL17*51',$,#1913,#1915,'(?)',.HOLE.);
#1917= IFCCARTESIANPOINT((379.72798,-32.5,23.5));
#1918= IFCAXIS2PLACEMENT3D(#1917,#85,#50);
#1919= IFCLOCALPLACEMENT(#1895,#1918);
#1920= IFCSHAPEREPRESENTATION(#1143,'Reference','SolidModel',(#1883));
#1921= IFCPRODUCTDEFINITIONSHAPE($,$,(#1920));
#1922= IFCVOIDINGFEATURE('1f2Q4M000DxZ4tDZ8oDJGu',$,'NOTCH','PL17*51',$,#1919,#1921,'(?)',.HOLE.);
#1923= IFCCARTESIANPOINT((1227.5,-39.98,-19.));
#1924= IFCAXIS2PLACEMENT3D(#1923,#39,#945);
#1925= IFCLOCALPLACEMENT(#1632,#1924);
#1926= IFCSHAPEREPRESENTATION(#55,'Body','SolidModel',(#951));
#1927= IFCSHAPEREPRESENTATION(#58,'CoG','Point',(#953));
#1928= IFCPRODUCTDEFINITIONSHAPE($,$,(#1926,#1927));
#1929= IFCPLATE('1f4mtt0002N34tDZ8uDZ0s',$,'PLATE','PL8',$,#1925,#1928,'S235JR',.NOTDEFINED.);
#1930= IFCCARTESIANPOINT((-6.54385,990.,-1186.00409));
#1931= IFCAXIS2PLACEMENT3D(#1930,#25,#24);
#1932= IFCLOCALPLACEMENT(#1632,#1931);
#1933= IFCCARTESIANPOINTLIST2D(((0.,0.),(70.00037,0.),(70.00037,160.),(0.,160.)));
#1934= IFCINDEXEDPOLYCURVE(#1933,(IFCLINEINDEX((1,2,3,4,1))),$);
#1935= IFCARBITRARYCLOSEDPROFILEDEF(.AREA.,'PL8',#1934);
#1936= IFCEXTRUDEDAREASOLID(#1935,#49,#50,8.);
#1937= IFCSHAPEREPRESENTATION(#55,'Body','SolidModel',(#1936));
#1938= IFCCARTESIANPOINT((35.00018,80.,0.));
#1939= IFCSHAPEREPRESENTATION(#58,'CoG','Point',(#1938));
#1940= IFCPRODUCTDEFINITIONSHAPE($,$,(#1937,#1939));
#1941= IFCPLATE('1f2Q4M0006f34tDZ8oDJGu',$,'PLATE','PL8',$,#1932,#1940,'S235JR',.NOTDEFINED.);
#1942= IFCPROPERTYSINGLEVALUE('Perimeter',$,IFCLENGTHMEASURE(460.00073),$);
#1943= IFCPROPERTYSINGLEVALUE('GrossArea',$,IFCAREAMEASURE(0.0112),$);
#1944= IFCPROPERTYSINGLEVALUE('NetArea',$,IFCAREAMEASURE(0.02608),$);
#1945= IFCPROPERTYSINGLEVALUE('GrossVolume',$,IFCVOLUMEMEASURE(9.E-05),$);
#1946= IFCPROPERTYSINGLEVALUE('NetVolume',$,IFCVOLUMEMEASURE(9.E-05),$);
#1947= IFCPROPERTYSINGLEVALUE('GrossWeight',$,IFCMASSMEASURE(0.70336),$);
#1948= IFCPROPERTYSINGLEVALUE('NetWeight',$,IFCMASSMEASURE(0.70336),$);
#1949= IFCPROPERTYSET('01BVeruK1CLO3feYb_VD2i',$,'Qto_PlateBaseQuantities','Base quantities that are common to the definition of all occurrences of plates.',(#70,#1942,#1943,#1944,#1945,#1946,#1947,#1948));
#1950= IFCCARTESIANPOINT((1622.5,0.,3.93365));
#1951= IFCDIRECTION((0.,0.6681708221,-0.7440078981));
#1952= IFCAXIS2PLACEMENT3D(#1950,#24,#1951);
#1953= IFCLOCALPLACEMENT(#1632,#1952);
#1954= IFCCARTESIANPOINTLIST3D(((145.47237,-50.,-25.),(34.12242,50.,-25.),(1591.17435,50.,-25.),(1501.3674,-50.,-25.),(34.12242,50.,25.),(1591.17435,50.,25.),(41.36017,43.5,25.),(1585.3369,43.5,25.),(45.27968,39.98,-19.),(1582.1757,39.98,-19.),(134.31511,-39.98,-19.),(1510.36606,-39.98,-19.),(138.23463,-43.5,25.),(1507.20485,-43.5,25.),(145.47237,-50.,25.),(1501.3674,-50.,25.)));
#1955= IFCPOLYGONALFACESET(#1954,.T.,(#143,#968,#969,#970,#971,#972,#973,#974,#975,#976),$);
#1956= IFCSHAPEREPRESENTATION(#55,'Body','Tessellation',(#1955));
#1957= IFCSHAPEREPRESENTATION(#212,'Axis','Curve3D',(#1689));
#1958= IFCCARTESIANPOINT((817.80657,2.11271,-9.1607));
#1959= IFCSHAPEREPRESENTATION(#58,'CoG','Point',(#1958));
#1960= IFCPRODUCTDEFINITIONSHAPE($,$,(#1956,#1957,#1959));
#1961= IFCMEMBER('1f2Q4M0006i34tDZ8oDJGu',$,'BEAM','UNP100',$,#1953,#1960,'S275JR',.NOTDEFINED.);
#1962= IFCPROPERTYSINGLEVALUE('Length',$,IFCLENGTHMEASURE(1557.05193),$);
#1963= IFCPROPERTYSINGLEVALUE('OuterSurfaceArea',$,IFCAREAMEASURE(0.57922),$);
#1964= IFCPROPERTYSINGLEVALUE('GrossSurfaceArea',$,IFCAREAMEASURE(0.57922),$);
#1965= IFCPROPERTYSINGLEVALUE('NetSurfaceArea',$,IFCAREAMEASURE(0.55904),$);
#1966= IFCPROPERTYSINGLEVALUE('GrossVolume',$,IFCVOLUMEMEASURE(0.0021),$);
#1967= IFCPROPERTYSINGLEVALUE('NetVolume',$,IFCVOLUMEMEASURE(0.00193),$);
#1968= IFCPROPERTYSINGLEVALUE('GrossWeight',$,IFCMASSMEASURE(16.50086),$);
#1969= IFCPROPERTYSINGLEVALUE('NetWeight',$,IFCMASSMEASURE(15.17064),$);
#1970= IFCPROPERTYSET('0qg02rqd5FdRg$26w1d5NA',$,'Qto_MemberBaseQuantities','Base quantities that are common to the definition of all occurrences of members.',(#1962,#987,#1963,#1964,#1965,#1966,#1967,#1968,#1969));
#1971= IFCCARTESIANPOINT((-0.77202,0.,-890.));
#1972= IFCAXIS2PLACEMENT3D(#1971,#50,#24);
#1973= IFCLOCALPLACEMENT(#1632,#1972);
#1974= IFCCARTESIANPOINTLIST3D(((52.5,-50.,-25.),(52.5,50.,-25.),(1598.27202,50.,-25.),(1598.27202,-50.,-25.),(52.5,50.,25.),(1598.27202,50.,25.),(52.5,43.5,25.),(1598.27202,43.5,25.),(52.5,39.98,-19.),(1598.27202,39.98,-19.),(52.5,-39.98,-19.),(1598.27202,-39.98,-19.),(52.5,-43.5,25.),(1598.27202,-43.5,25.),(52.5,-50.,25.),(1598.27202,-50.,25.)));
#1975= IFCPOLYGONALFACESET(#1974,.T.,(#143,#968,#969,#970,#971,#972,#973,#974,#975,#976),$);
#1976= IFCSHAPEREPRESENTATION(#55,'Body','Tessellation',(#1975));
#1977= IFCSHAPEREPRESENTATION(#212,'Axis','Curve3D',(#980));
#1978= IFCCARTESIANPOINT((825.38601,0.,-9.1607));
#1979= IFCSHAPEREPRESENTATION(#58,'CoG','Point',(#1978));
#1980= IFCPRODUCTDEFINITIONSHAPE($,$,(#1976,#1977,#1979));
#1981= IFCBEAM('1f2Q4M0006k34tDZ8oDJGu',$,'BEAM','UNP100',$,#1973,#1980,'S275JR',.NOTDEFINED.);
#1982= IFCPROPERTYSINGLEVALUE('Length',$,IFCLENGTHMEASURE(1545.77202),$);
#1983= IFCPROPERTYSINGLEVALUE('OuterSurfaceArea',$,IFCAREAMEASURE(0.57503),$);
#1984= IFCPROPERTYSINGLEVALUE('GrossSurfaceArea',$,IFCAREAMEASURE(0.57503),$);
#1985= IFCPROPERTYSINGLEVALUE('NetSurfaceArea',$,IFCAREAMEASURE(0.59197),$);
#1986= IFCPROPERTYSINGLEVALUE('GrossVolume',$,IFCVOLUMEMEASURE(0.00209),$);
#1987= IFCPROPERTYSINGLEVALUE('NetVolume',$,IFCVOLUMEMEASURE(0.00205),$);
#1988= IFCPROPERTYSINGLEVALUE('GrossWeight',$,IFCMASSMEASURE(16.38132),$);
#1989= IFCPROPERTYSINGLEVALUE('NetWeight',$,IFCMASSMEASURE(16.10077),$);
#1990= IFCPROPERTYSET('29Hol7LNPCXB6kfUtfkZln',$,'Qto_BeamBaseQuantities','Base quantities that are common to the definition of all occurrences of beams.',(#1982,#987,#1983,#1984,#1985,#1986,#1987,#1988,#1989));
#1991= IFCCARTESIANPOINT((1622.5,0.,-1217.5));
#1992= IFCAXIS2PLACEMENT3D(#1991,#24,#25);
#1993= IFCLOCALPLACEMENT(#1632,#1992);
#1994= IFCCARTESIANPOINTLIST3D(((105.02091,22.,-19.),(105.02091,22.,-25.),(-1.75409,22.,-25.),(-1.75409,22.,-19.),(105.02091,50.,25.),(105.02091,50.,-25.),(105.02091,39.98,-19.),(105.02091,43.5,25.),(-1.75409,-39.98,-19.),(-1.75409,-43.5,25.),(1192.5,-43.5,25.),(1192.5,-39.98,-19.),(-1.75409,-50.,25.),(1192.5,-50.,25.),(-1.75409,-50.,-25.),(1192.5,-50.,-25.),(1192.5,50.,25.),(1192.5,43.5,25.),(1192.5,39.98,-19.),(1192.5,50.,-25.)));
#1995= IFCINDEXEDPOLYGONALFACE((5,6,2,1,7,8));
#1996= IFCINDEXEDPOLYGONALFACE((17,18,19,12,11,14,16,20));
#1997= IFCINDEXEDPOLYGONALFACE((18,17,5,8));
#1998= IFCINDEXEDPOLYGONALFACE((19,18,8,7));
#1999= IFCINDEXEDPOLYGONALFACE((4,9,12,19,7,1));
#2000= IFCINDEXEDPOLYGONALFACE((15,13,10,9,4,3));
#2001= IFCINDEXEDPOLYGONALFACE((20,16,15,3,2,6));
#2002= IFCINDEXEDPOLYGONALFACE((17,20,6,5));
#2003= IFCPOLYGONALFACESET(#1994,.T.,(#143,#1995,#1555,#1556,#973,#1996,#1997,#1998,#1999,#2000,#2001,#2002),$);
#2004= IFCSHAPEREPRESENTATION(#55,'Body','Tessellation',(#2003));
#2005= IFCCARTESIANPOINTLIST3D(((0.,0.,0.),(1220.,0.,0.)));
#2006= IFCINDEXEDPOLYCURVE(#2005,(IFCLINEINDEX((1,2))),$);
#2007= IFCSHAPEREPRESENTATION(#212,'Axis','Curve3D',(#2006));
#2008= IFCCARTESIANPOINT((615.567,-1.58611,-9.27914));
#2009= IFCSHAPEREPRESENTATION(#58,'CoG','Point',(#2008));
#2010= IFCPRODUCTDEFINITIONSHAPE($,$,(#2004,#2007,#2009));
#2011= IFCBEAM('1f2Q4M0006l34tDZ8oDJGu',$,'BEAM','UNP100',$,#1993,#2010,'S275JR',.NOTDEFINED.);
#2012= IFCPROPERTYSINGLEVALUE('Length',$,IFCLENGTHMEASURE(1194.25409),$);
#2013= IFCPROPERTYSINGLEVALUE('OuterSurfaceArea',$,IFCAREAMEASURE(0.44426),$);
#2014= IFCPROPERTYSINGLEVALUE('GrossSurfaceArea',$,IFCAREAMEASURE(0.44426),$);
#2015= IFCPROPERTYSINGLEVALUE('NetSurfaceArea',$,IFCAREAMEASURE(0.44294),$);
#2016= IFCPROPERTYSINGLEVALUE('GrossVolume',$,IFCVOLUMEMEASURE(0.00161),$);
#2017= IFCPROPERTYSINGLEVALUE('NetVolume',$,IFCVOLUMEMEASURE(0.00153),$);
#2018= IFCPROPERTYSINGLEVALUE('GrossWeight',$,IFCMASSMEASURE(12.65611),$);
#2019= IFCPROPERTYSINGLEVALUE('NetWeight',$,IFCMASSMEASURE(11.99392),$);
#2020= IFCPROPERTYSET('2atY5jK3L2IAFG0QdAglQY',$,'Qto_BeamBaseQuantities','Base quantities that are common to the definition of all occurrences of beams.',(#2012,#987,#2013,#2014,#2015,#2016,#2017,#2018,#2019));
#2021= IFCCARTESIANPOINT((50.62091,36.5,-26.));
#2022= IFCAXIS2PLACEMENT3D(#2021,#85,#25);
#2023= IFCLOCALPLACEMENT(#1993,#2022);
#2024= IFCEXTRUDEDAREASOLID(#1158,#204,#50,52.);
#2025= IFCSHAPEREPRESENTATION(#1143,'Reference','SolidModel',(#2024));
#2026= IFCPRODUCTDEFINITIONSHAPE($,$,(#2025));
#2027= IFCVOIDINGFEATURE('1f2Q4M0006bp4tDZ8oDJGu',$,'NOTCH','PL29*108.8',$,#2023,#2026,'(?)',.HOLE.);
#2028= IFCLOCALPLACEMENT(#1632,#26);
#2029= IFCEXTRUDEDAREASOLID(#1331,#204,#50,1650.);
#2030= IFCSHAPEREPRESENTATION(#55,'Body','SolidModel',(#2029));
#2031= IFCSHAPEREPRESENTATION(#212,'Axis','Curve3D',(#980));
#2032= IFCCARTESIANPOINT((825.,0.,-9.1607));
#2033= IFCSHAPEREPRESENTATION(#58,'CoG','Point',(#2032));
#2034= IFCPRODUCTDEFINITIONSHAPE($,$,(#2030,#2031,#2033));
#2035= IFCBEAM('1f2Q4M000AmZ4tDZ8oDJGu',$,'BEAM','UNP100',$,#2028,#2034,'S275JR',.NOTDEFINED.);
#2036= IFCPROPERTYSINGLEVALUE('Length',$,IFCLENGTHMEASURE(1650.),$);
#2037= IFCPROPERTYSINGLEVALUE('OuterSurfaceArea',$,IFCAREAMEASURE(0.6138),$);
#2038= IFCPROPERTYSINGLEVALUE('GrossSurfaceArea',$,IFCAREAMEASURE(0.6138),$);
#2039= IFCPROPERTYSINGLEVALUE('NetSurfaceArea',$,IFCAREAMEASURE(0.6317),$);
#2040= IFCPROPERTYSINGLEVALUE('GrossVolume',$,IFCVOLUMEMEASURE(0.00223),$);
#2041= IFCPROPERTYSINGLEVALUE('NetVolume',$,IFCVOLUMEMEASURE(0.00219),$);
#2042= IFCPROPERTYSINGLEVALUE('GrossWeight',$,IFCMASSMEASURE(17.48588),$);
#2043= IFCPROPERTYSINGLEVALUE('NetWeight',$,IFCMASSMEASURE(17.18641),$);
#2044= IFCPROPERTYSET('3NbeJfEMzCnPh946hx0ug5',$,'Qto_BeamBaseQuantities','Base quantities that are common to the definition of all occurrences of beams.',(#2036,#987,#2037,#2038,#2039,#2040,#2041,#2042,#2043));
#2045= IFCCARTESIANPOINT((450.,-9.99979,-473.57618));
#2046= IFCAXIS2PLACEMENT3D(#2045,#50,#24);
#2047= IFCLOCALPLACEMENT(#1632,#2046);
#2048= IFCCARTESIANPOINTLIST3D(((311.72798,-30.68,-16.5),(311.72798,-33.8,22.5),(311.72798,-40.,22.5),(311.72798,-40.,-22.5),(311.72798,-23.99989,-22.5),(311.72798,-23.99989,-16.5),(360.72798,-23.99989,-16.5),(360.72798,-23.99989,-22.5),(-3.27202,40.,22.5),(-3.27202,33.8,22.5),(311.72798,33.8,22.5),(311.72798,40.,22.5),(-3.27202,40.,-22.5),(311.72798,40.,-22.5),(-3.27202,-40.,22.5),(-3.27202,-33.8,22.5),(-3.27202,-30.68,-16.5),(-3.27202,30.68,-16.5),(-3.27202,-40.,-22.5),(311.72798,30.68,-16.5),(311.72798,24.,-16.5),(311.72798,24.,-22.5),(360.72798,24.,-16.5),(360.72798,24.,-22.5)));
#2049= IFCPOLYGONALFACESET(#2048,.T.,(#1307,#1851,#1555,#1852,#1853,#1854,#1855,#153,#1856,#1857,#1858,#1859,#1860,#1861),$);
#2050= IFCSHAPEREPRESENTATION(#55,'Body','Tessellation',(#2049));
#2051= IFCCARTESIANPOINTLIST3D(((0.,0.,0.),(330.,0.,0.)));
#2052= IFCINDEXEDPOLYCURVE(#2051,(IFCLINEINDEX((1,2))),$);
#2053= IFCSHAPEREPRESENTATION(#212,'Axis','Curve3D',(#2052));
#2054= IFCCARTESIANPOINT((161.44303,0.,-8.1487));
#2055= IFCSHAPEREPRESENTATION(#58,'CoG','Point',(#2054));
#2056= IFCPRODUCTDEFINITIONSHAPE($,$,(#2050,#2053,#2055));
#2057= IFCBEAM('1f2Q4M000AnZ4tDZ8oDJGu',$,'BEAM','UNP80',$,#2047,#2056,'S275JR',.NOTDEFINED.);
#2058= IFCPROPERTYSINGLEVALUE('Length',$,IFCLENGTHMEASURE(364.),$);
#2059= IFCPROPERTYSINGLEVALUE('OuterSurfaceArea',$,IFCAREAMEASURE(0.11357),$);
#2060= IFCPROPERTYSINGLEVALUE('GrossSurfaceArea',$,IFCAREAMEASURE(0.11357),$);
#2061= IFCPROPERTYSINGLEVALUE('NetSurfaceArea',$,IFCAREAMEASURE(0.1089),$);
#2062= IFCPROPERTYSINGLEVALUE('NetVolume',$,IFCVOLUMEMEASURE(0.00036),$);
#2063= IFCPROPERTYSINGLEVALUE('GrossWeight',$,IFCMASSMEASURE(3.14314),$);
#2064= IFCPROPERTYSINGLEVALUE('NetWeight',$,IFCMASSMEASURE(2.79441),$);
#2065= IFCPROPERTYSET('1mACEBQzr8nQZfaRvvnjk0',$,'Qto_BeamBaseQuantities','Base quantities that are common to the definition of all occurrences of beams.',(#2058,#275,#2059,#2060,#2061,#1753,#2062,#2063,#2064));
#2066= IFCCARTESIANPOINT((337.22798,32.5,23.5));
#2067= IFCAXIS2PLACEMENT3D(#2066,#85,#50);
#2068= IFCLOCALPLACEMENT(#2047,#2067);
#2069= IFCSHAPEREPRESENTATION(#1143,'Reference','SolidModel',(#1883));
#2070= IFCPRODUCTDEFINITIONSHAPE($,$,(#2069));
#2071= IFCVOIDINGFEATURE('1f2Q4M000B8J4tDZ8oDJGu',$,'NOTCH','PL17*51',$,#2068,#2070,'(?)',.HOLE.);
#2072= IFCCARTESIANPOINT((337.22798,-32.49989,23.5));
#2073= IFCAXIS2PLACEMENT3D(#2072,#85,#50);
#2074= IFCLOCALPLACEMENT(#2047,#2073);
#2075= IFCSHAPEREPRESENTATION(#1143,'Reference','SolidModel',(#1883));
#2076= IFCPRODUCTDEFINITIONSHAPE($,$,(#2075));
#2077= IFCVOIDINGFEATURE('1f2Q4M000B934tDZ8oDJGu',$,'NOTCH','PL17*51',$,#2074,#2076,'(?)',.HOLE.);
#2078= IFCCARTESIANPOINT((26.72798,0.,-47.5));
#2079= IFCAXIS2PLACEMENT3D(#2078,#39,#50);
#2080= IFCLOCALPLACEMENT(#1632,#2079);
#2081= IFCCARTESIANPOINTLIST3D(((1064.97909,50.,25.),(1064.97909,43.5,25.),(1064.97909,39.98,-19.),(1064.97909,22.,-19.),(1064.97909,22.,-25.),(1064.97909,50.,-25.),(1171.75409,22.,-19.),(1171.75409,22.,-25.),(-22.5,-50.,25.),(-22.5,-43.5,25.),(-22.5,-39.98,-19.),(-22.5,39.98,-19.),(-22.5,43.5,25.),(-22.5,50.,25.),(-22.5,50.,-25.),(-22.5,-50.,-25.),(1171.75409,-50.,-25.),(1171.75409,-50.,25.),(1171.75409,-43.5,25.),(1171.75409,-39.98,-19.)));
#2082= IFCPOLYGONALFACESET(#2081,.T.,(#1307,#1308,#1309,#1310,#1311,#1312,#1313,#1314,#1315,#1316,#1317,#1318),$);
#2083= IFCSHAPEREPRESENTATION(#55,'Body','Tessellation',(#2082));
#2084= IFCCARTESIANPOINTLIST3D(((0.,0.,0.),(1133.4,0.,0.)));
#2085= IFCINDEXEDPOLYCURVE(#2084,(IFCLINEINDEX((1,2))),$);
#2086= IFCSHAPEREPRESENTATION(#212,'Axis','Curve3D',(#2085));
#2087= IFCCARTESIANPOINT((554.433,-1.58611,-9.27914));
#2088= IFCSHAPEREPRESENTATION(#58,'CoG','Point',(#2087));
#2089= IFCPRODUCTDEFINITIONSHAPE($,$,(#2083,#2086,#2088));
#2090= IFCBEAM('1f2Q4M000App4tDZ8oDJGu',$,'BEAM','UNP100',$,#2080,#2089,'S275JR',.NOTDEFINED.);
#2091= IFCCARTESIANPOINT((1119.37909,36.5,26.));
#2092= IFCAXIS2PLACEMENT3D(#2091,#85,#50);
#2093= IFCLOCALPLACEMENT(#2080,#2092);
#2094= IFCSHAPEREPRESENTATION(#1143,'Reference','SolidModel',(#2024));
#2095= IFCPRODUCTDEFINITIONSHAPE($,$,(#2094));
#2096= IFCVOIDINGFEATURE('1f2Q4M000BBJ4tDZ8oDJGu',$,'NOTCH','PL29*108.8',$,#2093,#2095,'(?)',.HOLE.);
#2097= IFCCARTESIANPOINT((70.,-9.99979,-473.57618));
#2098= IFCAXIS2PLACEMENT3D(#2097,#50,#24);
#2099= IFCLOCALPLACEMENT(#1632,#2098);
#2100= IFCCARTESIANPOINTLIST3D(((321.72798,-30.68,-16.5),(321.72798,-33.8,22.5),(321.72798,-40.,22.5),(321.72798,-40.,-22.5),(321.72798,-23.99989,-22.5),(321.72798,-23.99989,-16.5),(370.72798,-23.99989,-16.5),(370.72798,-23.99989,-22.5),(-18.27202,40.,22.5),(-18.27202,33.8,22.5),(321.72798,33.8,22.5),(321.72798,40.,22.5),(-18.27202,40.,-22.5),(321.72798,40.,-22.5),(-18.27202,-40.,22.5),(-18.27202,-33.8,22.5),(-18.27202,-30.68,-16.5),(-18.27202,30.68,-16.5),(-18.27202,-40.,-22.5),(321.72798,30.68,-16.5),(321.72798,24.,-16.5),(321.72798,24.,-22.5),(370.72798,24.,-16.5),(370.72798,24.,-22.5)));
#2101= IFCPOLYGONALFACESET(#2100,.T.,(#1307,#1851,#1555,#1852,#1853,#1854,#1855,#153,#1856,#1857,#1858,#1859,#1860,#1861),$);
#2102= IFCSHAPEREPRESENTATION(#55,'Body','Tessellation',(#2101));
#2103= IFCSHAPEREPRESENTATION(#212,'Axis','Curve3D',(#2052));
#2104= IFCCARTESIANPOINT((158.8925,0.,-8.11551));
#2105= IFCSHAPEREPRESENTATION(#58,'CoG','Point',(#2104));
#2106= IFCPRODUCTDEFINITIONSHAPE($,$,(#2102,#2103,#2105));
#2107= IFCBEAM('1f2Q4M000Aqp4tDZ8oDJGu',$,'BEAM','UNP80',$,#2099,#2106,'S275JR',.NOTDEFINED.);
#2108= IFCPROPERTYSINGLEVALUE('Length',$,IFCLENGTHMEASURE(389.),$);
#2109= IFCPROPERTYSINGLEVALUE('OuterSurfaceArea',$,IFCAREAMEASURE(0.12137),$);
#2110= IFCPROPERTYSINGLEVALUE('GrossSurfaceArea',$,IFCAREAMEASURE(0.12137),$);
#2111= IFCPROPERTYSINGLEVALUE('NetSurfaceArea',$,IFCAREAMEASURE(0.11695),$);
#2112= IFCPROPERTYSINGLEVALUE('NetVolume',$,IFCVOLUMEMEASURE(0.00038),$);
#2113= IFCPROPERTYSINGLEVALUE('GrossWeight',$,IFCMASSMEASURE(3.35902),$);
#2114= IFCPROPERTYSINGLEVALUE('NetWeight',$,IFCMASSMEASURE(3.00739),$);
#2115= IFCPROPERTYSET('3c9q9orl5Ds8YWEku84Nsk',$,'Qto_BeamBaseQuantities','Base quantities that are common to the definition of all occurrences of beams.',(#2108,#275,#2109,#2110,#2111,#1873,#2112,#2113,#2114));
#2116= IFCCARTESIANPOINT((347.22798,32.5,23.5));
#2117= IFCAXIS2PLACEMENT3D(#2116,#85,#50);
#2118= IFCLOCALPLACEMENT(#2099,#2117);
#2119= IFCSHAPEREPRESENTATION(#1143,'Reference','SolidModel',(#1883));
#2120= IFCPRODUCTDEFINITIONSHAPE($,$,(#2119));
#2121= IFCVOIDINGFEATURE('1f2Q4M000BCZ4tDZ8oDJGu',$,'NOTCH','PL17*51',$,#2118,#2120,'(?)',.HOLE.);
#2122= IFCCARTESIANPOINT((347.22798,-32.49989,23.5));
#2123= IFCAXIS2PLACEMENT3D(#2122,#85,#50);
#2124= IFCLOCALPLACEMENT(#2099,#2123);
#2125= IFCSHAPEREPRESENTATION(#1143,'Reference','SolidModel',(#1883));
#2126= IFCPRODUCTDEFINITIONSHAPE($,$,(#2125));
#2127= IFCVOIDINGFEATURE('1f2Q4M000BDJ4tDZ8oDJGu',$,'NOTCH','PL17*51',$,#2124,#2126,'(?)',.HOLE.);
#2128= IFCCARTESIANPOINT((794.22798,-10.,-47.5));
#2129= IFCAXIS2PLACEMENT3D(#2128,#39,#50);
#2130= IFCLOCALPLACEMENT(#1632,#2129);
#2131= IFCCARTESIANPOINTLIST3D(((-22.5,-40.,-22.5),(-22.5,40.,-22.5),(817.5,40.,-22.5),(817.5,-40.,-22.5),(-22.5,40.,22.5),(817.5,40.,22.5),(-22.5,33.8,22.5),(817.5,33.8,22.5),(-22.5,30.68,-16.5),(817.5,30.68,-16.5),(-22.5,-30.68,-16.5),(817.5,-30.68,-16.5),(-22.5,-33.8,22.5),(817.5,-33.8,22.5),(-22.5,-40.,22.5),(817.5,-40.,22.5)));
#2132= IFCPOLYGONALFACESET(#2131,.T.,(#143,#968,#969,#970,#971,#972,#973,#974,#975,#976),$);
#2133= IFCSHAPEREPRESENTATION(#55,'Body','Tessellation',(#2132));
#2134= IFCSHAPEREPRESENTATION(#212,'Axis','Curve3D',(#2085));
#2135= IFCCARTESIANPOINT((397.5,0.,-7.68012));
#2136= IFCSHAPEREPRESENTATION(#58,'CoG','Point',(#2135));
#2137= IFCPRODUCTDEFINITIONSHAPE($,$,(#2133,#2134,#2136));
#2138= IFCBEAM('1f2Q4M000Arp4tDZ8oDJGu',$,'BEAM','UNP80',$,#2130,#2137,'S275JR',.NOTDEFINED.);
#2139= IFCCARTESIANPOINT((1119.37909,26.5,23.5));
#2140= IFCAXIS2PLACEMENT3D(#2139,#85,#50);
#2141= IFCLOCALPLACEMENT(#2130,#2140);
#2142= IFCEXTRUDEDAREASOLID(#1158,#204,#50,47.);
#2143= IFCSHAPEREPRESENTATION(#1143,'Reference','SolidModel',(#2142));
#2144= IFCPRODUCTDEFINITIONSHAPE($,$,(#2143));
#2145= IFCVOIDINGFEATURE('1f2Q4M000BFJ4tDZ8oDJGu',$,'NOTCH','PL29*108.8',$,#2141,#2144,'(?)',.HOLE.);
#2146= IFCCARTESIANPOINT((424.22798,-10.,-47.5));
#2147= IFCAXIS2PLACEMENT3D(#2146,#39,#50);
#2148= IFCLOCALPLACEMENT(#1632,#2147);
#2149= IFCSHAPEREPRESENTATION(#55,'Body','Tessellation',(#2132));
#2150= IFCSHAPEREPRESENTATION(#212,'Axis','Curve3D',(#2085));
#2151= IFCSHAPEREPRESENTATION(#58,'CoG','Point',(#2135));
#2152= IFCPRODUCTDEFINITIONSHAPE($,$,(#2149,#2150,#2151));
#2153= IFCBEAM('1f2Q4M000Asp4tDZ8oDJGu',$,'BEAM','UNP80',$,#2148,#2152,'S275JR',.NOTDEFINED.);
#2154= IFCLOCALPLACEMENT(#2148,#2140);
#2155= IFCSHAPEREPRESENTATION(#1143,'Reference','SolidModel',(#2142));
#2156= IFCPRODUCTDEFINITIONSHAPE($,$,(#2155));
#2157= IFCVOIDINGFEATURE('1f2Q4M000BGZ4tDZ8oDJGu',$,'NOTCH','PL29*108.8',$,#2154,#2156,'(?)',.HOLE.);
#2158= IFCRELAGGREGATES('2GUOoivuLBBOsJFeef9WNh',$,$,$,#1633,(#1647,#1654,#1661,#1673,#1694,#1712,#1720,#1727,#1734,#1748,#1772,#1789,#1796,#1803,#1811,#1818,#1825,#1832,#1839,#1846,#1868,#1903,#1929,#1941,#1961,#1981,#2011,#2035,#2057,#2090,#2107,#2138,#2153));
#2159= IFCCARTESIANPOINT((23225.00409,1754.22581,3265.70628));
#2160= IFCAXIS2PLACEMENT3D(#2159,#50,#85);
#2161= IFCLOCALPLACEMENT(#36,#2160);
#2162= IFCELEMENTASSEMBLY('1f2Q4M000Ak34tDZ8oDJGu',$,'Mevcut',$,$,#2161,$,$,$,.NOTDEFINED.);
#2163= IFCLOCALPLACEMENT(#2161,#26);
#2164= IFCEXTRUDEDAREASOLID(#1331,#204,#50,4214.85794);
#2165= IFCSHAPEREPRESENTATION(#55,'Body','SolidModel',(#2164));
#2166= IFCCARTESIANPOINTLIST3D(((0.,0.,25.),(4214.8,0.,25.)));
#2167= IFCINDEXEDPOLYCURVE(#2166,(IFCLINEINDEX((1,2))),$);
#2168= IFCSHAPEREPRESENTATION(#212,'Axis','Curve3D',(#2167));
#2169= IFCCARTESIANPOINT((2107.42897,0.,-9.1607));
#2170= IFCSHAPEREPRESENTATION(#58,'CoG','Point',(#2169));
#2171= IFCPRODUCTDEFINITIONSHAPE($,$,(#2165,#2168,#2170));
#2172= IFCBEAM('1f2Q4M000Ajp4tDZ8oDJGu',$,'Mevcut','UNP100',$,#2163,#2171,'S235JR',.NOTDEFINED.);
#2173= IFCPROPERTYSINGLEVALUE('Length',$,IFCLENGTHMEASURE(4214.85794),$);
#2174= IFCPROPERTYSINGLEVALUE('OuterSurfaceArea',$,IFCAREAMEASURE(1.56793),$);
#2175= IFCPROPERTYSINGLEVALUE('GrossSurfaceArea',$,IFCAREAMEASURE(1.56793),$);
#2176= IFCPROPERTYSINGLEVALUE('NetSurfaceArea',$,IFCAREAMEASURE(1.60953),$);
#2177= IFCPROPERTYSINGLEVALUE('GrossVolume',$,IFCVOLUMEMEASURE(0.00569),$);
#2178= IFCPROPERTYSINGLEVALUE('GrossWeight',$,IFCMASSMEASURE(44.66696),$);
#2179= IFCPROPERTYSINGLEVALUE('NetWeight',$,IFCMASSMEASURE(43.90199),$);
#2180= IFCPROPERTYSET('1Ad1M_1X9FYgmElITvQKs8',$,'Qto_BeamBaseQuantities','Base quantities that are common to the definition of all occurrences of beams.',(#2173,#987,#2174,#2175,#2176,#2177,#1374,#2178,#2179));
#2181= IFCPROPERTYSINGLEVALUE('ASSEMBLY_POS',$,IFCLABEL('M/8'),$);
#2182= IFCPROPERTYSET('2oYyAseR1Da9nr0$NUfChW',$,'BEAM',$,(#2181));
#2183= IFCRELAGGREGATES('3ai9H0DDz4lgpNC3Yn20dr',$,$,$,#2162,(#2172));
#2184= IFCCARTESIANPOINT((23225.00409,1754.22581,2065.70628));
#2185= IFCAXIS2PLACEMENT3D(#2184,#50,#85);
#2186= IFCLOCALPLACEMENT(#36,#2185);
#2187= IFCELEMENTASSEMBLY('1f2Q4M000Al34tDZ8oDJGu',$,'Mevcut',$,$,#2186,$,$,$,.NOTDEFINED.);
#2188= IFCLOCALPLACEMENT(#2186,#26);
#2189= IFCSHAPEREPRESENTATION(#55,'Body','SolidModel',(#2164));
#2190= IFCSHAPEREPRESENTATION(#212,'Axis','Curve3D',(#2167));
#2191= IFCSHAPEREPRESENTATION(#58,'CoG','Point',(#2169));
#2192= IFCPRODUCTDEFINITIONSHAPE($,$,(#2189,#2190,#2191));
#2193= IFCBEAM('1f2Q4M000Akp4tDZ8oDJGu',$,'Mevcut','UNP100',$,#2188,#2192,'S235JR',.NOTDEFINED.);
#2194= IFCRELAGGREGATES('3K9kH19XL7iPQfeKwyjn_y',$,$,$,#2187,(#2193));
#2195= IFCCARTESIANPOINT((23225.00409,1754.22581,4465.70628));
#2196= IFCAXIS2PLACEMENT3D(#2195,#50,#85);
#2197= IFCLOCALPLACEMENT(#36,#2196);
#2198= IFCELEMENTASSEMBLY('1f2Q4M000Aj34tDZ8oDJGu',$,'Mevcut',$,$,#2197,$,$,$,.NOTDEFINED.);
#2199= IFCLOCALPLACEMENT(#2197,#26);
#2200= IFCSHAPEREPRESENTATION(#55,'Body','SolidModel',(#2164));
#2201= IFCSHAPEREPRESENTATION(#212,'Axis','Curve3D',(#2167));
#2202= IFCSHAPEREPRESENTATION(#58,'CoG','Point',(#2169));
#2203= IFCPRODUCTDEFINITIONSHAPE($,$,(#2200,#2201,#2202));
#2204= IFCBEAM('1f2Q4M000Aip4tDZ8oDJGu',$,'Mevcut','UNP100',$,#2199,#2203,'S235JR',.NOTDEFINED.);
#2205= IFCRELAGGREGATES('0_BK4XXjP1ZwFquC1VjdFB',$,$,$,#2198,(#2204));
#2206= IFCCARTESIANPOINT((24272.50409,-1304.94218,6240.));
#2207= IFCAXIS2PLACEMENT3D(#2206,#39,#40);
#2208= IFCLOCALPLACEMENT(#36,#2207);
#2209= IFCELEMENTASSEMBLY('1f2Q4M000Aop4tDZ8oDJGu',$,'RAILING',$,$,#2208,$,$,$,.NOTDEFINED.);
#2210= IFCCARTESIANPOINT((0.,1075.,0.));
#2211= IFCAXIS2PLACEMENT3D(#2210,#39,#85);
#2212= IFCLOCALPLACEMENT(#2208,#2211);
#2213= IFCCARTESIANPOINTLIST3D(((0.,0.,20.),(0.,7.65367,18.47759),(1075.,7.65367,18.47759),(1075.,0.,20.),(0.,14.14214,14.14214),(1075.,14.14214,14.14214),(0.,18.47759,7.65367),(1075.,18.47759,7.65367),(0.,20.,0.),(1075.,20.,0.),(0.,18.47759,-7.65367),(1075.,18.47759,-7.65367),(0.,14.14214,-14.14214),(1075.,14.14214,-14.14214),(0.,7.65367,-18.47759),(1075.,7.65367,-18.47759),(0.,0.,-20.),(1075.,0.,-20.),(0.,-7.65367,-18.47759),(1075.,-7.65367,-18.47759),(0.,-14.14214,-14.14214),(1075.,-14.14214,-14.14214),(0.,-18.47759,-7.65367),(1075.,-18.47759,-7.65367),(0.,-20.,0.),(1075.,-20.,0.),(0.,-18.47759,7.65367),(1075.,-18.47759,7.65367),(0.,-14.14214,14.14214),(1075.,-14.14214,14.14214),(0.,-7.65367,18.47759),(1075.,-7.65367,18.47759),(0.,0.,25.),(0.,-9.56709,23.09699),(1075.,-9.56709,23.09699),(1075.,0.,25.),(0.,-17.67767,17.67767),(1075.,-17.67767,17.67767),(0.,-23.09699,9.56709),(1075.,-23.09699,9.56709),(0.,-25.,0.),(1075.,-25.,0.),(0.,-23.09699,-9.56709),(1075.,-23.09699,-9.56709),(0.,-17.67767,-17.67767),(1075.,-17.67767,-17.67767),(0.,-9.56709,-23.09699),(1075.,-9.56709,-23.09699),(0.,0.,-25.),(1075.,0.,-25.),(0.,9.56709,-23.09699),(1075.,9.56709,-23.09699),(0.,17.67767,-17.67767),(1075.,17.67767,-17.67767),(0.,23.09699,-9.56709),(1075.,23.09699,-9.56709),(0.,25.,0.),(1075.,25.,0.),(0.,23.09699,9.56709),(1075.,23.09699,9.56709),(0.,17.67767,17.67767),(1075.,17.67767,17.67767),(0.,9.56709,23.09699),(1075.,9.56709,23.09699)));
#2214= IFCINDEXEDPOLYGONALFACE((15,17,18,16));
#2215= IFCINDEXEDPOLYGONALFACE((17,19,20,18));
#2216= IFCINDEXEDPOLYGONALFACE((19,21,22,20));
#2217= IFCINDEXEDPOLYGONALFACE((21,23,24,22));
#2218= IFCINDEXEDPOLYGONALFACE((23,25,26,24));
#2219= IFCINDEXEDPOLYGONALFACE((25,27,28,26));
#2220= IFCINDEXEDPOLYGONALFACE((29,31,32,30));
#2221= IFCINDEXEDPOLYGONALFACE((31,1,4,32));
#2222= IFCINDEXEDPOLYGONALFACE((33,34,35,36));
#2223= IFCINDEXEDPOLYGONALFACE((34,37,38,35));
#2224= IFCINDEXEDPOLYGONALFACE((37,39,40,38));
#2225= IFCINDEXEDPOLYGONALFACE((39,41,42,40));
#2226= IFCINDEXEDPOLYGONALFACE((41,43,44,42));
#2227= IFCINDEXEDPOLYGONALFACE((43,45,46,44));
#2228= IFCINDEXEDPOLYGONALFACE((45,47,48,46));
#2229= IFCINDEXEDPOLYGONALFACE((47,49,50,48));
#2230= IFCINDEXEDPOLYGONALFACE((49,51,52,50));
#2231= IFCINDEXEDPOLYGONALFACE((51,53,54,52));
#2232= IFCINDEXEDPOLYGONALFACE((53,55,56,54));
#2233= IFCINDEXEDPOLYGONALFACE((55,57,58,56));
#2234= IFCINDEXEDPOLYGONALFACE((57,59,60,58));
#2235= IFCINDEXEDPOLYGONALFACE((59,61,62,60));
#2236= IFCINDEXEDPOLYGONALFACE((61,63,64,62));
#2237= IFCINDEXEDPOLYGONALFACE((63,33,36,64));
#2238= IFCINDEXEDPOLYGONALFACEWITHVOIDS((38,40,42,44,46,48,50,52,54,56,58,60,62,64,36,35),((6,8,10,12,14,16,18,20,22,24,26,28,30,32,4,3)));
#2239= IFCINDEXEDPOLYGONALFACEWITHVOIDS((63,61,59,57,55,53,51,49,47,45,43,41,39,37,34,33),((31,29,27,25,23,21,19,17,15,13,11,9,7,5,2,1)));
#2240= IFCPOLYGONALFACESET(#2213,.T.,(#143,#968,#969,#970,#971,#972,#973,#2214,#2215,#2216,#2217,#2218,#2219,#1102,#2220,#2221,#2222,#2223,#2224,#2225,#2226,#2227,#2228,#2229,#2230,#2231,#2232,#2233,#2234,#2235,#2236,#2237,#2238,#2239),$);
#2241= IFCSHAPEREPRESENTATION(#55,'Body','Tessellation',(#2240));
#2242= IFCCARTESIANPOINTLIST3D(((0.,0.,0.),(1075.,0.,0.)));
#2243= IFCINDEXEDPOLYCURVE(#2242,(IFCLINEINDEX((1,2))),$);
#2244= IFCSHAPEREPRESENTATION(#212,'Axis','Curve3D',(#2243));
#2245= IFCCARTESIANPOINT((537.5,0.,0.));
#2246= IFCSHAPEREPRESENTATION(#58,'CoG','Point',(#2245));
#2247= IFCPRODUCTDEFINITIONSHAPE($,$,(#2241,#2244,#2246));
#2248= IFCCOLUMN('1f2Q4M000AoZ4tDZ8oDJGu',$,'STANCHION','PD50*5',$,#2212,#2247,'S235JR',.NOTDEFINED.);
#2249= IFCPROPERTYSINGLEVALUE('Length',$,IFCLENGTHMEASURE(1075.),$);
#2250= IFCPROPERTYSINGLEVALUE('CrossSectionArea',$,IFCAREAMEASURE(0.00069),$);
#2251= IFCPROPERTYSINGLEVALUE('OuterSurfaceArea',$,IFCAREAMEASURE(0.16854),$);
#2252= IFCPROPERTYSINGLEVALUE('GrossSurfaceArea',$,IFCAREAMEASURE(0.16854),$);
#2253= IFCPROPERTYSINGLEVALUE('NetSurfaceArea',$,IFCAREAMEASURE(0.16854),$);
#2254= IFCPROPERTYSINGLEVALUE('GrossVolume',$,IFCVOLUMEMEASURE(0.00074),$);
#2255= IFCPROPERTYSINGLEVALUE('NetVolume',$,IFCVOLUMEMEASURE(0.00074),$);
#2256= IFCPROPERTYSINGLEVALUE('GrossWeight',$,IFCMASSMEASURE(5.81287),$);
#2257= IFCPROPERTYSINGLEVALUE('NetWeight',$,IFCMASSMEASURE(5.81287),$);
#2258= IFCPROPERTYSET('07F_gLrBXA_8lm3qB5vOtB',$,'Qto_ColumnBaseQuantities','Base quantities that are common to the definition of all occurrences of columns.',(#2249,#2250,#2251,#2252,#2253,#2254,#2255,#2256,#2257));
#2259= IFCCARTESIANPOINT((950.,1075.,0.));
#2260= IFCAXIS2PLACEMENT3D(#2259,#39,#85);
#2261= IFCLOCALPLACEMENT(#2208,#2260);
#2262= IFCSHAPEREPRESENTATION(#55,'Body','Tessellation',(#2240));
#2263= IFCSHAPEREPRESENTATION(#212,'Axis','Curve3D',(#2243));
#2264= IFCSHAPEREPRESENTATION(#58,'CoG','Point',(#2245));
#2265= IFCPRODUCTDEFINITIONSHAPE($,$,(#2262,#2263,#2264));
#2266= IFCCOLUMN('1f2Q4M000Atp4tDZ8oDJGu',$,'STANCHION','PD50*5',$,#2261,#2265,'S235JR',.NOTDEFINED.);
#2267= IFCCARTESIANPOINT((-50.,435.,0.));
#2268= IFCAXIS2PLACEMENT3D(#2267,#85,#24);
#2269= IFCLOCALPLACEMENT(#2208,#2268);
#2270= IFCCARTESIANPOINTLIST2D(((25.,0.),(23.09699,9.56709),(17.67767,17.67767),(9.56709,23.09699),(0.,25.),(-9.56709,23.09699),(-17.67767,17.67767),(-23.09699,9.56709),(-25.,0.),(-23.09699,-9.56709),(-17.67767,-17.67767),(-9.56709,-23.09699),(0.,-25.),(9.56709,-23.09699),(17.67767,-17.67767),(23.09699,-9.56709)));
#2271= IFCINDEXEDPOLYCURVE(#2270,(IFCLINEINDEX((1,2,3,4,5,6,7,8,9,10,11,12,13,14,15,16,1))),$);
#2272= IFCCARTESIANPOINTLIST2D(((20.,0.),(18.47759,-7.65367),(14.14214,-14.14214),(7.65367,-18.47759),(0.,-20.),(-7.65367,-18.47759),(-14.14214,-14.14214),(-18.47759,-7.65367),(-20.,0.),(-18.47759,7.65367),(-14.14214,14.14214),(-7.65367,18.47759),(0.,20.),(7.65367,18.47759),(14.14214,14.14214),(18.47759,7.65367)));
#2273= IFCINDEXEDPOLYCURVE(#2272,(IFCLINEINDEX((1,2,3,4,5,6,7,8,9,10,11,12,13,14,15,16,1))),$);
#2274= IFCARBITRARYPROFILEDEFWITHVOIDS(.AREA.,'PD50*5',#2271,(#2273));
#2275= IFCEXTRUDEDAREASOLID(#2274,#204,#50,1000.);
#2276= IFCSHAPEREPRESENTATION(#55,'Body','SolidModel',(#2275));
#2277= IFCCARTESIANPOINTLIST3D(((0.,0.,0.),(1000.,0.,0.)));
#2278= IFCINDEXEDPOLYCURVE(#2277,(IFCLINEINDEX((1,2))),$);
#2279= IFCSHAPEREPRESENTATION(#212,'Axis','Curve3D',(#2278));
#2280= IFCCARTESIANPOINT((500.,0.,0.));
#2281= IFCSHAPEREPRESENTATION(#58,'CoG','Point',(#2280));
#2282= IFCPRODUCTDEFINITIONSHAPE($,$,(#2276,#2279,#2281));
#2283= IFCBEAM('1f2Q4M000Aup4tDZ8oDJGu',$,'RAILING','PD50*5',$,#2269,#2282,'S235JR',.NOTDEFINED.);
#2284= IFCPROPERTYSINGLEVALUE('Length',$,IFCLENGTHMEASURE(1000.),$);
#2285= IFCPROPERTYSINGLEVALUE('OuterSurfaceArea',$,IFCAREAMEASURE(0.15684),$);
#2286= IFCPROPERTYSINGLEVALUE('GrossSurfaceArea',$,IFCAREAMEASURE(0.15684),$);
#2287= IFCPROPERTYSINGLEVALUE('NetSurfaceArea',$,IFCAREAMEASURE(0.15684),$);
#2288= IFCPROPERTYSINGLEVALUE('GrossVolume',$,IFCVOLUMEMEASURE(0.00069),$);
#2289= IFCPROPERTYSINGLEVALUE('GrossWeight',$,IFCMASSMEASURE(5.40732),$);
#2290= IFCPROPERTYSINGLEVALUE('NetWeight',$,IFCMASSMEASURE(5.40732),$);
#2291= IFCPROPERTYSET('3eEUXmKbDBXhuiTEceU59o',$,'Qto_BeamBaseQuantities','Base quantities that are common to the definition of all occurrences of beams.',(#2284,#2250,#2285,#2286,#2287,#2288,#1127,#2289,#2290));
#2292= IFCPROPERTYSINGLEVALUE('ASSEMBLY_POS',$,IFCLABEL('HR/2'),$);
#2293= IFCPROPERTYSET('2cp42nxxn9Ih$CJ4StYIpo',$,'BEAM',$,(#2292));
#2294= IFCLOCALPLACEMENT(#2208,#26);
#2295= IFCEXTRUDEDAREASOLID(#2274,#204,#50,950.);
#2296= IFCSHAPEREPRESENTATION(#55,'Body','SolidModel',(#2295));
#2297= IFCCARTESIANPOINTLIST3D(((0.,0.,0.),(950.,0.,0.)));
#2298= IFCINDEXEDPOLYCURVE(#2297,(IFCLINEINDEX((1,2))),$);
#2299= IFCSHAPEREPRESENTATION(#212,'Axis','Curve3D',(#2298));
#2300= IFCCARTESIANPOINT((475.,0.,0.));
#2301= IFCSHAPEREPRESENTATION(#58,'CoG','Point',(#2300));
#2302= IFCPRODUCTDEFINITIONSHAPE($,$,(#2296,#2299,#2301));
#2303= IFCBEAM('1f2Q4M000AvZ4tDZ8oDJGu',$,'RAILING','PD50*5',$,#2294,#2302,'S235JR',.NOTDEFINED.);
#2304= IFCPROPERTYSINGLEVALUE('Length',$,IFCLENGTHMEASURE(950.),$);
#2305= IFCPROPERTYSINGLEVALUE('OuterSurfaceArea',$,IFCAREAMEASURE(0.14903),$);
#2306= IFCPROPERTYSINGLEVALUE('GrossSurfaceArea',$,IFCAREAMEASURE(0.14903),$);
#2307= IFCPROPERTYSINGLEVALUE('NetSurfaceArea',$,IFCAREAMEASURE(0.14903),$);
#2308= IFCPROPERTYSINGLEVALUE('GrossVolume',$,IFCVOLUMEMEASURE(0.00065),$);
#2309= IFCPROPERTYSINGLEVALUE('NetVolume',$,IFCVOLUMEMEASURE(0.00065),$);
#2310= IFCPROPERTYSINGLEVALUE('GrossWeight',$,IFCMASSMEASURE(5.13695),$);
#2311= IFCPROPERTYSINGLEVALUE('NetWeight',$,IFCMASSMEASURE(5.13695),$);
#2312= IFCPROPERTYSET('3jceCK1zT9Chbnjj7HAIlj',$,'Qto_BeamBaseQuantities','Base quantities that are common to the definition of all occurrences of beams.',(#2304,#2250,#2305,#2306,#2307,#2308,#2309,#2310,#2311));
#2313= IFCCARTESIANPOINT((-100.,385.,0.));
#2314= IFCAXIS2PLACEMENT3D(#2313,#50,#85);
#2315= IFCLOCALPLACEMENT(#2208,#2314);
#2316= IFCCARTESIANPOINTLIST3D(((401.14427,-32.2767,7.65367),(396.95655,-33.39879,14.14214),(390.54872,-17.92893,14.14214),(394.30333,-15.7612,7.65367),(380.35534,-4.64466,14.14214),(383.42097,-1.57903,7.65367),(367.07107,5.54872,14.14214),(369.2388,9.30333,7.65367),(351.60121,11.95655,14.14214),(352.7233,16.14427,7.65367),(363.82683,-0.07046,18.47759),(349.92187,5.68917,18.47759),(375.7673,-9.2327,18.47759),(384.92954,-21.17317,18.47759),(390.68917,-35.07813,18.47759),(383.29629,-37.05905,20.),(378.30127,-25.,20.),(370.35534,-14.64466,20.),(360.,-6.69873,20.),(347.94095,-1.70371,20.),(356.17317,-13.327,18.47759),(345.96004,-9.09658,18.47759),(364.94338,-20.05662,18.47759),(371.673,-28.82683,18.47759),(375.90342,-39.03996,18.47759),(369.63604,-40.7193,14.14214),(366.05382,-32.07107,14.14214),(360.35534,-24.64466,14.14214),(352.92893,-18.94618,14.14214),(344.2807,-15.36396,14.14214),(350.7612,-22.70079,7.65367),(343.1586,-19.55169,7.65367),(357.28971,-27.71029,7.65367),(362.29921,-34.2388,7.65367),(365.44831,-41.8414,7.65367),(363.97777,-42.23543,0.),(360.98076,-35.,0.),(356.2132,-28.7868,0.),(350.,-24.01924,0.),(342.76457,-21.02223,0.),(350.7612,-22.70079,-7.65367),(343.1586,-19.55169,-7.65367),(357.28971,-27.71029,-7.65367),(362.29921,-34.2388,-7.65367),(365.44831,-41.8414,-7.65367),(369.63604,-40.7193,-14.14214),(366.05382,-32.07107,-14.14214),(360.35534,-24.64466,-14.14214),(352.92893,-18.94618,-14.14214),(344.2807,-15.36396,-14.14214),(356.17317,-13.327,-18.47759),(345.96004,-9.09658,-18.47759),(364.94338,-20.05662,-18.47759),(371.673,-28.82683,-18.47759),(375.90342,-39.03996,-18.47759),(383.29629,-37.05905,-20.),(378.30127,-25.,-20.),(370.35534,-14.64466,-20.),(360.,-6.69873,-20.),(347.94095,-1.70371,-20.),(363.82683,-0.07046,-18.47759),(349.92187,5.68917,-18.47759),(375.7673,-9.2327,-18.47759),(384.92954,-21.17317,-18.47759),(390.68917,-35.07813,-18.47759),(396.95655,-33.39879,-14.14214),(390.54872,-17.92893,-14.14214),(380.35534,-4.64466,-14.14214),(367.07107,5.54872,-14.14214),(351.60121,11.95655,-14.14214),(369.2388,9.30333,-7.65367),(352.7233,16.14427,-7.65367),(383.42097,-1.57903,-7.65367),(394.30333,-15.7612,-7.65367),(401.14427,-32.2767,-7.65367),(402.61481,-31.88267,0.),(395.62178,-15.,0.),(384.49747,-0.50253,0.),(370.,10.62178,0.),(353.11733,17.61481,0.),(335.,20.,0.),(335.,18.47759,-7.65367),(335.,14.14214,-14.14214),(335.,7.65367,-18.47759),(335.,0.,-20.),(335.,-7.65367,-18.47759),(335.,-14.14214,-14.14214),(335.,-18.47759,-7.65367),(335.,-20.,0.),(335.,-18.47759,7.65367),(335.,-14.14214,14.14214),(335.,-7.65367,18.47759),(335.,0.,20.),(335.,7.65367,18.47759),(335.,14.14214,14.14214),(335.,18.47759,7.65367),(361.90301,-50.,-9.56709),(360.98631,-43.03699,-9.56709),(366.22097,-41.63437,-17.67767),(367.32233,-50.,-17.67767),(374.0552,-39.53519,-23.09699),(375.43291,-50.,-23.09699),(383.29629,-37.05905,-25.),(385.,-50.,-25.),(392.53739,-34.5829,-23.09699),(394.56709,-50.,-23.09699),(400.37161,-32.48373,-17.67767),(402.67767,-50.,-17.67767),(405.60627,-31.08111,-9.56709),(408.09699,-50.,-9.56709),(407.44444,-30.58857,0.),(410.,-50.,0.),(361.90301,-50.,9.56709),(360.98631,-43.03699,9.56709),(359.14815,-43.52952,0.),(360.,-50.,0.),(367.32233,-50.,17.67767),(366.22097,-41.63437,17.67767),(375.43291,-50.,23.09699),(374.0552,-39.53519,23.09699),(385.,-50.,25.),(383.29629,-37.05905,25.),(394.56709,-50.,23.09699),(392.53739,-34.5829,23.09699),(402.67767,-50.,17.67767),(400.37161,-32.48373,17.67767),(408.09699,-50.,9.56709),(405.60627,-31.08111,9.56709),(356.65064,-37.5,0.),(358.29869,-36.54849,-9.56709),(362.99196,-33.83883,-17.67767),(370.01593,-29.78354,-23.09699),(378.30127,-25.,-25.),(386.58661,-20.21646,-23.09699),(393.61058,-16.16117,-17.67767),(398.30385,-13.45151,-9.56709),(399.95191,-12.5,0.),(398.30385,-13.45151,9.56709),(393.61058,-16.16117,17.67767),(386.58661,-20.21646,23.09699),(378.30127,-25.,25.),(370.01593,-29.78354,23.09699),(362.99196,-33.83883,17.67767),(358.29869,-36.54849,9.56709),(354.0233,-30.9767,9.56709),(352.67767,-32.32233,0.),(354.0233,-30.9767,-9.56709),(357.85534,-27.14466,-17.67767),(363.59039,-21.40961,-23.09699),(370.35534,-14.64466,-25.),(377.12029,-7.87971,-23.09699),(382.85534,-2.14466,-17.67767),(386.68738,1.68738,-9.56709),(388.03301,3.03301,0.),(386.68738,1.68738,9.56709),(382.85534,-2.14466,17.67767),(377.12029,-7.87971,23.09699),(370.35534,-14.64466,25.),(363.59039,-21.40961,23.09699),(357.85534,-27.14466,17.67767),(351.16117,-22.00804,17.67767),(348.45151,-26.70131,9.56709),(347.5,-28.34936,0.),(348.45151,-26.70131,-9.56709),(351.16117,-22.00804,-17.67767),(355.21646,-14.98407,-23.09699),(360.,-6.69873,-25.),(364.78354,1.58661,-23.09699),(368.83883,8.61058,-17.67767),(371.54849,13.30385,-9.56709),(372.5,14.95191,0.),(371.54849,13.30385,9.56709),(368.83883,8.61058,17.67767),(364.78354,1.58661,23.09699),(360.,-6.69873,25.),(355.21646,-14.98407,23.09699),(345.46481,-10.9448,23.09699),(343.36563,-18.77903,17.67767),(341.96301,-24.01369,9.56709),(341.47048,-25.85185,0.),(341.96301,-24.01369,-9.56709),(343.36563,-18.77903,-17.67767),(345.46481,-10.9448,-23.09699),(347.94095,-1.70371,-25.),(350.4171,7.53739,-23.09699),(352.51627,15.37161,-17.67767),(353.91889,20.60627,-9.56709),(354.41143,22.44444,0.),(353.91889,20.60627,9.56709),(352.51627,15.37161,17.67767),(350.4171,7.53739,23.09699),(347.94095,-1.70371,25.),(335.,0.,25.),(335.,-9.56709,23.09699),(335.,-17.67767,17.67767),(335.,-23.09699,9.56709),(335.,-25.,0.),(335.,-23.09699,-9.56709),(335.,-17.67767,-17.67767),(335.,-9.56709,-23.09699),(335.,0.,-25.),(335.,9.56709,-23.09699),(335.,17.67767,-17.67767),(335.,23.09699,-9.56709),(335.,25.,0.),(335.,23.09699,9.56709),(335.,17.67767,17.67767),(335.,9.56709,23.09699),(-40.43291,-50.,23.09699),(-32.32233,-50.,17.67767),(-31.22097,-41.63437,17.67767),(-39.0552,-39.53519,23.09699),(-27.99196,-33.83883,17.67767),(-35.01593,-29.78354,23.09699),(-22.85534,-27.14466,17.67767),(-28.59039,-21.40961,23.09699),(-16.16117,-22.00804,17.67767),(-20.21646,-14.98407,23.09699),(-8.36563,-18.77903,17.67767),(-10.46481,-10.9448,23.09699),(0.,-17.67767,17.67767),(0.,-9.56709,23.09699),(-6.96301,-24.01369,9.56709),(0.,-23.09699,9.56709),(-13.45151,-26.70131,9.56709),(-19.0233,-30.9767,9.56709),(-23.29869,-36.54849,9.56709),(-25.98631,-43.03699,9.56709),(-26.90301,-50.,9.56709),(-25.,-50.,0.),(-24.14815,-43.52952,0.),(-21.65064,-37.5,0.),(-17.67767,-32.32233,0.),(-12.5,-28.34936,0.),(-6.47048,-25.85185,0.),(0.,-25.,0.),(-6.96301,-24.01369,-9.56709),(0.,-23.09699,-9.56709),(-13.45151,-26.70131,-9.56709),(-19.0233,-30.9767,-9.56709),(-23.29869,-36.54849,-9.56709),(-25.98631,-43.03699,-9.56709),(-26.90301,-50.,-9.56709),(-32.32233,-50.,-17.67767),(-31.22097,-41.63437,-17.67767),(-27.99196,-33.83883,-17.67767),(-22.85534,-27.14466,-17.67767),(-16.16117,-22.00804,-17.67767),(-8.36563,-18.77903,-17.67767),(0.,-17.67767,-17.67767),(-10.46481,-10.9448,-23.09699),(0.,-9.56709,-23.09699),(-20.21646,-14.98407,-23.09699),(-28.59039,-21.40961,-23.09699),(-35.01593,-29.78354,-23.09699),(-39.0552,-39.53519,-23.09699),(-40.43291,-50.,-23.09699),(-50.,-50.,-25.),(-48.29629,-37.05905,-25.),(-43.30127,-25.,-25.),(-35.35534,-14.64466,-25.),(-25.,-6.69873,-25.),(-12.94095,-1.70371,-25.),(0.,0.,-25.),(-15.4171,7.53739,-23.09699),(0.,9.56709,-23.09699),(-29.78354,1.58661,-23.09699),(-42.12029,-7.87971,-23.09699),(-51.58661,-20.21646,-23.09699),(-57.53739,-34.5829,-23.09699),(-59.56709,-50.,-23.09699),(-67.67767,-50.,-17.67767),(-65.37161,-32.48373,-17.67767),(-58.61058,-16.16117,-17.67767),(-47.85534,-2.14466,-17.67767),(-33.83883,8.61058,-17.67767),(-17.51627,15.37161,-17.67767),(0.,17.67767,-17.67767),(-18.91889,20.60627,-9.56709),(0.,23.09699,-9.56709),(-36.54849,13.30385,-9.56709),(-51.68738,1.68738,-9.56709),(-63.30385,-13.45151,-9.56709),(-70.60627,-31.08111,-9.56709),(-73.09699,-50.,-9.56709),(-75.,-50.,0.),(-72.44444,-30.58857,0.),(-64.95191,-12.5,0.),(-53.03301,3.03301,0.),(-37.5,14.95191,0.),(-19.41143,22.44444,0.),(0.,25.,0.),(-18.91889,20.60627,9.56709),(0.,23.09699,9.56709),(-36.54849,13.30385,9.56709),(-51.68738,1.68738,9.56709),(-63.30385,-13.45151,9.56709),(-70.60627,-31.08111,9.56709),(-73.09699,-50.,9.56709),(-67.67767,-50.,17.67767),(-65.37161,-32.48373,17.67767),(-58.61058,-16.16117,17.67767),(-47.85534,-2.14466,17.67767),(-33.83883,8.61058,17.67767),(-17.51627,15.37161,17.67767),(0.,17.67767,17.67767),(-15.4171,7.53739,23.09699),(0.,9.56709,23.09699),(-29.78354,1.58661,23.09699),(-42.12029,-7.87971,23.09699),(-51.58661,-20.21646,23.09699),(-57.53739,-34.5829,23.09699),(-59.56709,-50.,23.09699),(-50.,-50.,25.),(-48.29629,-37.05905,25.),(-43.30127,-25.,25.),(-35.35534,-14.64466,25.),(-25.,-6.69873,25.),(-12.94095,-1.70371,25.),(0.,0.,25.),(-30.,-50.,0.),(-31.52241,-50.,7.65367),(-30.44831,-41.8414,7.65367),(-28.97777,-42.23543,0.),(-31.52241,-50.,-7.65367),(-30.44831,-41.8414,-7.65367),(-35.85786,-50.,-14.14214),(-34.63604,-40.7193,-14.14214),(-42.34633,-50.,-18.47759),(-40.90342,-39.03996,-18.47759),(-50.,-50.,-20.),(-48.29629,-37.05905,-20.),(-57.65367,-50.,-18.47759),(-55.68917,-35.07813,-18.47759),(-64.14214,-50.,-14.14214),(-61.95655,-33.39879,-14.14214),(-68.47759,-50.,-7.65367),(-66.14427,-32.2767,-7.65367),(-70.,-50.,0.),(-67.61481,-31.88267,0.),(-68.47759,-50.,7.65367),(-66.14427,-32.2767,7.65367),(-64.14214,-50.,14.14214),(-61.95655,-33.39879,14.14214),(-57.65367,-50.,18.47759),(-55.68917,-35.07813,18.47759),(-50.,-50.,20.),(-48.29629,-37.05905,20.),(-42.34633,-50.,18.47759),(-40.90342,-39.03996,18.47759),(-35.85786,-50.,14.14214),(-34.63604,-40.7193,14.14214),(-31.05382,-32.07107,14.14214),(-27.29921,-34.2388,7.65367),(-25.98076,-35.,0.),(-27.29921,-34.2388,-7.65367),(-31.05382,-32.07107,-14.14214),(-36.673,-28.82683,-18.47759),(-43.30127,-25.,-20.),(-49.92954,-21.17317,-18.47759),(-55.54872,-17.92893,-14.14214),(-59.30333,-15.7612,-7.65367),(-60.62178,-15.,0.),(-59.30333,-15.7612,7.65367),(-55.54872,-17.92893,14.14214),(-49.92954,-21.17317,18.47759),(-43.30127,-25.,20.),(-36.673,-28.82683,18.47759),(-29.94338,-20.05662,18.47759),(-25.35534,-24.64466,14.14214),(-22.28971,-27.71029,7.65367),(-21.2132,-28.7868,0.),(-22.28971,-27.71029,-7.65367),(-25.35534,-24.64466,-14.14214),(-29.94338,-20.05662,-18.47759),(-35.35534,-14.64466,-20.),(-40.7673,-9.2327,-18.47759),(-45.35534,-4.64466,-14.14214),(-48.42097,-1.57903,-7.65367),(-49.49747,-0.50253,0.),(-48.42097,-1.57903,7.65367),(-45.35534,-4.64466,14.14214),(-40.7673,-9.2327,18.47759),(-35.35534,-14.64466,20.),(-25.,-6.69873,20.),(-21.17317,-13.327,18.47759),(-17.92893,-18.94618,14.14214),(-15.7612,-22.70079,7.65367),(-15.,-24.01924,0.),(-15.7612,-22.70079,-7.65367),(-17.92893,-18.94618,-14.14214),(-21.17317,-13.327,-18.47759),(-25.,-6.69873,-20.),(-28.82683,-0.07046,-18.47759),(-32.07107,5.54872,-14.14214),(-34.2388,9.30333,-7.65367),(-35.,10.62178,0.),(-34.2388,9.30333,7.65367),(-32.07107,5.54872,14.14214),(-28.82683,-0.07046,18.47759),(-14.92187,5.68917,18.47759),(-12.94095,-1.70371,20.),(-10.96004,-9.09658,18.47759),(-9.2807,-15.36396,14.14214),(-8.1586,-19.55169,7.65367),(-7.76457,-21.02223,0.),(-8.1586,-19.55169,-7.65367),(-9.2807,-15.36396,-14.14214),(-10.96004,-9.09658,-18.47759),(-12.94095,-1.70371,-20.),(-14.92187,5.68917,-18.47759),(-16.60121,11.95655,-14.14214),(-17.7233,16.14427,-7.65367),(-18.11733,17.61481,0.),(-17.7233,16.14427,7.65367),(-16.60121,11.95655,14.14214),(0.,14.14214,14.14214),(0.,7.65367,18.47759),(0.,0.,20.),(0.,-7.65367,18.47759),(0.,-14.14214,14.14214),(0.,-18.47759,7.65367),(0.,-20.,0.),(0.,-18.47759,-7.65367),(0.,-14.14214,-14.14214),(0.,-7.65367,-18.47759),(0.,0.,-20.),(0.,7.65367,-18.47759),(0.,14.14214,-14.14214),(0.,18.47759,-7.65367),(0.,20.,0.),(0.,18.47759,7.65367),(403.47759,-50.,7.65367),(405.,-50.,0.),(399.14214,-50.,14.14214),(392.65367,-50.,18.47759),(385.,-50.,20.),(377.34633,-50.,18.47759),(370.85786,-50.,14.14214),(366.52241,-50.,7.65367),(365.,-50.,0.),(366.52241,-50.,-7.65367),(370.85786,-50.,-14.14214),(377.34633,-50.,-18.47759),(385.,-50.,-20.),(392.65367,-50.,-18.47759),(399.14214,-50.,-14.14214),(403.47759,-50.,-7.65367),(394.56709,-100.,23.09699),(402.67767,-100.,17.67767),(408.09699,-100.,9.56709),(410.,-100.,0.),(375.43291,-100.,23.09699),(385.,-100.,25.),(367.32233,-100.,17.67767),(361.90301,-100.,9.56709),(360.,-100.,0.),(361.90301,-100.,-9.56709),(367.32233,-100.,-17.67767),(375.43291,-100.,-23.09699),(385.,-100.,-25.),(394.56709,-100.,-23.09699),(402.67767,-100.,-17.67767),(408.09699,-100.,-9.56709),(403.47759,-100.,-7.65367),(405.,-100.,0.),(399.14214,-100.,-14.14214),(392.65367,-100.,-18.47759),(385.,-100.,-20.),(377.34633,-100.,-18.47759),(370.85786,-100.,-14.14214),(366.52241,-100.,-7.65367),(365.,-100.,0.),(366.52241,-100.,7.65367),(370.85786,-100.,14.14214),(377.34633,-100.,18.47759),(385.,-100.,20.),(392.65367,-100.,18.47759),(399.14214,-100.,14.14214),(403.47759,-100.,7.65367)));
#2317= IFCINDEXEDPOLYGONALFACE((6,5,7,8));
#2318= IFCINDEXEDPOLYGONALFACE((8,7,9,10));
#2319= IFCINDEXEDPOLYGONALFACE((7,11,12,9));
#2320= IFCINDEXEDPOLYGONALFACE((5,13,11,7));
#2321= IFCINDEXEDPOLYGONALFACE((3,14,13,5));
#2322= IFCINDEXEDPOLYGONALFACE((2,15,14,3));
#2323= IFCINDEXEDPOLYGONALFACE((15,16,17,14));
#2324= IFCINDEXEDPOLYGONALFACE((14,17,18,13));
#2325= IFCINDEXEDPOLYGONALFACE((13,18,19,11));
#2326= IFCINDEXEDPOLYGONALFACE((11,19,20,12));
#2327= IFCINDEXEDPOLYGONALFACE((18,23,21,19));
#2328= IFCINDEXEDPOLYGONALFACE((17,24,23,18));
#2329= IFCINDEXEDPOLYGONALFACE((16,25,24,17));
#2330= IFCINDEXEDPOLYGONALFACE((25,26,27,24));
#2331= IFCINDEXEDPOLYGONALFACE((24,27,28,23));
#2332= IFCINDEXEDPOLYGONALFACE((23,28,29,21));
#2333= IFCINDEXEDPOLYGONALFACE((21,29,30,22));
#2334= IFCINDEXEDPOLYGONALFACE((28,33,31,29));
#2335= IFCINDEXEDPOLYGONALFACE((27,34,33,28));
#2336= IFCINDEXEDPOLYGONALFACE((26,35,34,27));
#2337= IFCINDEXEDPOLYGONALFACE((35,36,37,34));
#2338= IFCINDEXEDPOLYGONALFACE((34,37,38,33));
#2339= IFCINDEXEDPOLYGONALFACE((33,38,39,31));
#2340= IFCINDEXEDPOLYGONALFACE((31,39,40,32));
#2341= IFCINDEXEDPOLYGONALFACE((38,43,41,39));
#2342= IFCINDEXEDPOLYGONALFACE((37,44,43,38));
#2343= IFCINDEXEDPOLYGONALFACE((36,45,44,37));
#2344= IFCINDEXEDPOLYGONALFACE((45,46,47,44));
#2345= IFCINDEXEDPOLYGONALFACE((44,47,48,43));
#2346= IFCINDEXEDPOLYGONALFACE((43,48,49,41));
#2347= IFCINDEXEDPOLYGONALFACE((41,49,50,42));
#2348= IFCINDEXEDPOLYGONALFACE((48,53,51,49));
#2349= IFCINDEXEDPOLYGONALFACE((47,54,53,48));
#2350= IFCINDEXEDPOLYGONALFACE((46,55,54,47));
#2351= IFCINDEXEDPOLYGONALFACE((55,56,57,54));
#2352= IFCINDEXEDPOLYGONALFACE((54,57,58,53));
#2353= IFCINDEXEDPOLYGONALFACE((53,58,59,51));
#2354= IFCINDEXEDPOLYGONALFACE((51,59,60,52));
#2355= IFCINDEXEDPOLYGONALFACE((58,63,61,59));
#2356= IFCINDEXEDPOLYGONALFACE((57,64,63,58));
#2357= IFCINDEXEDPOLYGONALFACE((56,65,64,57));
#2358= IFCINDEXEDPOLYGONALFACE((65,66,67,64));
#2359= IFCINDEXEDPOLYGONALFACE((64,67,68,63));
#2360= IFCINDEXEDPOLYGONALFACE((63,68,69,61));
#2361= IFCINDEXEDPOLYGONALFACE((61,69,70,62));
#2362= IFCINDEXEDPOLYGONALFACE((69,71,72,70));
#2363= IFCINDEXEDPOLYGONALFACE((68,73,71,69));
#2364= IFCINDEXEDPOLYGONALFACE((67,74,73,68));
#2365= IFCINDEXEDPOLYGONALFACE((66,75,74,67));
#2366= IFCINDEXEDPOLYGONALFACE((75,76,77,74));
#2367= IFCINDEXEDPOLYGONALFACE((74,77,78,73));
#2368= IFCINDEXEDPOLYGONALFACE((73,78,79,71));
#2369= IFCINDEXEDPOLYGONALFACE((71,79,80,72));
#2370= IFCINDEXEDPOLYGONALFACE((72,80,81,82));
#2371= IFCINDEXEDPOLYGONALFACE((70,72,82,83));
#2372= IFCINDEXEDPOLYGONALFACE((62,70,83,84));
#2373= IFCINDEXEDPOLYGONALFACE((60,62,84,85));
#2374= IFCINDEXEDPOLYGONALFACE((52,60,85,86));
#2375= IFCINDEXEDPOLYGONALFACE((50,52,86,87));
#2376= IFCINDEXEDPOLYGONALFACE((42,50,87,88));
#2377= IFCINDEXEDPOLYGONALFACE((40,42,88,89));
#2378= IFCINDEXEDPOLYGONALFACE((32,40,89,90));
#2379= IFCINDEXEDPOLYGONALFACE((30,32,90,91));
#2380= IFCINDEXEDPOLYGONALFACE((22,30,91,92));
#2381= IFCINDEXEDPOLYGONALFACE((20,22,92,93));
#2382= IFCINDEXEDPOLYGONALFACE((12,20,93,94));
#2383= IFCINDEXEDPOLYGONALFACE((9,12,94,95));
#2384= IFCINDEXEDPOLYGONALFACE((10,9,95,96));
#2385= IFCINDEXEDPOLYGONALFACE((97,98,99,100));
#2386= IFCINDEXEDPOLYGONALFACE((100,99,101,102));
#2387= IFCINDEXEDPOLYGONALFACE((102,101,103,104));
#2388= IFCINDEXEDPOLYGONALFACE((104,103,105,106));
#2389= IFCINDEXEDPOLYGONALFACE((106,105,107,108));
#2390= IFCINDEXEDPOLYGONALFACE((108,107,109,110));
#2391= IFCINDEXEDPOLYGONALFACE((110,109,111,112));
#2392= IFCINDEXEDPOLYGONALFACE((113,114,115,116));
#2393= IFCINDEXEDPOLYGONALFACE((117,118,114,113));
#2394= IFCINDEXEDPOLYGONALFACE((119,120,118,117));
#2395= IFCINDEXEDPOLYGONALFACE((121,122,120,119));
#2396= IFCINDEXEDPOLYGONALFACE((123,124,122,121));
#2397= IFCINDEXEDPOLYGONALFACE((125,126,124,123));
#2398= IFCINDEXEDPOLYGONALFACE((127,128,126,125));
#2399= IFCINDEXEDPOLYGONALFACE((112,111,128,127));
#2400= IFCINDEXEDPOLYGONALFACE((116,115,98,97));
#2401= IFCINDEXEDPOLYGONALFACE((98,115,129,130));
#2402= IFCINDEXEDPOLYGONALFACE((99,98,130,131));
#2403= IFCINDEXEDPOLYGONALFACE((101,99,131,132));
#2404= IFCINDEXEDPOLYGONALFACE((103,101,132,133));
#2405= IFCINDEXEDPOLYGONALFACE((105,103,133,134));
#2406= IFCINDEXEDPOLYGONALFACE((107,105,134,135));
#2407= IFCINDEXEDPOLYGONALFACE((109,107,135,136));
#2408= IFCINDEXEDPOLYGONALFACE((111,109,136,137));
#2409= IFCINDEXEDPOLYGONALFACE((128,111,137,138));
#2410= IFCINDEXEDPOLYGONALFACE((126,128,138,139));
#2411= IFCINDEXEDPOLYGONALFACE((124,126,139,140));
#2412= IFCINDEXEDPOLYGONALFACE((122,124,140,141));
#2413= IFCINDEXEDPOLYGONALFACE((120,122,141,142));
#2414= IFCINDEXEDPOLYGONALFACE((118,120,142,143));
#2415= IFCINDEXEDPOLYGONALFACE((114,118,143,144));
#2416= IFCINDEXEDPOLYGONALFACE((115,114,144,129));
#2417= IFCINDEXEDPOLYGONALFACE((129,144,145,146));
#2418= IFCINDEXEDPOLYGONALFACE((130,129,146,147));
#2419= IFCINDEXEDPOLYGONALFACE((131,130,147,148));
#2420= IFCINDEXEDPOLYGONALFACE((132,131,148,149));
#2421= IFCINDEXEDPOLYGONALFACE((133,132,149,150));
#2422= IFCINDEXEDPOLYGONALFACE((134,133,150,151));
#2423= IFCINDEXEDPOLYGONALFACE((135,134,151,152));
#2424= IFCINDEXEDPOLYGONALFACE((136,135,152,153));
#2425= IFCINDEXEDPOLYGONALFACE((137,136,153,154));
#2426= IFCINDEXEDPOLYGONALFACE((138,137,154,155));
#2427= IFCINDEXEDPOLYGONALFACE((139,138,155,156));
#2428= IFCINDEXEDPOLYGONALFACE((140,139,156,157));
#2429= IFCINDEXEDPOLYGONALFACE((141,140,157,158));
#2430= IFCINDEXEDPOLYGONALFACE((142,141,158,159));
#2431= IFCINDEXEDPOLYGONALFACE((143,142,159,160));
#2432= IFCINDEXEDPOLYGONALFACE((144,143,160,145));
#2433= IFCINDEXEDPOLYGONALFACE((145,160,161,162));
#2434= IFCINDEXEDPOLYGONALFACE((146,145,162,163));
#2435= IFCINDEXEDPOLYGONALFACE((147,146,163,164));
#2436= IFCINDEXEDPOLYGONALFACE((148,147,164,165));
#2437= IFCINDEXEDPOLYGONALFACE((149,148,165,166));
#2438= IFCINDEXEDPOLYGONALFACE((150,149,166,167));
#2439= IFCINDEXEDPOLYGONALFACE((151,150,167,168));
#2440= IFCINDEXEDPOLYGONALFACE((152,151,168,169));
#2441= IFCINDEXEDPOLYGONALFACE((153,152,169,170));
#2442= IFCINDEXEDPOLYGONALFACE((154,153,170,171));
#2443= IFCINDEXEDPOLYGONALFACE((155,154,171,172));
#2444= IFCINDEXEDPOLYGONALFACE((156,155,172,173));
#2445= IFCINDEXEDPOLYGONALFACE((157,156,173,174));
#2446= IFCINDEXEDPOLYGONALFACE((158,157,174,175));
#2447= IFCINDEXEDPOLYGONALFACE((159,158,175,176));
#2448= IFCINDEXEDPOLYGONALFACE((160,159,176,161));
#2449= IFCINDEXEDPOLYGONALFACE((161,176,177,178));
#2450= IFCINDEXEDPOLYGONALFACE((162,161,178,179));
#2451= IFCINDEXEDPOLYGONALFACE((163,162,179,180));
#2452= IFCINDEXEDPOLYGONALFACE((164,163,180,181));
#2453= IFCINDEXEDPOLYGONALFACE((165,164,181,182));
#2454= IFCINDEXEDPOLYGONALFACE((166,165,182,183));
#2455= IFCINDEXEDPOLYGONALFACE((167,166,183,184));
#2456= IFCINDEXEDPOLYGONALFACE((168,167,184,185));
#2457= IFCINDEXEDPOLYGONALFACE((169,168,185,186));
#2458= IFCINDEXEDPOLYGONALFACE((170,169,186,187));
#2459= IFCINDEXEDPOLYGONALFACE((171,170,187,188));
#2460= IFCINDEXEDPOLYGONALFACE((172,171,188,189));
#2461= IFCINDEXEDPOLYGONALFACE((173,172,189,190));
#2462= IFCINDEXEDPOLYGONALFACE((174,173,190,191));
#2463= IFCINDEXEDPOLYGONALFACE((175,174,191,192));
#2464= IFCINDEXEDPOLYGONALFACE((176,175,192,177));
#2465= IFCINDEXEDPOLYGONALFACE((177,192,193,194));
#2466= IFCINDEXEDPOLYGONALFACE((178,177,194,195));
#2467= IFCINDEXEDPOLYGONALFACE((179,178,195,196));
#2468= IFCINDEXEDPOLYGONALFACE((180,179,196,197));
#2469= IFCINDEXEDPOLYGONALFACE((181,180,197,198));
#2470= IFCINDEXEDPOLYGONALFACE((182,181,198,199));
#2471= IFCINDEXEDPOLYGONALFACE((183,182,199,200));
#2472= IFCINDEXEDPOLYGONALFACE((184,183,200,201));
#2473= IFCINDEXEDPOLYGONALFACE((185,184,201,202));
#2474= IFCINDEXEDPOLYGONALFACE((186,185,202,203));
#2475= IFCINDEXEDPOLYGONALFACE((187,186,203,204));
#2476= IFCINDEXEDPOLYGONALFACE((188,187,204,205));
#2477= IFCINDEXEDPOLYGONALFACE((189,188,205,206));
#2478= IFCINDEXEDPOLYGONALFACE((190,189,206,207));
#2479= IFCINDEXEDPOLYGONALFACE((191,190,207,208));
#2480= IFCINDEXEDPOLYGONALFACE((192,191,208,193));
#2481= IFCINDEXEDPOLYGONALFACE((209,210,211,212));
#2482= IFCINDEXEDPOLYGONALFACE((212,211,213,214));
#2483= IFCINDEXEDPOLYGONALFACE((214,213,215,216));
#2484= IFCINDEXEDPOLYGONALFACE((216,215,217,218));
#2485= IFCINDEXEDPOLYGONALFACE((218,217,219,220));
#2486= IFCINDEXEDPOLYGONALFACE((220,219,221,222));
#2487= IFCINDEXEDPOLYGONALFACE((219,223,224,221));
#2488= IFCINDEXEDPOLYGONALFACE((217,225,223,219));
#2489= IFCINDEXEDPOLYGONALFACE((215,226,225,217));
#2490= IFCINDEXEDPOLYGONALFACE((213,227,226,215));
#2491= IFCINDEXEDPOLYGONALFACE((211,228,227,213));
#2492= IFCINDEXEDPOLYGONALFACE((210,229,228,211));
#2493= IFCINDEXEDPOLYGONALFACE((229,230,231,228));
#2494= IFCINDEXEDPOLYGONALFACE((228,231,232,227));
#2495= IFCINDEXEDPOLYGONALFACE((227,232,233,226));
#2496= IFCINDEXEDPOLYGONALFACE((226,233,234,225));
#2497= IFCINDEXEDPOLYGONALFACE((225,234,235,223));
#2498= IFCINDEXEDPOLYGONALFACE((223,235,236,224));
#2499= IFCINDEXEDPOLYGONALFACE((235,237,238,236));
#2500= IFCINDEXEDPOLYGONALFACE((234,239,237,235));
#2501= IFCINDEXEDPOLYGONALFACE((233,240,239,234));
#2502= IFCINDEXEDPOLYGONALFACE((232,241,240,233));
#2503= IFCINDEXEDPOLYGONALFACE((231,242,241,232));
#2504= IFCINDEXEDPOLYGONALFACE((230,243,242,231));
#2505= IFCINDEXEDPOLYGONALFACE((243,244,245,242));
#2506= IFCINDEXEDPOLYGONALFACE((242,245,246,241));
#2507= IFCINDEXEDPOLYGONALFACE((241,246,247,240));
#2508= IFCINDEXEDPOLYGONALFACE((240,247,248,239));
#2509= IFCINDEXEDPOLYGONALFACE((239,248,249,237));
#2510= IFCINDEXEDPOLYGONALFACE((237,249,250,238));
#2511= IFCINDEXEDPOLYGONALFACE((249,251,252,250));
#2512= IFCINDEXEDPOLYGONALFACE((248,253,251,249));
#2513= IFCINDEXEDPOLYGONALFACE((247,254,253,248));
#2514= IFCINDEXEDPOLYGONALFACE((246,255,254,247));
#2515= IFCINDEXEDPOLYGONALFACE((245,256,255,246));
#2516= IFCINDEXEDPOLYGONALFACE((244,257,256,245));
#2517= IFCINDEXEDPOLYGONALFACE((257,258,259,256));
#2518= IFCINDEXEDPOLYGONALFACE((256,259,260,255));
#2519= IFCINDEXEDPOLYGONALFACE((255,260,261,254));
#2520= IFCINDEXEDPOLYGONALFACE((254,261,262,253));
#2521= IFCINDEXEDPOLYGONALFACE((253,262,263,251));
#2522= IFCINDEXEDPOLYGONALFACE((251,263,264,252));
#2523= IFCINDEXEDPOLYGONALFACE((263,265,266,264));
#2524= IFCINDEXEDPOLYGONALFACE((262,267,265,263));
#2525= IFCINDEXEDPOLYGONALFACE((261,268,267,262));
#2526= IFCINDEXEDPOLYGONALFACE((260,269,268,261));
#2527= IFCINDEXEDPOLYGONALFACE((259,270,269,260));
#2528= IFCINDEXEDPOLYGONALFACE((258,271,270,259));
#2529= IFCINDEXEDPOLYGONALFACE((271,272,273,270));
#2530= IFCINDEXEDPOLYGONALFACE((270,273,274,269));
#2531= IFCINDEXEDPOLYGONALFACE((269,274,275,268));
#2532= IFCINDEXEDPOLYGONALFACE((268,275,276,267));
#2533= IFCINDEXEDPOLYGONALFACE((267,276,277,265));
#2534= IFCINDEXEDPOLYGONALFACE((265,277,278,266));
#2535= IFCINDEXEDPOLYGONALFACE((277,279,280,278));
#2536= IFCINDEXEDPOLYGONALFACE((276,281,279,277));
#2537= IFCINDEXEDPOLYGONALFACE((275,282,281,276));
#2538= IFCINDEXEDPOLYGONALFACE((274,283,282,275));
#2539= IFCINDEXEDPOLYGONALFACE((273,284,283,274));
#2540= IFCINDEXEDPOLYGONALFACE((272,285,284,273));
#2541= IFCINDEXEDPOLYGONALFACE((285,286,287,284));
#2542= IFCINDEXEDPOLYGONALFACE((284,287,288,283));
#2543= IFCINDEXEDPOLYGONALFACE((283,288,289,282));
#2544= IFCINDEXEDPOLYGONALFACE((282,289,290,281));
#2545= IFCINDEXEDPOLYGONALFACE((281,290,291,279));
#2546= IFCINDEXEDPOLYGONALFACE((279,291,292,280));
#2547= IFCINDEXEDPOLYGONALFACE((291,293,294,292));
#2548= IFCINDEXEDPOLYGONALFACE((290,295,293,291));
#2549= IFCINDEXEDPOLYGONALFACE((289,296,295,290));
#2550= IFCINDEXEDPOLYGONALFACE((288,297,296,289));
#2551= IFCINDEXEDPOLYGONALFACE((287,298,297,288));
#2552= IFCINDEXEDPOLYGONALFACE((286,299,298,287));
#2553= IFCINDEXEDPOLYGONALFACE((299,300,301,298));
#2554= IFCINDEXEDPOLYGONALFACE((298,301,302,297));
#2555= IFCINDEXEDPOLYGONALFACE((297,302,303,296));
#2556= IFCINDEXEDPOLYGONALFACE((296,303,304,295));
#2557= IFCINDEXEDPOLYGONALFACE((295,304,305,293));
#2558= IFCINDEXEDPOLYGONALFACE((293,305,306,294));
#2559= IFCINDEXEDPOLYGONALFACE((305,307,308,306));
#2560= IFCINDEXEDPOLYGONALFACE((304,309,307,305));
#2561= IFCINDEXEDPOLYGONALFACE((303,310,309,304));
#2562= IFCINDEXEDPOLYGONALFACE((302,311,310,303));
#2563= IFCINDEXEDPOLYGONALFACE((301,312,311,302));
#2564= IFCINDEXEDPOLYGONALFACE((300,313,312,301));
#2565= IFCINDEXEDPOLYGONALFACE((313,314,315,312));
#2566= IFCINDEXEDPOLYGONALFACE((312,315,316,311));
#2567= IFCINDEXEDPOLYGONALFACE((311,316,317,310));
#2568= IFCINDEXEDPOLYGONALFACE((310,317,318,309));
#2569= IFCINDEXEDPOLYGONALFACE((309,318,319,307));
#2570= IFCINDEXEDPOLYGONALFACE((307,319,320,308));
#2571= IFCINDEXEDPOLYGONALFACE((208,308,320,193));
#2572= IFCINDEXEDPOLYGONALFACE((207,306,308,208));
#2573= IFCINDEXEDPOLYGONALFACE((206,294,306,207));
#2574= IFCINDEXEDPOLYGONALFACE((205,292,294,206));
#2575= IFCINDEXEDPOLYGONALFACE((204,280,292,205));
#2576= IFCINDEXEDPOLYGONALFACE((203,278,280,204));
#2577= IFCINDEXEDPOLYGONALFACE((202,266,278,203));
#2578= IFCINDEXEDPOLYGONALFACE((201,264,266,202));
#2579= IFCINDEXEDPOLYGONALFACE((200,252,264,201));
#2580= IFCINDEXEDPOLYGONALFACE((199,250,252,200));
#2581= IFCINDEXEDPOLYGONALFACE((198,238,250,199));
#2582= IFCINDEXEDPOLYGONALFACE((197,236,238,198));
#2583= IFCINDEXEDPOLYGONALFACE((196,224,236,197));
#2584= IFCINDEXEDPOLYGONALFACE((195,221,224,196));
#2585= IFCINDEXEDPOLYGONALFACE((194,222,221,195));
#2586= IFCINDEXEDPOLYGONALFACE((193,320,222,194));
#2587= IFCINDEXEDPOLYGONALFACE((319,220,222,320));
#2588= IFCINDEXEDPOLYGONALFACE((318,218,220,319));
#2589= IFCINDEXEDPOLYGONALFACE((317,216,218,318));
#2590= IFCINDEXEDPOLYGONALFACE((316,214,216,317));
#2591= IFCINDEXEDPOLYGONALFACE((315,212,214,316));
#2592= IFCINDEXEDPOLYGONALFACE((314,209,212,315));
#2593= IFCINDEXEDPOLYGONALFACEWITHVOIDS((313,300,299,286,285,272,271,258,257,244,243,230,229,210,209,314),((349,351,322,321,325,327,329,331,333,335,337,339,341,343,345,347)));
#2594= IFCINDEXEDPOLYGONALFACE((321,322,323,324));
#2595= IFCINDEXEDPOLYGONALFACE((325,321,324,326));
#2596= IFCINDEXEDPOLYGONALFACE((327,325,326,328));
#2597= IFCINDEXEDPOLYGONALFACE((329,327,328,330));
#2598= IFCINDEXEDPOLYGONALFACE((331,329,330,332));
#2599= IFCINDEXEDPOLYGONALFACE((333,331,332,334));
#2600= IFCINDEXEDPOLYGONALFACE((335,333,334,336));
#2601= IFCINDEXEDPOLYGONALFACE((337,335,336,338));
#2602= IFCINDEXEDPOLYGONALFACE((339,337,338,340));
#2603= IFCINDEXEDPOLYGONALFACE((341,339,340,342));
#2604= IFCINDEXEDPOLYGONALFACE((343,341,342,344));
#2605= IFCINDEXEDPOLYGONALFACE((345,343,344,346));
#2606= IFCINDEXEDPOLYGONALFACE((347,345,346,348));
#2607= IFCINDEXEDPOLYGONALFACE((349,347,348,350));
#2608= IFCINDEXEDPOLYGONALFACE((351,349,350,352));
#2609= IFCINDEXEDPOLYGONALFACE((322,351,352,323));
#2610= IFCINDEXEDPOLYGONALFACE((323,352,353,354));
#2611= IFCINDEXEDPOLYGONALFACE((324,323,354,355));
#2612= IFCINDEXEDPOLYGONALFACE((326,324,355,356));
#2613= IFCINDEXEDPOLYGONALFACE((328,326,356,357));
#2614= IFCINDEXEDPOLYGONALFACE((330,328,357,358));
#2615= IFCINDEXEDPOLYGONALFACE((332,330,358,359));
#2616= IFCINDEXEDPOLYGONALFACE((334,332,359,360));
#2617= IFCINDEXEDPOLYGONALFACE((336,334,360,361));
#2618= IFCINDEXEDPOLYGONALFACE((338,336,361,362));
#2619= IFCINDEXEDPOLYGONALFACE((340,338,362,363));
#2620= IFCINDEXEDPOLYGONALFACE((342,340,363,364));
#2621= IFCINDEXEDPOLYGONALFACE((344,342,364,365));
#2622= IFCINDEXEDPOLYGONALFACE((346,344,365,366));
#2623= IFCINDEXEDPOLYGONALFACE((348,346,366,367));
#2624= IFCINDEXEDPOLYGONALFACE((350,348,367,368));
#2625= IFCINDEXEDPOLYGONALFACE((352,350,368,353));
#2626= IFCINDEXEDPOLYGONALFACE((353,368,369,370));
#2627= IFCINDEXEDPOLYGONALFACE((354,353,370,371));
#2628= IFCINDEXEDPOLYGONALFACE((355,354,371,372));
#2629= IFCINDEXEDPOLYGONALFACE((356,355,372,373));
#2630= IFCINDEXEDPOLYGONALFACE((357,356,373,374));
#2631= IFCINDEXEDPOLYGONALFACE((358,357,374,375));
#2632= IFCINDEXEDPOLYGONALFACE((359,358,375,376));
#2633= IFCINDEXEDPOLYGONALFACE((360,359,376,377));
#2634= IFCINDEXEDPOLYGONALFACE((361,360,377,378));
#2635= IFCINDEXEDPOLYGONALFACE((362,361,378,379));
#2636= IFCINDEXEDPOLYGONALFACE((363,362,379,380));
#2637= IFCINDEXEDPOLYGONALFACE((364,363,380,381));
#2638= IFCINDEXEDPOLYGONALFACE((365,364,381,382));
#2639= IFCINDEXEDPOLYGONALFACE((366,365,382,383));
#2640= IFCINDEXEDPOLYGONALFACE((367,366,383,384));
#2641= IFCINDEXEDPOLYGONALFACE((368,367,384,369));
#2642= IFCINDEXEDPOLYGONALFACE((369,384,385,386));
#2643= IFCINDEXEDPOLYGONALFACE((370,369,386,387));
#2644= IFCINDEXEDPOLYGONALFACE((371,370,387,388));
#2645= IFCINDEXEDPOLYGONALFACE((372,371,388,389));
#2646= IFCINDEXEDPOLYGONALFACE((373,372,389,390));
#2647= IFCINDEXEDPOLYGONALFACE((374,373,390,391));
#2648= IFCINDEXEDPOLYGONALFACE((375,374,391,392));
#2649= IFCINDEXEDPOLYGONALFACE((376,375,392,393));
#2650= IFCINDEXEDPOLYGONALFACE((377,376,393,394));
#2651= IFCINDEXEDPOLYGONALFACE((378,377,394,395));
#2652= IFCINDEXEDPOLYGONALFACE((379,378,395,396));
#2653= IFCINDEXEDPOLYGONALFACE((380,379,396,397));
#2654= IFCINDEXEDPOLYGONALFACE((381,380,397,398));
#2655= IFCINDEXEDPOLYGONALFACE((382,381,398,399));
#2656= IFCINDEXEDPOLYGONALFACE((383,382,399,400));
#2657= IFCINDEXEDPOLYGONALFACE((384,383,400,385));
#2658= IFCINDEXEDPOLYGONALFACE((385,400,401,402));
#2659= IFCINDEXEDPOLYGONALFACE((386,385,402,403));
#2660= IFCINDEXEDPOLYGONALFACE((387,386,403,404));
#2661= IFCINDEXEDPOLYGONALFACE((388,387,404,405));
#2662= IFCINDEXEDPOLYGONALFACE((389,388,405,406));
#2663= IFCINDEXEDPOLYGONALFACE((390,389,406,407));
#2664= IFCINDEXEDPOLYGONALFACE((391,390,407,408));
#2665= IFCINDEXEDPOLYGONALFACE((392,391,408,409));
#2666= IFCINDEXEDPOLYGONALFACE((393,392,409,410));
#2667= IFCINDEXEDPOLYGONALFACE((394,393,410,411));
#2668= IFCINDEXEDPOLYGONALFACE((395,394,411,412));
#2669= IFCINDEXEDPOLYGONALFACE((396,395,412,413));
#2670= IFCINDEXEDPOLYGONALFACE((397,396,413,414));
#2671= IFCINDEXEDPOLYGONALFACE((398,397,414,415));
#2672= IFCINDEXEDPOLYGONALFACE((399,398,415,416));
#2673= IFCINDEXEDPOLYGONALFACE((400,399,416,401));
#2674= IFCINDEXEDPOLYGONALFACE((401,416,417,418));
#2675= IFCINDEXEDPOLYGONALFACE((402,401,418,419));
#2676= IFCINDEXEDPOLYGONALFACE((403,402,419,420));
#2677= IFCINDEXEDPOLYGONALFACE((404,403,420,421));
#2678= IFCINDEXEDPOLYGONALFACE((405,404,421,422));
#2679= IFCINDEXEDPOLYGONALFACE((406,405,422,423));
#2680= IFCINDEXEDPOLYGONALFACE((407,406,423,424));
#2681= IFCINDEXEDPOLYGONALFACE((408,407,424,425));
#2682= IFCINDEXEDPOLYGONALFACE((409,408,425,426));
#2683= IFCINDEXEDPOLYGONALFACE((410,409,426,427));
#2684= IFCINDEXEDPOLYGONALFACE((411,410,427,428));
#2685= IFCINDEXEDPOLYGONALFACE((412,411,428,429));
#2686= IFCINDEXEDPOLYGONALFACE((413,412,429,430));
#2687= IFCINDEXEDPOLYGONALFACE((414,413,430,431));
#2688= IFCINDEXEDPOLYGONALFACE((415,414,431,432));
#2689= IFCINDEXEDPOLYGONALFACE((416,415,432,417));
#2690= IFCINDEXEDPOLYGONALFACE((95,417,432,96));
#2691= IFCINDEXEDPOLYGONALFACE((94,418,417,95));
#2692= IFCINDEXEDPOLYGONALFACE((93,419,418,94));
#2693= IFCINDEXEDPOLYGONALFACE((92,420,419,93));
#2694= IFCINDEXEDPOLYGONALFACE((91,421,420,92));
#2695= IFCINDEXEDPOLYGONALFACE((90,422,421,91));
#2696= IFCINDEXEDPOLYGONALFACE((89,423,422,90));
#2697= IFCINDEXEDPOLYGONALFACE((88,424,423,89));
#2698= IFCINDEXEDPOLYGONALFACE((87,425,424,88));
#2699= IFCINDEXEDPOLYGONALFACE((86,426,425,87));
#2700= IFCINDEXEDPOLYGONALFACE((85,427,426,86));
#2701= IFCINDEXEDPOLYGONALFACE((84,428,427,85));
#2702= IFCINDEXEDPOLYGONALFACE((83,429,428,84));
#2703= IFCINDEXEDPOLYGONALFACE((82,430,429,83));
#2704= IFCINDEXEDPOLYGONALFACE((81,431,430,82));
#2705= IFCINDEXEDPOLYGONALFACE((96,432,431,81));
#2706= IFCINDEXEDPOLYGONALFACE((80,10,96,81));
#2707= IFCINDEXEDPOLYGONALFACE((79,8,10,80));
#2708= IFCINDEXEDPOLYGONALFACE((78,6,8,79));
#2709= IFCINDEXEDPOLYGONALFACE((77,4,6,78));
#2710= IFCINDEXEDPOLYGONALFACE((76,1,4,77));
#2711= IFCINDEXEDPOLYGONALFACE((433,1,76,434));
#2712= IFCINDEXEDPOLYGONALFACE((435,2,1,433));
#2713= IFCINDEXEDPOLYGONALFACE((436,15,2,435));
#2714= IFCINDEXEDPOLYGONALFACE((437,16,15,436));
#2715= IFCINDEXEDPOLYGONALFACE((438,25,16,437));
#2716= IFCINDEXEDPOLYGONALFACE((439,26,25,438));
#2717= IFCINDEXEDPOLYGONALFACE((440,35,26,439));
#2718= IFCINDEXEDPOLYGONALFACE((441,36,35,440));
#2719= IFCINDEXEDPOLYGONALFACE((442,45,36,441));
#2720= IFCINDEXEDPOLYGONALFACE((443,46,45,442));
#2721= IFCINDEXEDPOLYGONALFACE((444,55,46,443));
#2722= IFCINDEXEDPOLYGONALFACE((445,56,55,444));
#2723= IFCINDEXEDPOLYGONALFACE((446,65,56,445));
#2724= IFCINDEXEDPOLYGONALFACE((447,66,65,446));
#2725= IFCINDEXEDPOLYGONALFACE((448,75,66,447));
#2726= IFCINDEXEDPOLYGONALFACE((434,76,75,448));
#2727= IFCINDEXEDPOLYGONALFACE((449,450,125,123));
#2728= IFCINDEXEDPOLYGONALFACE((450,451,127,125));
#2729= IFCINDEXEDPOLYGONALFACE((451,452,112,127));
#2730= IFCINDEXEDPOLYGONALFACE((453,454,121,119));
#2731= IFCINDEXEDPOLYGONALFACE((455,453,119,117));
#2732= IFCINDEXEDPOLYGONALFACE((456,455,117,113));
#2733= IFCINDEXEDPOLYGONALFACE((457,456,113,116));
#2734= IFCINDEXEDPOLYGONALFACE((458,457,116,97));
#2735= IFCINDEXEDPOLYGONALFACE((459,458,97,100));
#2736= IFCINDEXEDPOLYGONALFACE((460,459,100,102));
#2737= IFCINDEXEDPOLYGONALFACE((461,460,102,104));
#2738= IFCINDEXEDPOLYGONALFACE((462,461,104,106));
#2739= IFCINDEXEDPOLYGONALFACE((463,462,106,108));
#2740= IFCINDEXEDPOLYGONALFACE((464,463,108,110));
#2741= IFCINDEXEDPOLYGONALFACE((452,464,110,112));
#2742= IFCINDEXEDPOLYGONALFACE((454,449,123,121));
#2743= IFCINDEXEDPOLYGONALFACEWITHVOIDS((453,455,456,457,458,459,460,461,462,463,464,452,451,450,449,454),((478,479,480,466,465,467,468,469,470,471,472,473,474,475,476,477)));
#2744= IFCINDEXEDPOLYGONALFACE((465,466,434,448));
#2745= IFCINDEXEDPOLYGONALFACE((467,465,448,447));
#2746= IFCINDEXEDPOLYGONALFACE((468,467,447,446));
#2747= IFCINDEXEDPOLYGONALFACE((469,468,446,445));
#2748= IFCINDEXEDPOLYGONALFACE((470,469,445,444));
#2749= IFCINDEXEDPOLYGONALFACE((471,470,444,443));
#2750= IFCINDEXEDPOLYGONALFACE((472,471,443,442));
#2751= IFCINDEXEDPOLYGONALFACE((473,472,442,441));
#2752= IFCINDEXEDPOLYGONALFACE((474,473,441,440));
#2753= IFCINDEXEDPOLYGONALFACE((475,474,440,439));
#2754= IFCINDEXEDPOLYGONALFACE((476,475,439,438));
#2755= IFCINDEXEDPOLYGONALFACE((477,476,438,437));
#2756= IFCINDEXEDPOLYGONALFACE((478,477,437,436));
#2757= IFCINDEXEDPOLYGONALFACE((479,478,436,435));
#2758= IFCINDEXEDPOLYGONALFACE((480,479,435,433));
#2759= IFCINDEXEDPOLYGONALFACE((466,480,433,434));
#2760= IFCPOLYGONALFACESET(#2316,.T.,(#143,#344,#2317,#2318,#2319,#2320,#2321,#2322,#2323,#2324,#2325,#2326,#2216,#2327,#2328,#2329,#2330,#2331,#2332,#2333,#2220,#2334,#2335,#2336,#2337,#2338,#2339,#2340,#2225,#2341,#2342,#2343,#2344,#2345,#2346,#2347,#2230,#2348,#2349,#2350,#2351,#2352,#2353,#2354,#2235,#2355,#2356,#2357,#2358,#2359,#2360,#2361,#2362,#2363,#2364,#2365,#2366,#2367,#2368,#2369,#2370,#2371,#2372,#2373,#2374,#2375,#2376,#2377,#2378,#2379,#2380,#2381,#2382,#2383,#2384,#2385,#2386,#2387,#2388,#2389,#2390,#2391,#2392,#2393,#2394,#2395,#2396,#2397,#2398,#2399,#2400,#2401,#2402,#2403,#2404,#2405,#2406,#2407,#2408,#2409,#2410,#2411,#2412,#2413,#2414,#2415,#2416,#2417,#2418,#2419,#2420,#2421,#2422,#2423,#2424,#2425,#2426,#2427,#2428,#2429,#2430,#2431,#2432,#2433,#2434,#2435,#2436,#2437,#2438,#2439,#2440,#2441,#2442,#2443,#2444,#2445,#2446,#2447,#2448,#2449,#2450,#2451,#2452,#2453,#2454,#2455,#2456,#2457,#2458,#2459,#2460,#2461,#2462,#2463,#2464,#2465,#2466,#2467,#2468,#2469,#2470,#2471,#2472,#2473,#2474,#2475,#2476,#2477,#2478,#2479,#2480,#2481,#2482,#2483,#2484,#2485,#2486,#2487,#2488,#2489,#2490,#2491,#2492,#2493,#2494,#2495,#2496,#2497,#2498,#2499,#2500,#2501,#2502,#2503,#2504,#2505,#2506,#2507,#2508,#2509,#2510,#2511,#2512,#2513,#2514,#2515,#2516,#2517,#2518,#2519,#2520,#2521,#2522,#2523,#2524,#2525,#2526,#2527,#2528,#2529,#2530,#2531,#2532,#2533,#2534,#2535,#2536,#2537,#2538,#2539,#2540,#2541,#2542,#2543,#2544,#2545,#2546,#2547,#2548,#2549,#2550,#2551,#2552,#2553,#2554,#2555,#2556,#2557,#2558,#2559,#2560,#2561,#2562,#2563,#2564,#2565,#2566,#2567,#2568,#2569,#2570,#2571,#2572,#2573,#2574,#2575,#2576,#2577,#2578,#2579,#2580,#2581,#2582,#2583,#2584,#2585,#2586,#2587,#2588,#2589,#2590,#2591,#2592,#2593,#2594,#2595,#2596,#2597,#2598,#2599,#2600,#2601,#2602,#2603,#2604,#2605,#2606,#2607,#2608,#2609,#2610,#2611,#2612,#2613,#2614,#2615,#2616,#2617,#2618,#2619,#2620,#2621,#2622,#2623,#2624,#2625,#2626,#2627,#2628,#2629,#2630,#2631,#2632,#2633,#2634,#2635,#2636,#2637,#2638,#2639,#2640,#2641,#2642,#2643,#2644,#2645,#2646,#2647,#2648,#2649,#2650,#2651,#2652,#2653,#2654,#2655,#2656,#2657,#2658,#2659,#2660,#2661,#2662,#2663,#2664,#2665,#2666,#2667,#2668,#2669,#2670,#2671,#2672,#2673,#2674,#2675,#2676,#2677,#2678,#2679,#2680,#2681,#2682,#2683,#2684,#2685,#2686,#2687,#2688,#2689,#2690,#2691,#2692,#2693,#2694,#2695,#2696,#2697,#2698,#2699,#2700,#2701,#2702,#2703,#2704,#2705,#2706,#2707,#2708,#2709,#2710,#2711,#2712,#2713,#2714,#2715,#2716,#2717,#2718,#2719,#2720,#2721,#2722,#2723,#2724,#2725,#2726,#2727,#2728,#2729,#2730,#2731,#2732,#2733,#2734,#2735,#2736,#2737,#2738,#2739,#2740,#2741,#2742,#2743,#2744,#2745,#2746,#2747,#2748,#2749,#2750,#2751,#2752,#2753,#2754,#2755,#2756,#2757,#2758,#2759),$);
#2761= IFCSHAPEREPRESENTATION(#55,'Body','Tessellation',(#2760));
#2762= IFCCARTESIANPOINTLIST3D(((0.,0.,0.),(335.,0.,0.)));
#2763= IFCINDEXEDPOLYCURVE(#2762,(IFCLINEINDEX((1,2))),$);
#2764= IFCSHAPEREPRESENTATION(#212,'Axis','Curve3D',(#2763));
#2765= IFCCARTESIANPOINT((187.62803,-11.30644,0.));
#2766= IFCSHAPEREPRESENTATION(#58,'CoG','Point',(#2765));
#2767= IFCPRODUCTDEFINITIONSHAPE($,$,(#2761,#2764,#2766));
#2768= IFCCOLUMN('1f2Q4M000AwJ4tDZ8oDJGu',$,'RAIL_BEND','PD50*5',$,#2315,#2767,'S235JR',.NOTDEFINED.);
#2769= IFCPROPERTYSINGLEVALUE('Length',$,IFCLENGTHMEASURE(485.),$);
#2770= IFCPROPERTYSINGLEVALUE('OuterSurfaceArea',$,IFCAREAMEASURE(0.08519),$);
#2771= IFCPROPERTYSINGLEVALUE('GrossSurfaceArea',$,IFCAREAMEASURE(0.08519),$);
#2772= IFCPROPERTYSINGLEVALUE('NetSurfaceArea',$,IFCAREAMEASURE(0.08519),$);
#2773= IFCPROPERTYSINGLEVALUE('GrossVolume',$,IFCVOLUMEMEASURE(0.00037),$);
#2774= IFCPROPERTYSINGLEVALUE('GrossWeight',$,IFCMASSMEASURE(2.92153),$);
#2775= IFCPROPERTYSINGLEVALUE('NetWeight',$,IFCMASSMEASURE(2.92153),$);
#2776= IFCPROPERTYSET('2_$cq_TvjEEe$6WNLp4ItA',$,'Qto_ColumnBaseQuantities','Base quantities that are common to the definition of all occurrences of columns.',(#2769,#2250,#2770,#2771,#2772,#2773,#2112,#2774,#2775));
#2777= IFCCARTESIANPOINT((-10.,1045.,30.));
#2778= IFCAXIS2PLACEMENT3D(#2777,#50,#24);
#2779= IFCLOCALPLACEMENT(#2208,#2778);
#2780= IFCCARTESIANPOINTLIST2D(((0.,0.),(1057.5,0.),(1057.5,150.),(0.,150.)));
#2781= IFCINDEXEDPOLYCURVE(#2780,(IFCLINEINDEX((1,2,3,4,1))),$);
#2782= IFCARBITRARYCLOSEDPROFILEDEF(.AREA.,'PL10',#2781);
#2783= IFCCOLOURRGB($,1.,0.898039215686275,0.);
#2784= IFCSURFACESTYLERENDERING(#2783,0.,$,$,$,$,IFCNORMALISEDRATIOMEASURE(0.00390625),IFCSPECULAREXPONENT(10.),.NOTDEFINED.);
#2785= IFCSURFACESTYLE('S235JR',.POSITIVE.,(#2784));
#2786= IFCEXTRUDEDAREASOLID(#2782,#434,#50,10.);
#2787= IFCSHAPEREPRESENTATION(#55,'Body','SolidModel',(#2786));
#2788= IFCCARTESIANPOINT((528.75,75.,0.));
#2789= IFCSHAPEREPRESENTATION(#58,'CoG','Point',(#2788));
#2790= IFCPRODUCTDEFINITIONSHAPE($,$,(#2787,#2789));
#2791= IFCPLATE('1f2Q4M000AzJ4tDZ8oDJGu',$,'KICK_PLATE','PL10',$,#2779,#2790,'S235JR',.NOTDEFINED.);
#2792= IFCPROPERTYSINGLEVALUE('Perimeter',$,IFCLENGTHMEASURE(2415.),$);
#2793= IFCPROPERTYSINGLEVALUE('GrossArea',$,IFCAREAMEASURE(0.15863),$);
#2794= IFCPROPERTYSINGLEVALUE('NetArea',$,IFCAREAMEASURE(0.3414),$);
#2795= IFCPROPERTYSINGLEVALUE('GrossVolume',$,IFCVOLUMEMEASURE(0.00159),$);
#2796= IFCPROPERTYSINGLEVALUE('NetVolume',$,IFCVOLUMEMEASURE(0.00159),$);
#2797= IFCPROPERTYSINGLEVALUE('GrossWeight',$,IFCMASSMEASURE(12.45206),$);
#2798= IFCPROPERTYSINGLEVALUE('NetWeight',$,IFCMASSMEASURE(12.45206),$);
#2799= IFCPROPERTYSET('3fPjU1hXX5HumWb$8qEoek',$,'Qto_PlateBaseQuantities','Base quantities that are common to the definition of all occurrences of plates.',(#444,#2792,#2793,#2794,#2795,#2796,#2797,#2798));
#2800= IFCCARTESIANPOINT((1072.5,435.,122.5));
#2801= IFCAXIS2PLACEMENT3D(#2800,#85,#25);
#2802= IFCLOCALPLACEMENT(#2208,#2801);
#2803= IFCEXTRUDEDAREASOLID(#2274,#204,#50,581.10569);
#2804= IFCSHAPEREPRESENTATION(#55,'Body','SolidModel',(#2803));
#2805= IFCCARTESIANPOINTLIST3D(((0.,0.,0.),(581.2,0.,0.)));
#2806= IFCINDEXEDPOLYCURVE(#2805,(IFCLINEINDEX((1,2))),$);
#2807= IFCSHAPEREPRESENTATION(#212,'Axis','Curve3D',(#2806));
#2808= IFCCARTESIANPOINT((290.55285,0.,0.));
#2809= IFCSHAPEREPRESENTATION(#58,'CoG','Point',(#2808));
#2810= IFCPRODUCTDEFINITIONSHAPE($,$,(#2804,#2807,#2809));
#2811= IFCBEAM('1f2Q4M000A_34tDZ8oDJGu',$,'RAILING','PD50*5',$,#2802,#2810,'S235JR',.NOTDEFINED.);
#2812= IFCPROPERTYSINGLEVALUE('Length',$,IFCLENGTHMEASURE(581.10569),$);
#2813= IFCPROPERTYSINGLEVALUE('OuterSurfaceArea',$,IFCAREAMEASURE(0.09146),$);
#2814= IFCPROPERTYSINGLEVALUE('GrossSurfaceArea',$,IFCAREAMEASURE(0.09146),$);
#2815= IFCPROPERTYSINGLEVALUE('NetSurfaceArea',$,IFCAREAMEASURE(0.09146),$);
#2816= IFCPROPERTYSINGLEVALUE('GrossWeight',$,IFCMASSMEASURE(3.14222),$);
#2817= IFCPROPERTYSINGLEVALUE('NetWeight',$,IFCMASSMEASURE(3.14222),$);
#2818= IFCPROPERTYSET('0Ga33AWEX1Mwq0ocXRNCBR',$,'Qto_BeamBaseQuantities','Base quantities that are common to the definition of all occurrences of beams.',(#2812,#2250,#2813,#2814,#2815,#1753,#1754,#2816,#2817));
#2819= IFCCARTESIANPOINT((1072.5,0.,122.5));
#2820= IFCAXIS2PLACEMENT3D(#2819,#39,#25);
#2821= IFCLOCALPLACEMENT(#2208,#2820);
#2822= IFCEXTRUDEDAREASOLID(#2274,#204,#50,481.10569);
#2823= IFCSHAPEREPRESENTATION(#55,'Body','SolidModel',(#2822));
#2824= IFCCARTESIANPOINTLIST3D(((0.,0.,0.),(481.2,0.,0.)));
#2825= IFCINDEXEDPOLYCURVE(#2824,(IFCLINEINDEX((1,2))),$);
#2826= IFCSHAPEREPRESENTATION(#212,'Axis','Curve3D',(#2825));
#2827= IFCCARTESIANPOINT((240.55285,0.,0.));
#2828= IFCSHAPEREPRESENTATION(#58,'CoG','Point',(#2827));
#2829= IFCPRODUCTDEFINITIONSHAPE($,$,(#2823,#2826,#2828));
#2830= IFCBEAM('1f2Q4M000A_p4tDZ8oDJGu',$,'RAILING','PD50*5',$,#2821,#2829,'S235JR',.NOTDEFINED.);
#2831= IFCPROPERTYSINGLEVALUE('Length',$,IFCLENGTHMEASURE(481.10569),$);
#2832= IFCPROPERTYSINGLEVALUE('OuterSurfaceArea',$,IFCAREAMEASURE(0.07585),$);
#2833= IFCPROPERTYSINGLEVALUE('GrossSurfaceArea',$,IFCAREAMEASURE(0.07585),$);
#2834= IFCPROPERTYSINGLEVALUE('NetSurfaceArea',$,IFCAREAMEASURE(0.07585),$);
#2835= IFCPROPERTYSINGLEVALUE('GrossVolume',$,IFCVOLUMEMEASURE(0.00033),$);
#2836= IFCPROPERTYSINGLEVALUE('NetVolume',$,IFCVOLUMEMEASURE(0.00033),$);
#2837= IFCPROPERTYSINGLEVALUE('GrossWeight',$,IFCMASSMEASURE(2.60149),$);
#2838= IFCPROPERTYSINGLEVALUE('NetWeight',$,IFCMASSMEASURE(2.60149),$);
#2839= IFCPROPERTYSET('0xfr1rp4bAS9y$Cz15PoW8',$,'Qto_BeamBaseQuantities','Base quantities that are common to the definition of all occurrences of beams.',(#2831,#2250,#2832,#2833,#2834,#2835,#2836,#2837,#2838));
#2840= IFCCARTESIANPOINT((1042.5,1045.,37.));
#2841= IFCAXIS2PLACEMENT3D(#2840,#24,#25);
#2842= IFCLOCALPLACEMENT(#2208,#2841);
#2843= IFCCARTESIANPOINTLIST2D(((0.,0.),(576.60565,0.),(576.60565,150.),(0.,150.)));
#2844= IFCINDEXEDPOLYCURVE(#2843,(IFCLINEINDEX((1,2,3,4,1))),$);
#2845= IFCARBITRARYCLOSEDPROFILEDEF(.AREA.,'PL10',#2844);
#2846= IFCEXTRUDEDAREASOLID(#2845,#434,#50,10.);
#2847= IFCSHAPEREPRESENTATION(#55,'Body','SolidModel',(#2846));
#2848= IFCCARTESIANPOINT((288.30283,75.,0.));
#2849= IFCSHAPEREPRESENTATION(#58,'CoG','Point',(#2848));
#2850= IFCPRODUCTDEFINITIONSHAPE($,$,(#2847,#2849));
#2851= IFCPLATE('1f2Q4M000A$Z4tDZ8oDJGu',$,'KICK_PLATE','PL10',$,#2842,#2850,'S235JR',.NOTDEFINED.);
#2852= IFCPROPERTYSINGLEVALUE('Perimeter',$,IFCLENGTHMEASURE(1453.2113),$);
#2853= IFCPROPERTYSINGLEVALUE('GrossArea',$,IFCAREAMEASURE(0.08649),$);
#2854= IFCPROPERTYSINGLEVALUE('NetArea',$,IFCAREAMEASURE(0.18751),$);
#2855= IFCPROPERTYSINGLEVALUE('GrossVolume',$,IFCVOLUMEMEASURE(0.00086),$);
#2856= IFCPROPERTYSINGLEVALUE('NetVolume',$,IFCVOLUMEMEASURE(0.00086),$);
#2857= IFCPROPERTYSINGLEVALUE('GrossWeight',$,IFCMASSMEASURE(6.78953),$);
#2858= IFCPROPERTYSINGLEVALUE('NetWeight',$,IFCMASSMEASURE(6.78953),$);
#2859= IFCPROPERTYSET('2m32$YaZj3kxO0AqEak2OH',$,'Qto_PlateBaseQuantities','Base quantities that are common to the definition of all occurrences of plates.',(#444,#2852,#2853,#2854,#2855,#2856,#2857,#2858));
#2860= IFCCARTESIANPOINT((1072.5,1075.,603.60569));
#2861= IFCAXIS2PLACEMENT3D(#2860,#50,#85);
#2862= IFCLOCALPLACEMENT(#2208,#2861);
#2863= IFCSHAPEREPRESENTATION(#55,'Body','Tessellation',(#2240));
#2864= IFCSHAPEREPRESENTATION(#212,'Axis','Curve3D',(#2243));
#2865= IFCSHAPEREPRESENTATION(#58,'CoG','Point',(#2245));
#2866= IFCPRODUCTDEFINITIONSHAPE($,$,(#2863,#2864,#2865));
#2867= IFCCOLUMN('1f2Q4M000B0J4tDZ8oDJGu',$,'STANCHION','PD50*5',$,#2862,#2866,'S235JR',.NOTDEFINED.);
#2868= IFCCARTESIANPOINT((1073.27202,385.,753.60569));
#2869= IFCAXIS2PLACEMENT3D(#2868,#24,#85);
#2870= IFCLOCALPLACEMENT(#2208,#2869);
#2871= IFCCARTESIANPOINTLIST3D(((401.14427,32.2767,-7.65367),(396.95655,33.39879,-14.14214),(390.54872,17.92893,-14.14214),(394.30333,15.7612,-7.65367),(380.35534,4.64466,-14.14214),(383.42097,1.57903,-7.65367),(367.07107,-5.54872,-14.14214),(369.2388,-9.30333,-7.65367),(351.60121,-11.95655,-14.14214),(352.7233,-16.14427,-7.65367),(363.82683,0.07046,-18.47759),(349.92187,-5.68917,-18.47759),(375.7673,9.2327,-18.47759),(384.92954,21.17317,-18.47759),(390.68917,35.07813,-18.47759),(383.29629,37.05905,-20.),(378.30127,25.,-20.),(370.35534,14.64466,-20.),(360.,6.69873,-20.),(347.94095,1.70371,-20.),(356.17317,13.327,-18.47759),(345.96004,9.09658,-18.47759),(364.94338,20.05662,-18.47759),(371.673,28.82683,-18.47759),(375.90342,39.03996,-18.47759),(369.63604,40.7193,-14.14214),(366.05382,32.07107,-14.14214),(360.35534,24.64466,-14.14214),(352.92893,18.94618,-14.14214),(344.2807,15.36396,-14.14214),(350.7612,22.70079,-7.65367),(343.1586,19.55169,-7.65367),(357.28971,27.71029,-7.65367),(362.29921,34.2388,-7.65367),(365.44831,41.8414,-7.65367),(363.97777,42.23543,0.),(360.98076,35.,0.),(356.2132,28.7868,0.),(350.,24.01924,0.),(342.76457,21.02223,0.),(350.7612,22.70079,7.65367),(343.1586,19.55169,7.65367),(357.28971,27.71029,7.65367),(362.29921,34.2388,7.65367),(365.44831,41.8414,7.65367),(369.63604,40.7193,14.14214),(366.05382,32.07107,14.14214),(360.35534,24.64466,14.14214),(352.92893,18.94618,14.14214),(344.2807,15.36396,14.14214),(356.17317,13.327,18.47759),(345.96004,9.09658,18.47759),(364.94338,20.05662,18.47759),(371.673,28.82683,18.47759),(375.90342,39.03996,18.47759),(383.29629,37.05905,20.),(378.30127,25.,20.),(370.35534,14.64466,20.),(360.,6.69873,20.),(347.94095,1.70371,20.),(363.82683,0.07046,18.47759),(349.92187,-5.68917,18.47759),(375.7673,9.2327,18.47759),(384.92954,21.17317,18.47759),(390.68917,35.07813,18.47759),(396.95655,33.39879,14.14214),(390.54872,17.92893,14.14214),(380.35534,4.64466,14.14214),(367.07107,-5.54872,14.14214),(351.60121,-11.95655,14.14214),(369.2388,-9.30333,7.65367),(352.7233,-16.14427,7.65367),(383.42097,1.57903,7.65367),(394.30333,15.7612,7.65367),(401.14427,32.2767,7.65367),(402.61481,31.88267,0.),(395.62178,15.,0.),(384.49747,0.50253,0.),(370.,-10.62178,0.),(353.11733,-17.61481,0.),(335.,-20.,0.),(335.,-18.47759,7.65367),(335.,-14.14214,14.14214),(335.,-7.65367,18.47759),(335.,0.,20.),(335.,7.65367,18.47759),(335.,14.14214,14.14214),(335.,18.47759,7.65367),(335.,20.,0.),(335.,18.47759,-7.65367),(335.,14.14214,-14.14214),(335.,7.65367,-18.47759),(335.,0.,-20.),(335.,-7.65367,-18.47759),(335.,-14.14214,-14.14214),(335.,-18.47759,-7.65367),(361.90301,50.,9.56709),(360.98631,43.03699,9.56709),(366.22097,41.63437,17.67767),(367.32233,50.,17.67767),(374.0552,39.53519,23.09699),(375.43291,50.,23.09699),(383.29629,37.05905,25.),(385.,50.,25.),(392.53739,34.5829,23.09699),(394.56709,50.,23.09699),(400.37161,32.48373,17.67767),(402.67767,50.,17.67767),(405.60627,31.08111,9.56709),(408.09699,50.,9.56709),(407.44444,30.58857,0.),(410.,50.,0.),(361.90301,50.,-9.56709),(360.98631,43.03699,-9.56709),(359.14815,43.52952,0.),(360.,50.,0.),(367.32233,50.,-17.67767),(366.22097,41.63437,-17.67767),(375.43291,50.,-23.09699),(374.0552,39.53519,-23.09699),(385.,50.,-25.),(383.29629,37.05905,-25.),(394.56709,50.,-23.09699),(392.53739,34.5829,-23.09699),(402.67767,50.,-17.67767),(400.37161,32.48373,-17.67767),(408.09699,50.,-9.56709),(405.60627,31.08111,-9.56709),(356.65064,37.5,0.),(358.29869,36.54849,9.56709),(362.99196,33.83883,17.67767),(370.01593,29.78354,23.09699),(378.30127,25.,25.),(386.58661,20.21646,23.09699),(393.61058,16.16117,17.67767),(398.30385,13.45151,9.56709),(399.95191,12.5,0.),(398.30385,13.45151,-9.56709),(393.61058,16.16117,-17.67767),(386.58661,20.21646,-23.09699),(378.30127,25.,-25.),(370.01593,29.78354,-23.09699),(362.99196,33.83883,-17.67767),(358.29869,36.54849,-9.56709),(354.0233,30.9767,-9.56709),(352.67767,32.32233,0.),(354.0233,30.9767,9.56709),(357.85534,27.14466,17.67767),(363.59039,21.40961,23.09699),(370.35534,14.64466,25.),(377.12029,7.87971,23.09699),(382.85534,2.14466,17.67767),(386.68738,-1.68738,9.56709),(388.03301,-3.03301,0.),(386.68738,-1.68738,-9.56709),(382.85534,2.14466,-17.67767),(377.12029,7.87971,-23.09699),(370.35534,14.64466,-25.),(363.59039,21.40961,-23.09699),(357.85534,27.14466,-17.67767),(351.16117,22.00804,-17.67767),(348.45151,26.70131,-9.56709),(347.5,28.34936,0.),(348.45151,26.70131,9.56709),(351.16117,22.00804,17.67767),(355.21646,14.98407,23.09699),(360.,6.69873,25.),(364.78354,-1.58661,23.09699),(368.83883,-8.61058,17.67767),(371.54849,-13.30385,9.56709),(372.5,-14.95191,0.),(371.54849,-13.30385,-9.56709),(368.83883,-8.61058,-17.67767),(364.78354,-1.58661,-23.09699),(360.,6.69873,-25.),(355.21646,14.98407,-23.09699),(345.46481,10.9448,-23.09699),(343.36563,18.77903,-17.67767),(341.96301,24.01369,-9.56709),(341.47048,25.85185,0.),(341.96301,24.01369,9.56709),(343.36563,18.77903,17.67767),(345.46481,10.9448,23.09699),(347.94095,1.70371,25.),(350.4171,-7.53739,23.09699),(352.51627,-15.37161,17.67767),(353.91889,-20.60627,9.56709),(354.41143,-22.44444,0.),(353.91889,-20.60627,-9.56709),(352.51627,-15.37161,-17.67767),(350.4171,-7.53739,-23.09699),(347.94095,1.70371,-25.),(335.,0.,-25.),(335.,9.56709,-23.09699),(335.,17.67767,-17.67767),(335.,23.09699,-9.56709),(335.,25.,0.),(335.,23.09699,9.56709),(335.,17.67767,17.67767),(335.,9.56709,23.09699),(335.,0.,25.),(335.,-9.56709,23.09699),(335.,-17.67767,17.67767),(335.,-23.09699,9.56709),(335.,-25.,0.),(335.,-23.09699,-9.56709),(335.,-17.67767,-17.67767),(335.,-9.56709,-23.09699),(-40.43291,50.,-23.09699),(-32.32233,50.,-17.67767),(-31.22097,41.63437,-17.67767),(-39.0552,39.53519,-23.09699),(-27.99196,33.83883,-17.67767),(-35.01593,29.78354,-23.09699),(-22.85534,27.14466,-17.67767),(-28.59039,21.40961,-23.09699),(-16.16117,22.00804,-17.67767),(-20.21646,14.98407,-23.09699),(-8.36563,18.77903,-17.67767),(-10.46481,10.9448,-23.09699),(0.,17.67767,-17.67767),(0.,9.56709,-23.09699),(-6.96301,24.01369,-9.56709),(0.,23.09699,-9.56709),(-13.45151,26.70131,-9.56709),(-19.0233,30.9767,-9.56709),(-23.29869,36.54849,-9.56709),(-25.98631,43.03699,-9.56709),(-26.90301,50.,-9.56709),(-25.,50.,0.),(-24.14815,43.52952,0.),(-21.65064,37.5,0.),(-17.67767,32.32233,0.),(-12.5,28.34936,0.),(-6.47048,25.85185,0.),(0.,25.,0.),(-6.96301,24.01369,9.56709),(0.,23.09699,9.56709),(-13.45151,26.70131,9.56709),(-19.0233,30.9767,9.56709),(-23.29869,36.54849,9.56709),(-25.98631,43.03699,9.56709),(-26.90301,50.,9.56709),(-32.32233,50.,17.67767),(-31.22097,41.63437,17.67767),(-27.99196,33.83883,17.67767),(-22.85534,27.14466,17.67767),(-16.16117,22.00804,17.67767),(-8.36563,18.77903,17.67767),(0.,17.67767,17.67767),(-10.46481,10.9448,23.09699),(0.,9.56709,23.09699),(-20.21646,14.98407,23.09699),(-28.59039,21.40961,23.09699),(-35.01593,29.78354,23.09699),(-39.0552,39.53519,23.09699),(-40.43291,50.,23.09699),(-50.,50.,25.),(-48.29629,37.05905,25.),(-43.30127,25.,25.),(-35.35534,14.64466,25.),(-25.,6.69873,25.),(-12.94095,1.70371,25.),(0.,0.,25.),(-15.4171,-7.53739,23.09699),(0.,-9.56709,23.09699),(-29.78354,-1.58661,23.09699),(-42.12029,7.87971,23.09699),(-51.58661,20.21646,23.09699),(-57.53739,34.5829,23.09699),(-59.56709,50.,23.09699),(-67.67767,50.,17.67767),(-65.37161,32.48373,17.67767),(-58.61058,16.16117,17.67767),(-47.85534,2.14466,17.67767),(-33.83883,-8.61058,17.67767),(-17.51627,-15.37161,17.67767),(0.,-17.67767,17.67767),(-18.91889,-20.60627,9.56709),(0.,-23.09699,9.56709),(-36.54849,-13.30385,9.56709),(-51.68738,-1.68738,9.56709),(-63.30385,13.45151,9.56709),(-70.60627,31.08111,9.56709),(-73.09699,50.,9.56709),(-75.,50.,0.),(-72.44444,30.58857,0.),(-64.95191,12.5,0.),(-53.03301,-3.03301,0.),(-37.5,-14.95191,0.),(-19.41143,-22.44444,0.),(0.,-25.,0.),(-18.91889,-20.60627,-9.56709),(0.,-23.09699,-9.56709),(-36.54849,-13.30385,-9.56709),(-51.68738,-1.68738,-9.56709),(-63.30385,13.45151,-9.56709),(-70.60627,31.08111,-9.56709),(-73.09699,50.,-9.56709),(-67.67767,50.,-17.67767),(-65.37161,32.48373,-17.67767),(-58.61058,16.16117,-17.67767),(-47.85534,2.14466,-17.67767),(-33.83883,-8.61058,-17.67767),(-17.51627,-15.37161,-17.67767),(0.,-17.67767,-17.67767),(-15.4171,-7.53739,-23.09699),(0.,-9.56709,-23.09699),(-29.78354,-1.58661,-23.09699),(-42.12029,7.87971,-23.09699),(-51.58661,20.21646,-23.09699),(-57.53739,34.5829,-23.09699),(-59.56709,50.,-23.09699),(-50.,50.,-25.),(-48.29629,37.05905,-25.),(-43.30127,25.,-25.),(-35.35534,14.64466,-25.),(-25.,6.69873,-25.),(-12.94095,1.70371,-25.),(0.,0.,-25.),(-30.,50.,0.),(-31.52241,50.,-7.65367),(-30.44831,41.8414,-7.65367),(-28.97777,42.23543,0.),(-31.52241,50.,7.65367),(-30.44831,41.8414,7.65367),(-35.85786,50.,14.14214),(-34.63604,40.7193,14.14214),(-42.34633,50.,18.47759),(-40.90342,39.03996,18.47759),(-50.,50.,20.),(-48.29629,37.05905,20.),(-57.65367,50.,18.47759),(-55.68917,35.07813,18.47759),(-64.14214,50.,14.14214),(-61.95655,33.39879,14.14214),(-68.47759,50.,7.65367),(-66.14427,32.2767,7.65367),(-70.,50.,0.),(-67.61481,31.88267,0.),(-68.47759,50.,-7.65367),(-66.14427,32.2767,-7.65367),(-64.14214,50.,-14.14214),(-61.95655,33.39879,-14.14214),(-57.65367,50.,-18.47759),(-55.68917,35.07813,-18.47759),(-50.,50.,-20.),(-48.29629,37.05905,-20.),(-42.34633,50.,-18.47759),(-40.90342,39.03996,-18.47759),(-35.85786,50.,-14.14214),(-34.63604,40.7193,-14.14214),(-31.05382,32.07107,-14.14214),(-27.29921,34.2388,-7.65367),(-25.98076,35.,0.),(-27.29921,34.2388,7.65367),(-31.05382,32.07107,14.14214),(-36.673,28.82683,18.47759),(-43.30127,25.,20.),(-49.92954,21.17317,18.47759),(-55.54872,17.92893,14.14214),(-59.30333,15.7612,7.65367),(-60.62178,15.,0.),(-59.30333,15.7612,-7.65367),(-55.54872,17.92893,-14.14214),(-49.92954,21.17317,-18.47759),(-43.30127,25.,-20.),(-36.673,28.82683,-18.47759),(-29.94338,20.05662,-18.47759),(-25.35534,24.64466,-14.14214),(-22.28971,27.71029,-7.65367),(-21.2132,28.7868,0.),(-22.28971,27.71029,7.65367),(-25.35534,24.64466,14.14214),(-29.94338,20.05662,18.47759),(-35.35534,14.64466,20.),(-40.7673,9.2327,18.47759),(-45.35534,4.64466,14.14214),(-48.42097,1.57903,7.65367),(-49.49747,0.50253,0.),(-48.42097,1.57903,-7.65367),(-45.35534,4.64466,-14.14214),(-40.7673,9.2327,-18.47759),(-35.35534,14.64466,-20.),(-25.,6.69873,-20.),(-21.17317,13.327,-18.47759),(-17.92893,18.94618,-14.14214),(-15.7612,22.70079,-7.65367),(-15.,24.01924,0.),(-15.7612,22.70079,7.65367),(-17.92893,18.94618,14.14214),(-21.17317,13.327,18.47759),(-25.,6.69873,20.),(-28.82683,0.07046,18.47759),(-32.07107,-5.54872,14.14214),(-34.2388,-9.30333,7.65367),(-35.,-10.62178,0.),(-34.2388,-9.30333,-7.65367),(-32.07107,-5.54872,-14.14214),(-28.82683,0.07046,-18.47759),(-14.92187,-5.68917,-18.47759),(-12.94095,1.70371,-20.),(-10.96004,9.09658,-18.47759),(-9.2807,15.36396,-14.14214),(-8.1586,19.55169,-7.65367),(-7.76457,21.02223,0.),(-8.1586,19.55169,7.65367),(-9.2807,15.36396,14.14214),(-10.96004,9.09658,18.47759),(-12.94095,1.70371,20.),(-14.92187,-5.68917,18.47759),(-16.60121,-11.95655,14.14214),(-17.7233,-16.14427,7.65367),(-18.11733,-17.61481,0.),(-17.7233,-16.14427,-7.65367),(-16.60121,-11.95655,-14.14214),(0.,-14.14214,-14.14214),(0.,-7.65367,-18.47759),(0.,0.,-20.),(0.,7.65367,-18.47759),(0.,14.14214,-14.14214),(0.,18.47759,-7.65367),(0.,20.,0.),(0.,18.47759,7.65367),(0.,14.14214,14.14214),(0.,7.65367,18.47759),(0.,0.,20.),(0.,-7.65367,18.47759),(0.,-14.14214,14.14214),(0.,-18.47759,7.65367),(0.,-20.,0.),(0.,-18.47759,-7.65367),(403.47759,50.,-7.65367),(405.,50.,0.),(399.14214,50.,-14.14214),(392.65367,50.,-18.47759),(385.,50.,-20.),(377.34633,50.,-18.47759),(370.85786,50.,-14.14214),(366.52241,50.,-7.65367),(365.,50.,0.),(366.52241,50.,7.65367),(370.85786,50.,14.14214),(377.34633,50.,18.47759),(385.,50.,20.),(392.65367,50.,18.47759),(399.14214,50.,14.14214),(403.47759,50.,7.65367),(394.56709,150.,-23.09699),(402.67767,150.,-17.67767),(408.09699,150.,-9.56709),(410.,150.,0.),(375.43291,150.,-23.09699),(385.,150.,-25.),(367.32233,150.,-17.67767),(361.90301,150.,-9.56709),(360.,150.,0.),(361.90301,150.,9.56709),(367.32233,150.,17.67767),(375.43291,150.,23.09699),(385.,150.,25.),(394.56709,150.,23.09699),(402.67767,150.,17.67767),(408.09699,150.,9.56709),(403.47759,150.,7.65367),(405.,150.,0.),(399.14214,150.,14.14214),(392.65367,150.,18.47759),(385.,150.,20.),(377.34633,150.,18.47759),(370.85786,150.,14.14214),(366.52241,150.,7.65367),(365.,150.,0.),(366.52241,150.,-7.65367),(370.85786,150.,-14.14214),(377.34633,150.,-18.47759),(385.,150.,-20.),(392.65367,150.,-18.47759),(399.14214,150.,-14.14214),(403.47759,150.,-7.65367)));
#2872= IFCPOLYGONALFACESET(#2871,.T.,(#143,#344,#2317,#2318,#2319,#2320,#2321,#2322,#2323,#2324,#2325,#2326,#2216,#2327,#2328,#2329,#2330,#2331,#2332,#2333,#2220,#2334,#2335,#2336,#2337,#2338,#2339,#2340,#2225,#2341,#2342,#2343,#2344,#2345,#2346,#2347,#2230,#2348,#2349,#2350,#2351,#2352,#2353,#2354,#2235,#2355,#2356,#2357,#2358,#2359,#2360,#2361,#2362,#2363,#2364,#2365,#2366,#2367,#2368,#2369,#2370,#2371,#2372,#2373,#2374,#2375,#2376,#2377,#2378,#2379,#2380,#2381,#2382,#2383,#2384,#2385,#2386,#2387,#2388,#2389,#2390,#2391,#2392,#2393,#2394,#2395,#2396,#2397,#2398,#2399,#2400,#2401,#2402,#2403,#2404,#2405,#2406,#2407,#2408,#2409,#2410,#2411,#2412,#2413,#2414,#2415,#2416,#2417,#2418,#2419,#2420,#2421,#2422,#2423,#2424,#2425,#2426,#2427,#2428,#2429,#2430,#2431,#2432,#2433,#2434,#2435,#2436,#2437,#2438,#2439,#2440,#2441,#2442,#2443,#2444,#2445,#2446,#2447,#2448,#2449,#2450,#2451,#2452,#2453,#2454,#2455,#2456,#2457,#2458,#2459,#2460,#2461,#2462,#2463,#2464,#2465,#2466,#2467,#2468,#2469,#2470,#2471,#2472,#2473,#2474,#2475,#2476,#2477,#2478,#2479,#2480,#2481,#2482,#2483,#2484,#2485,#2486,#2487,#2488,#2489,#2490,#2491,#2492,#2493,#2494,#2495,#2496,#2497,#2498,#2499,#2500,#2501,#2502,#2503,#2504,#2505,#2506,#2507,#2508,#2509,#2510,#2511,#2512,#2513,#2514,#2515,#2516,#2517,#2518,#2519,#2520,#2521,#2522,#2523,#2524,#2525,#2526,#2527,#2528,#2529,#2530,#2531,#2532,#2533,#2534,#2535,#2536,#2537,#2538,#2539,#2540,#2541,#2542,#2543,#2544,#2545,#2546,#2547,#2548,#2549,#2550,#2551,#2552,#2553,#2554,#2555,#2556,#2557,#2558,#2559,#2560,#2561,#2562,#2563,#2564,#2565,#2566,#2567,#2568,#2569,#2570,#2571,#2572,#2573,#2574,#2575,#2576,#2577,#2578,#2579,#2580,#2581,#2582,#2583,#2584,#2585,#2586,#2587,#2588,#2589,#2590,#2591,#2592,#2593,#2594,#2595,#2596,#2597,#2598,#2599,#2600,#2601,#2602,#2603,#2604,#2605,#2606,#2607,#2608,#2609,#2610,#2611,#2612,#2613,#2614,#2615,#2616,#2617,#2618,#2619,#2620,#2621,#2622,#2623,#2624,#2625,#2626,#2627,#2628,#2629,#2630,#2631,#2632,#2633,#2634,#2635,#2636,#2637,#2638,#2639,#2640,#2641,#2642,#2643,#2644,#2645,#2646,#2647,#2648,#2649,#2650,#2651,#2652,#2653,#2654,#2655,#2656,#2657,#2658,#2659,#2660,#2661,#2662,#2663,#2664,#2665,#2666,#2667,#2668,#2669,#2670,#2671,#2672,#2673,#2674,#2675,#2676,#2677,#2678,#2679,#2680,#2681,#2682,#2683,#2684,#2685,#2686,#2687,#2688,#2689,#2690,#2691,#2692,#2693,#2694,#2695,#2696,#2697,#2698,#2699,#2700,#2701,#2702,#2703,#2704,#2705,#2706,#2707,#2708,#2709,#2710,#2711,#2712,#2713,#2714,#2715,#2716,#2717,#2718,#2719,#2720,#2721,#2722,#2723,#2724,#2725,#2726,#2727,#2728,#2729,#2730,#2731,#2732,#2733,#2734,#2735,#2736,#2737,#2738,#2739,#2740,#2741,#2742,#2743,#2744,#2745,#2746,#2747,#2748,#2749,#2750,#2751,#2752,#2753,#2754,#2755,#2756,#2757,#2758,#2759),$);
#2873= IFCSHAPEREPRESENTATION(#55,'Body','Tessellation',(#2872));
#2874= IFCSHAPEREPRESENTATION(#212,'Axis','Curve3D',(#2763));
#2875= IFCCARTESIANPOINT((204.34621,20.93673,0.));
#2876= IFCSHAPEREPRESENTATION(#58,'CoG','Point',(#2875));
#2877= IFCPRODUCTDEFINITIONSHAPE($,$,(#2873,#2874,#2876));
#2878= IFCCOLUMN('1f2Q4M000B1J4tDZ8oDJGu',$,'RAIL_BEND','PD50*5',$,#2870,#2877,'S235JR',.NOTDEFINED.);
#2879= IFCPROPERTYSINGLEVALUE('OuterSurfaceArea',$,IFCAREAMEASURE(0.093),$);
#2880= IFCPROPERTYSINGLEVALUE('GrossSurfaceArea',$,IFCAREAMEASURE(0.093),$);
#2881= IFCPROPERTYSINGLEVALUE('NetSurfaceArea',$,IFCAREAMEASURE(0.093),$);
#2882= IFCPROPERTYSINGLEVALUE('GrossVolume',$,IFCVOLUMEMEASURE(0.00041),$);
#2883= IFCPROPERTYSINGLEVALUE('NetVolume',$,IFCVOLUMEMEASURE(0.00041),$);
#2884= IFCPROPERTYSINGLEVALUE('GrossWeight',$,IFCMASSMEASURE(3.19189),$);
#2885= IFCPROPERTYSINGLEVALUE('NetWeight',$,IFCMASSMEASURE(3.19189),$);
#2886= IFCPROPERTYSET('2w_MY50BP7i9PClhBYRXUT',$,'Qto_ColumnBaseQuantities','Base quantities that are common to the definition of all occurrences of columns.',(#2769,#2250,#2879,#2880,#2881,#2882,#2883,#2884,#2885));
#2887= IFCCARTESIANPOINT((950.,0.,0.));
#2888= IFCAXIS2PLACEMENT3D(#2887,#25,#24);
#2889= IFCLOCALPLACEMENT(#2208,#2888);
#2890= IFCCARTESIANPOINTLIST3D(((0.,0.,0.),(42.5,0.,0.),(99.06854,0.,23.43146),(122.5,0.,80.),(122.5,0.,122.5)));
#2891= IFCINDEXEDPOLYCURVE(#2890,(IFCLINEINDEX((1,2)),IFCARCINDEX((2,3,4)),IFCLINEINDEX((4,5))),$);
#2892= IFCSWEPTDISKSOLID(#2891,25.,20.,$,$);
#2893= IFCSHAPEREPRESENTATION(#55,'Body','SolidModel',(#2892));
#2894= IFCCARTESIANPOINT((85.67352,0.,36.82648));
#2895= IFCSHAPEREPRESENTATION(#58,'CoG','Point',(#2894));
#2896= IFCPRODUCTDEFINITIONSHAPE($,$,(#2893,#2895));
#2897= IFCBEAM('1f2Q4M000B4J4tDZ8oDJGu',$,'RAILING','PD50*5',$,#2889,#2896,'S235JR',.NOTDEFINED.);
#2898= IFCPROPERTYSINGLEVALUE('Length',$,IFCLENGTHMEASURE(171.3938),$);
#2899= IFCPROPERTYSINGLEVALUE('OuterSurfaceArea',$,IFCAREAMEASURE(0.0335),$);
#2900= IFCPROPERTYSINGLEVALUE('GrossSurfaceArea',$,IFCAREAMEASURE(0.0335),$);
#2901= IFCPROPERTYSINGLEVALUE('NetSurfaceArea',$,IFCAREAMEASURE(0.0335),$);
#2902= IFCPROPERTYSINGLEVALUE('GrossWeight',$,IFCMASSMEASURE(1.13139),$);
#2903= IFCPROPERTYSINGLEVALUE('NetWeight',$,IFCMASSMEASURE(1.13139),$);
#2904= IFCPROPERTYSET('0kTcM2qXT058HeGSYc2yBQ',$,'Qto_BeamBaseQuantities','Base quantities that are common to the definition of all occurrences of beams.',(#2898,#2250,#2899,#2900,#2901,#1677,#1678,#2902,#2903));
#2905= IFCCARTESIANPOINT((950.,435.,0.));
#2906= IFCAXIS2PLACEMENT3D(#2905,#25,#24);
#2907= IFCLOCALPLACEMENT(#2208,#2906);
#2908= IFCSHAPEREPRESENTATION(#55,'Body','SolidModel',(#2892));
#2909= IFCSHAPEREPRESENTATION(#58,'CoG','Point',(#2894));
#2910= IFCPRODUCTDEFINITIONSHAPE($,$,(#2908,#2909));
#2911= IFCBEAM('1f2Q4M000B534tDZ8oDJGu',$,'RAILING','PD50*5',$,#2907,#2910,'S235JR',.NOTDEFINED.);
#2912= IFCRELAGGREGATES('12qnUzDFz07hnsrSMp3cmZ',$,$,$,#2209,(#2248,#2266,#2283,#2303,#2768,#2791,#2811,#2830,#2851,#2867,#2878,#2897,#2911));
#2913= IFCCARTESIANPOINT((23050.,400.05782,0.));
#2914= IFCDIRECTION((3.48E-07,0.,1.));
#2915= IFCAXIS2PLACEMENT3D(#2913,#85,#2914);
#2916= IFCLOCALPLACEMENT(#36,#2915);
#2917= IFCELEMENTASSEMBLY('1f2Q4M000BJZ4tDZ8oDJGu',$,'Mevcut',$,$,#2916,$,$,$,.NOTDEFINED.);
#2918= IFCLOCALPLACEMENT(#2916,#26);
#2919= IFCCARTESIANPOINTLIST2D(((-130.,-125.),(130.,-125.),(130.,-112.5),(3.75,-112.5),(3.75,112.5),(130.,112.5),(130.,125.),(-130.,125.),(-130.,112.5),(-3.75,112.5),(-3.75,-112.5),(-130.,-112.5)));
#2920= IFCINDEXEDPOLYCURVE(#2919,(IFCLINEINDEX((1,2,3,4,5,6,7,8,9,10,11,12,1))),$);
#2921= IFCARBITRARYCLOSEDPROFILEDEF(.AREA.,'HEA260',#2920);
#2922= IFCEXTRUDEDAREASOLID(#2921,#204,#50,11749.3);
#2923= IFCSHAPEREPRESENTATION(#55,'Body','SolidModel',(#2922));
#2924= IFCCARTESIANPOINTLIST3D(((0.,0.,0.),(11749.4,0.,0.)));
#2925= IFCINDEXEDPOLYCURVE(#2924,(IFCLINEINDEX((1,2))),$);
#2926= IFCSHAPEREPRESENTATION(#212,'Axis','Curve3D',(#2925));
#2927= IFCCARTESIANPOINT((5874.65,0.,0.));
#2928= IFCSHAPEREPRESENTATION(#58,'CoG','Point',(#2927));
#2929= IFCPRODUCTDEFINITIONSHAPE($,$,(#2923,#2926,#2928));
#2930= IFCCOLUMN('1f2Q4M0009vp4tDZ8oDJGu',$,'Mevcut','HEA260',$,#2918,#2929,'S235JR',.NOTDEFINED.);
#2931= IFCPROPERTYSINGLEVALUE('Length',$,IFCLENGTHMEASURE(11749.3),$);
#2932= IFCPROPERTYSINGLEVALUE('CrossSectionArea',$,IFCAREAMEASURE(0.00868),$);
#2933= IFCPROPERTYSINGLEVALUE('OuterSurfaceArea',$,IFCAREAMEASURE(17.43596),$);
#2934= IFCPROPERTYSINGLEVALUE('GrossSurfaceArea',$,IFCAREAMEASURE(17.43596),$);
#2935= IFCPROPERTYSINGLEVALUE('NetSurfaceArea',$,IFCAREAMEASURE(17.93406),$);
#2936= IFCPROPERTYSINGLEVALUE('GrossVolume',$,IFCVOLUMEMEASURE(0.10201),$);
#2937= IFCPROPERTYSINGLEVALUE('NetVolume',$,IFCVOLUMEMEASURE(0.0962),$);
#2938= IFCPROPERTYSINGLEVALUE('GrossWeight',$,IFCMASSMEASURE(800.75827),$);
#2939= IFCPROPERTYSINGLEVALUE('NetWeight',$,IFCMASSMEASURE(755.14954),$);
#2940= IFCPROPERTYSET('3Tj0zW8vLB79zyY4vedaL7',$,'Qto_ColumnBaseQuantities','Base quantities that are common to the definition of all occurrences of columns.',(#2931,#2932,#2933,#2934,#2935,#2936,#2937,#2938,#2939));
#2941= IFCRELAGGREGATES('1p9WYtzIv77AOmaTVgGyTq',$,$,$,#2917,(#2930));
#2942= IFCCARTESIANPOINT((23050.,1754.22581,11595.));
#2943= IFCAXIS2PLACEMENT3D(#2942,#39,#85);
#2944= IFCLOCALPLACEMENT(#36,#2943);
#2945= IFCELEMENTASSEMBLY('1f2Q4M000BQ34tDZ8oDJGu',$,'Mevcut',$,$,#2944,$,$,$,.NOTDEFINED.);
#2946= IFCLOCALPLACEMENT(#2944,#26);
#2947= IFCSHAPEREPRESENTATION(#55,'Body','SolidModel',(#1201));
#2948= IFCSHAPEREPRESENTATION(#212,'Axis','Curve3D',(#1204));
#2949= IFCSHAPEREPRESENTATION(#58,'CoG','Point',(#1206));
#2950= IFCPRODUCTDEFINITIONSHAPE($,$,(#2947,#2948,#2949));
#2951= IFCBEAM('1f2Q4M000BPp4tDZ8oDJGu',$,'Mevcut','HEA200',$,#2946,#2950,'S235JR',.NOTDEFINED.);
#2952= IFCRELAGGREGATES('0YN1kyRvzBS90dor24DpoD',$,$,$,#2945,(#2951));
#2953= IFCCARTESIANPOINT((23225.00409,-179.11016,7450.));
#2954= IFCAXIS2PLACEMENT3D(#2953,#50,#85);
#2955= IFCLOCALPLACEMENT(#36,#2954);
#2956= IFCELEMENTASSEMBLY('1f2Q4M000BQZ4tDZ8oDJGu',$,'Mevcut',$,$,#2955,$,$,$,.NOTDEFINED.);
#2957= IFCLOCALPLACEMENT(#2955,#26);
#2958= IFCEXTRUDEDAREASOLID(#1331,#204,#50,800.);
#2959= IFCSHAPEREPRESENTATION(#55,'Body','SolidModel',(#2958));
#2960= IFCCARTESIANPOINTLIST3D(((0.,0.,25.),(800.,0.,25.)));
#2961= IFCINDEXEDPOLYCURVE(#2960,(IFCLINEINDEX((1,2))),$);
#2962= IFCSHAPEREPRESENTATION(#212,'Axis','Curve3D',(#2961));
#2963= IFCCARTESIANPOINT((400.,0.,-9.1607));
#2964= IFCSHAPEREPRESENTATION(#58,'CoG','Point',(#2963));
#2965= IFCPRODUCTDEFINITIONSHAPE($,$,(#2959,#2962,#2964));
#2966= IFCBEAM('1f2Q4M000BQp4tDZ8oDJGu',$,'Mevcut','UNP100',$,#2957,#2965,'S235JR',.NOTDEFINED.);
#2967= IFCPROPERTYSINGLEVALUE('Length',$,IFCLENGTHMEASURE(800.),$);
#2968= IFCPROPERTYSINGLEVALUE('OuterSurfaceArea',$,IFCAREAMEASURE(0.2976),$);
#2969= IFCPROPERTYSINGLEVALUE('GrossSurfaceArea',$,IFCAREAMEASURE(0.2976),$);
#2970= IFCPROPERTYSINGLEVALUE('NetSurfaceArea',$,IFCAREAMEASURE(0.30765),$);
#2971= IFCPROPERTYSINGLEVALUE('GrossVolume',$,IFCVOLUMEMEASURE(0.00108),$);
#2972= IFCPROPERTYSINGLEVALUE('NetVolume',$,IFCVOLUMEMEASURE(0.00106),$);
#2973= IFCPROPERTYSINGLEVALUE('GrossWeight',$,IFCMASSMEASURE(8.478),$);
#2974= IFCPROPERTYSINGLEVALUE('NetWeight',$,IFCMASSMEASURE(8.33281),$);
#2975= IFCPROPERTYSET('0gsXT5w8r2MPej3f6EoP7B',$,'Qto_BeamBaseQuantities','Base quantities that are common to the definition of all occurrences of beams.',(#2967,#987,#2968,#2969,#2970,#2971,#2972,#2973,#2974));
#2976= IFCPROPERTYSINGLEVALUE('ASSEMBLY_POS',$,IFCLABEL('M/9'),$);
#2977= IFCPROPERTYSET('1iT3iXZab9G9G7IvkhKPnj',$,'BEAM',$,(#2976));
#2978= IFCRELAGGREGATES('0JZOKEZev2Z8fpjx1vZb2F',$,$,$,#2956,(#2966));
#2979= IFCCARTESIANPOINT((23050.,396.30782,11595.));
#2980= IFCAXIS2PLACEMENT3D(#2979,#39,#85);
#2981= IFCLOCALPLACEMENT(#36,#2980);
#2982= IFCELEMENTASSEMBLY('1f2Q4M000BP34tDZ8oDJGu',$,'Mevcut',$,$,#2981,$,$,$,.NOTDEFINED.);
#2983= IFCLOCALPLACEMENT(#2981,#26);
#2984= IFCSHAPEREPRESENTATION(#55,'Body','SolidModel',(#1235));
#2985= IFCSHAPEREPRESENTATION(#212,'Axis','Curve3D',(#1238));
#2986= IFCSHAPEREPRESENTATION(#58,'CoG','Point',(#1240));
#2987= IFCPRODUCTDEFINITIONSHAPE($,$,(#2984,#2985,#2986));
#2988= IFCBEAM('1f2Q4M000BOp4tDZ8oDJGu',$,'Mevcut','HEA200',$,#2983,#2987,'S235JR',.NOTDEFINED.);
#2989= IFCPROPERTYSINGLEVALUE('ASSEMBLY_POS',$,IFCLABEL('M/10'),$);
#2990= IFCPROPERTYSET('1A6EJQfFvEygy4FFz9KEzK',$,'BEAM',$,(#2989));
#2991= IFCRELAGGREGATES('3Z6FXuJO9DTRsaDbdoijnV',$,$,$,#2982,(#2988));
#2992= IFCCARTESIANPOINT((23225.00409,-1029.93637,5665.70628));
#2993= IFCAXIS2PLACEMENT3D(#2992,#50,#85);
#2994= IFCLOCALPLACEMENT(#36,#2993);
#2995= IFCELEMENTASSEMBLY('1f2Q4M000Bb34tDZ8oDJGu',$,'Mevcut',$,$,#2994,$,$,$,.NOTDEFINED.);
#2996= IFCLOCALPLACEMENT(#2994,#26);
#2997= IFCSHAPEREPRESENTATION(#55,'Body','SolidModel',(#1609));
#2998= IFCSHAPEREPRESENTATION(#212,'Axis','Curve3D',(#1612));
#2999= IFCSHAPEREPRESENTATION(#58,'CoG','Point',(#1614));
#3000= IFCPRODUCTDEFINITIONSHAPE($,$,(#2997,#2998,#2999));
#3001= IFCBEAM('1f2Q4M000Bap4tDZ8oDJGu',$,'Mevcut','UNP100',$,#2996,#3000,'S235JR',.NOTDEFINED.);
#3002= IFCRELAGGREGATES('3aUAhbAGj3g9h8aXE4J9Kx',$,$,$,#2995,(#3001));
#3003= IFCCARTESIANPOINT((23050.,-1854.94218,11625.));
#3004= IFCAXIS2PLACEMENT3D(#3003,#85,#50);
#3005= IFCLOCALPLACEMENT(#36,#3004);
#3006= IFCELEMENTASSEMBLY('1f2Q4M000BU34tDZ8oDJGu',$,'BEAM',$,$,#3005,$,$,$,.NOTDEFINED.);
#3007= IFCCARTESIANPOINT((2425.,-67.,3.77202));
#3008= IFCAXIS2PLACEMENT3D(#3007,#39,#25);
#3009= IFCLOCALPLACEMENT(#3005,#3008);
#3010= IFCCARTESIANPOINTLIST2D(((0.,15.),(15.,0.),(70.,0.),(70.,134.),(15.,134.),(0.,119.)));
#3011= IFCINDEXEDPOLYCURVE(#3010,(IFCLINEINDEX((1,2,3,4,5,6,1))),$);
#3012= IFCARBITRARYCLOSEDPROFILEDEF(.AREA.,'PL8',#3011);
#3013= IFCEXTRUDEDAREASOLID(#3012,#49,#50,8.);
#3014= IFCSHAPEREPRESENTATION(#55,'Body','SolidModel',(#3013));
#3015= IFCCARTESIANPOINT((35.7373,67.,0.));
#3016= IFCSHAPEREPRESENTATION(#58,'CoG','Point',(#3015));
#3017= IFCPRODUCTDEFINITIONSHAPE($,$,(#3014,#3016));
#3018= IFCPLATE('1f2Q4M000EWJ4tDZ8oDJGu',$,'PLATE','PL8',$,#3009,#3017,'S235JR',.NOTDEFINED.);
#3019= IFCPROPERTYSINGLEVALUE('Perimeter',$,IFCLENGTHMEASURE(408.),$);
#3020= IFCPROPERTYSINGLEVALUE('GrossArea',$,IFCAREAMEASURE(0.00938),$);
#3021= IFCPROPERTYSINGLEVALUE('NetArea',$,IFCAREAMEASURE(0.02143),$);
#3022= IFCPROPERTYSINGLEVALUE('GrossVolume',$,IFCVOLUMEMEASURE(7.E-05),$);
#3023= IFCPROPERTYSINGLEVALUE('NetVolume',$,IFCVOLUMEMEASURE(7.E-05),$);
#3024= IFCPROPERTYSINGLEVALUE('GrossWeight',$,IFCMASSMEASURE(0.58906),$);
#3025= IFCPROPERTYSINGLEVALUE('NetWeight',$,IFCMASSMEASURE(0.57493),$);
#3026= IFCPROPERTYSET('3FY7CsgmH1xBfaGA0A4w$N',$,'Qto_PlateBaseQuantities','Base quantities that are common to the definition of all occurrences of plates.',(#70,#3019,#3020,#3021,#3022,#3023,#3024,#3025));
#3027= IFCCARTESIANPOINT((785.,-67.,3.77202));
#3028= IFCAXIS2PLACEMENT3D(#3027,#39,#25);
#3029= IFCLOCALPLACEMENT(#3005,#3028);
#3030= IFCSHAPEREPRESENTATION(#55,'Body','SolidModel',(#3013));
#3031= IFCSHAPEREPRESENTATION(#58,'CoG','Point',(#3015));
#3032= IFCPRODUCTDEFINITIONSHAPE($,$,(#3030,#3031));
#3033= IFCPLATE('1f2Q4M000EM34tDZ8oDJGu',$,'PLATE','PL8',$,#3029,#3032,'S235JR',.NOTDEFINED.);
#3034= IFCCARTESIANPOINT((3350.,-67.,3.77202));
#3035= IFCAXIS2PLACEMENT3D(#3034,#39,#25);
#3036= IFCLOCALPLACEMENT(#3005,#3035);
#3037= IFCSHAPEREPRESENTATION(#55,'Body','SolidModel',(#3013));
#3038= IFCSHAPEREPRESENTATION(#58,'CoG','Point',(#3015));
#3039= IFCPRODUCTDEFINITIONSHAPE($,$,(#3037,#3038));
#3040= IFCPLATE('1f2Q4M000EJJ4tDZ8oDJGu',$,'PLATE','PL8',$,#3036,#3039,'S235JR',.NOTDEFINED.);
#3041= IFCCARTESIANPOINT((3210.,-67.,3.77202));
#3042= IFCAXIS2PLACEMENT3D(#3041,#39,#25);
#3043= IFCLOCALPLACEMENT(#3005,#3042);
#3044= IFCSHAPEREPRESENTATION(#55,'Body','SolidModel',(#3013));
#3045= IFCSHAPEREPRESENTATION(#58,'CoG','Point',(#3015));
#3046= IFCPRODUCTDEFINITIONSHAPE($,$,(#3044,#3045));
#3047= IFCPLATE('1f2Q4M000EIZ4tDZ8oDJGu',$,'PLATE','PL8',$,#3043,#3046,'S235JR',.NOTDEFINED.);
#3048= IFCCARTESIANPOINT((2285.,-67.,3.77202));
#3049= IFCAXIS2PLACEMENT3D(#3048,#39,#25);
#3050= IFCLOCALPLACEMENT(#3005,#3049);
#3051= IFCSHAPEREPRESENTATION(#55,'Body','SolidModel',(#3013));
#3052= IFCSHAPEREPRESENTATION(#58,'CoG','Point',(#3015));
#3053= IFCPRODUCTDEFINITIONSHAPE($,$,(#3051,#3052));
#3054= IFCPLATE('1f2Q4M000EB34tDZ8oDJGu',$,'PLATE','PL8',$,#3050,#3053,'S235JR',.NOTDEFINED.);
#3055= IFCCARTESIANPOINT((4060.,-67.,3.77202));
#3056= IFCAXIS2PLACEMENT3D(#3055,#39,#25);
#3057= IFCLOCALPLACEMENT(#3005,#3056);
#3058= IFCSHAPEREPRESENTATION(#55,'Body','SolidModel',(#3013));
#3059= IFCSHAPEREPRESENTATION(#58,'CoG','Point',(#3015));
#3060= IFCPRODUCTDEFINITIONSHAPE($,$,(#3058,#3059));
#3061= IFCPLATE('1f2Q4M000EA34tDZ8oDJGu',$,'PLATE','PL8',$,#3057,#3060,'S235JR',.NOTDEFINED.);
#3062= IFCCARTESIANPOINT((925.,-67.,3.77202));
#3063= IFCAXIS2PLACEMENT3D(#3062,#39,#25);
#3064= IFCLOCALPLACEMENT(#3005,#3063);
#3065= IFCSHAPEREPRESENTATION(#55,'Body','SolidModel',(#3013));
#3066= IFCSHAPEREPRESENTATION(#58,'CoG','Point',(#3015));
#3067= IFCPRODUCTDEFINITIONSHAPE($,$,(#3065,#3066));
#3068= IFCPLATE('1f2Q4M000E7p4tDZ8oDJGu',$,'PLATE','PL8',$,#3064,#3067,'S235JR',.NOTDEFINED.);
#3069= IFCCARTESIANPOINT((4200.,-67.,3.77202));
#3070= IFCAXIS2PLACEMENT3D(#3069,#39,#25);
#3071= IFCLOCALPLACEMENT(#3005,#3070);
#3072= IFCSHAPEREPRESENTATION(#55,'Body','SolidModel',(#3013));
#3073= IFCSHAPEREPRESENTATION(#58,'CoG','Point',(#3015));
#3074= IFCPRODUCTDEFINITIONSHAPE($,$,(#3072,#3073));
#3075= IFCPLATE('1f2Q4M000E6Z4tDZ8oDJGu',$,'PLATE','PL8',$,#3071,#3074,'S235JR',.NOTDEFINED.);
#3076= IFCLOCALPLACEMENT(#3005,#26);
#3077= IFCCARTESIANPOINTLIST3D(((125.,-76.,-80.),(125.,-67.,-80.),(6460.,-67.,-80.),(6460.,-76.,-80.),(125.,-67.,-3.),(6460.,-67.,-3.),(125.,67.,-3.),(6460.,67.,-3.),(125.,67.,-80.),(6460.,67.,-80.),(125.,76.,-80.),(6460.,76.,-80.),(125.,76.,80.),(6460.,76.,80.),(125.,67.,80.),(6460.,67.,80.),(125.,67.,3.),(6460.,67.,3.),(125.,-67.,3.),(6460.,-67.,3.),(125.,-67.,80.),(6460.,-67.,80.),(125.,-76.,80.),(6460.,-76.,80.)));
#3078= IFCINDEXEDPOLYGONALFACE((23,1,4,24));
#3079= IFCINDEXEDPOLYGONALFACE((6,8,10,12,14,16,18,20,22,24,4,3));
#3080= IFCINDEXEDPOLYGONALFACE((23,21,19,17,15,13,11,9,7,5,2,1));
#3081= IFCPOLYGONALFACESET(#3077,.T.,(#143,#968,#969,#970,#971,#972,#973,#2214,#2215,#2216,#2217,#3078,#3079,#3080),$);
#3082= IFCSHAPEREPRESENTATION(#55,'Body','Tessellation',(#3081));
#3083= IFCCARTESIANPOINTLIST3D(((0.,76.,0.),(6460.,76.,0.)));
#3084= IFCINDEXEDPOLYCURVE(#3083,(IFCLINEINDEX((1,2))),$);
#3085= IFCSHAPEREPRESENTATION(#212,'Axis','Curve3D',(#3084));
#3086= IFCCARTESIANPOINT((3292.5,0.,0.));
#3087= IFCSHAPEREPRESENTATION(#58,'CoG','Point',(#3086));
#3088= IFCPRODUCTDEFINITIONSHAPE($,$,(#3082,#3085,#3087));
#3089= IFCBEAM('1f2Q4M000BTp4tDZ8oDJGu',$,'BEAM','HEA160',$,#3076,#3088,'S275JR',.NOTDEFINED.);
#3090= IFCPROPERTYSINGLEVALUE('Length',$,IFCLENGTHMEASURE(6335.),$);
#3091= IFCPROPERTYSINGLEVALUE('CrossSectionArea',$,IFCAREAMEASURE(0.00388),$);
#3092= IFCPROPERTYSINGLEVALUE('OuterSurfaceArea',$,IFCAREAMEASURE(5.73951),$);
#3093= IFCPROPERTYSINGLEVALUE('GrossSurfaceArea',$,IFCAREAMEASURE(5.73951),$);
#3094= IFCPROPERTYSINGLEVALUE('NetSurfaceArea',$,IFCAREAMEASURE(5.91159),$);
#3095= IFCPROPERTYSINGLEVALUE('GrossVolume',$,IFCVOLUMEMEASURE(0.02456),$);
#3096= IFCPROPERTYSINGLEVALUE('NetVolume',$,IFCVOLUMEMEASURE(0.02334),$);
#3097= IFCPROPERTYSINGLEVALUE('GrossWeight',$,IFCMASSMEASURE(192.80224),$);
#3098= IFCPROPERTYSINGLEVALUE('NetWeight',$,IFCMASSMEASURE(183.2044),$);
#3099= IFCPROPERTYSET('2$ZXpIYoXEGuCqubZHiwBY',$,'Qto_BeamBaseQuantities','Base quantities that are common to the definition of all occurrences of beams.',(#3090,#3091,#3092,#3093,#3094,#3095,#3096,#3097,#3098));
#3100= IFCPROPERTYSINGLEVALUE('ASSEMBLY_POS',$,IFCLABEL('PT/5'),$);
#3101= IFCPROPERTYSET('00WUbTgVn1RuQzo7MzWEgh',$,'BEAM',$,(#3100));
#3102= IFCCARTESIANPOINT((6423.,-76.,0.77202));
#3103= IFCDIRECTION((0.9774141638,-0.2113328,0.));
#3104= IFCAXIS2PLACEMENT3D(#3102,#50,#3103);
#3105= IFCLOCALPLACEMENT(#3005,#3104);
#3106= IFCCARTESIANPOINTLIST2D(((0.,0.),(37.85499,0.),(41.23632,15.63863),(-118.08219,50.08588),(-156.78253,46.17622),(-159.31851,34.44725)));
#3107= IFCINDEXEDPOLYCURVE(#3106,(IFCLINEINDEX((1,2,3,4,5,6,1))),$);
#3108= IFCARBITRARYCLOSEDPROFILEDEF(.AREA.,'PL10',#3107);
#3109= IFCEXTRUDEDAREASOLID(#3108,#434,#50,10.);
#3110= IFCSHAPEREPRESENTATION(#55,'Body','SolidModel',(#3109));
#3111= IFCCARTESIANPOINT((-57.62859,24.64638,0.));
#3112= IFCSHAPEREPRESENTATION(#58,'CoG','Point',(#3111));
#3113= IFCPRODUCTDEFINITIONSHAPE($,$,(#3110,#3112));
#3114= IFCPLATE('1f4mtt0004O34tDZ8uDZKn',$,'PLATE','PL10',$,#3105,#3113,'S235JR',.NOTDEFINED.);
#3115= IFCPROPERTYSINGLEVALUE('Perimeter',$,IFCLENGTHMEASURE(430.75231),$);
#3116= IFCPROPERTYSINGLEVALUE('GrossArea',$,IFCAREAMEASURE(0.0048),$);
#3117= IFCPROPERTYSINGLEVALUE('NetArea',$,IFCAREAMEASURE(0.01317),$);
#3118= IFCPROPERTYSINGLEVALUE('GrossWeight',$,IFCMASSMEASURE(0.3768),$);
#3119= IFCPROPERTYSINGLEVALUE('NetWeight',$,IFCMASSMEASURE(0.34776),$);
#3120= IFCPROPERTYSET('07uzgtz9f7YvJcPL_WL9zB',$,'Qto_PlateBaseQuantities','Base quantities that are common to the definition of all occurrences of plates.',(#444,#3115,#3116,#3117,#960,#961,#3118,#3119));
#3121= IFCCARTESIANPOINT((6425.,-71.5,-79.22798));
#3122= IFCDIRECTION((0.9191450302,0.,-0.3939192981));
#3123= IFCAXIS2PLACEMENT3D(#3121,#40,#3122);
#3124= IFCLOCALPLACEMENT(#3005,#3123);
#3125= IFCCARTESIANPOINTLIST2D(((0.,0.),(38.07887,0.),(59.74443,50.55298),(-91.91451,115.54966),(-137.87175,97.16676),(-151.65894,64.99669)));
#3126= IFCINDEXEDPOLYCURVE(#3125,(IFCLINEINDEX((1,2,3,4,5,6,1))),$);
#3127= IFCARBITRARYCLOSEDPROFILEDEF(.AREA.,'PL10',#3126);
#3128= IFCEXTRUDEDAREASOLID(#3127,#434,#50,10.);
#3129= IFCSHAPEREPRESENTATION(#55,'Body','SolidModel',(#3128));
#3130= IFCCARTESIANPOINT((-43.98474,56.39757,0.));
#3131= IFCSHAPEREPRESENTATION(#58,'CoG','Point',(#3130));
#3132= IFCPRODUCTDEFINITIONSHAPE($,$,(#3129,#3131));
#3133= IFCPLATE('1f4mtt0004P34tDZ8uDZKn',$,'PLATE','PL10',$,#3124,#3132,'S235JR',.NOTDEFINED.);
#3134= IFCPROPERTYSINGLEVALUE('Perimeter',$,IFCLENGTHMEASURE(507.57635),$);
#3135= IFCPROPERTYSINGLEVALUE('GrossArea',$,IFCAREAMEASURE(0.014),$);
#3136= IFCPROPERTYSINGLEVALUE('NetArea',$,IFCAREAMEASURE(0.03133),$);
#3137= IFCPROPERTYSINGLEVALUE('GrossWeight',$,IFCMASSMEASURE(1.099),$);
#3138= IFCPROPERTYSINGLEVALUE('NetWeight',$,IFCMASSMEASURE(1.03031),$);
#3139= IFCPROPERTYSET('3dKsIdj3jFL9SFIYwvRMD7',$,'Qto_PlateBaseQuantities','Base quantities that are common to the definition of all occurrences of plates.',(#444,#3134,#3135,#3136,#74,#75,#3137,#3138));
#3140= IFCCARTESIANPOINT((6425.,71.5,-79.22798));
#3141= IFCAXIS2PLACEMENT3D(#3140,#40,#3122);
#3142= IFCLOCALPLACEMENT(#3005,#3141);
#3143= IFCSHAPEREPRESENTATION(#55,'Body','SolidModel',(#3128));
#3144= IFCSHAPEREPRESENTATION(#58,'CoG','Point',(#3130));
#3145= IFCPRODUCTDEFINITIONSHAPE($,$,(#3143,#3144));
#3146= IFCPLATE('1f4mtt0004Q34tDZ8uDZKn',$,'PLATE','PL10',$,#3142,#3145,'S235JR',.NOTDEFINED.);
#3147= IFCCARTESIANPOINT((6425.,71.5,80.77202));
#3148= IFCDIRECTION((0.9191450302,0.,0.3939192981));
#3149= IFCAXIS2PLACEMENT3D(#3147,#85,#3148);
#3150= IFCLOCALPLACEMENT(#3005,#3149);
#3151= IFCSHAPEREPRESENTATION(#55,'Body','SolidModel',(#3128));
#3152= IFCSHAPEREPRESENTATION(#58,'CoG','Point',(#3130));
#3153= IFCPRODUCTDEFINITIONSHAPE($,$,(#3151,#3152));
#3154= IFCPLATE('1f4mtt0004R34tDZ8uDZKn',$,'PLATE','PL10',$,#3150,#3153,'S235JR',.NOTDEFINED.);
#3155= IFCCARTESIANPOINT((6425.,-71.5,80.77202));
#3156= IFCAXIS2PLACEMENT3D(#3155,#85,#3148);
#3157= IFCLOCALPLACEMENT(#3005,#3156);
#3158= IFCSHAPEREPRESENTATION(#55,'Body','SolidModel',(#3128));
#3159= IFCSHAPEREPRESENTATION(#58,'CoG','Point',(#3130));
#3160= IFCPRODUCTDEFINITIONSHAPE($,$,(#3158,#3159));
#3161= IFCPLATE('1f4mtt0004S34tDZ8uDZKn',$,'PLATE','PL10',$,#3157,#3160,'S235JR',.NOTDEFINED.);
#3162= IFCCARTESIANPOINT((6423.,75.99464,0.77202));
#3163= IFCDIRECTION((0.9774141638,0.2113328,0.));
#3164= IFCAXIS2PLACEMENT3D(#3162,#25,#3163);
#3165= IFCLOCALPLACEMENT(#3005,#3164);
#3166= IFCSHAPEREPRESENTATION(#55,'Body','SolidModel',(#3109));
#3167= IFCSHAPEREPRESENTATION(#58,'CoG','Point',(#3111));
#3168= IFCPRODUCTDEFINITIONSHAPE($,$,(#3166,#3167));
#3169= IFCPLATE('1f4mtt0004T34tDZ8uDZKn',$,'PLATE','PL10',$,#3165,#3168,'S235JR',.NOTDEFINED.);
#3170= IFCCARTESIANPOINT((162.,-76.,0.77202));
#3171= IFCDIRECTION((-0.9774141638,-0.2113328,0.));
#3172= IFCAXIS2PLACEMENT3D(#3170,#25,#3171);
#3173= IFCLOCALPLACEMENT(#3005,#3172);
#3174= IFCSHAPEREPRESENTATION(#55,'Body','SolidModel',(#3109));
#3175= IFCSHAPEREPRESENTATION(#58,'CoG','Point',(#3111));
#3176= IFCPRODUCTDEFINITIONSHAPE($,$,(#3174,#3175));
#3177= IFCPLATE('1f4mtt00058p4tDZ8uDZKn',$,'PLATE','PL10',$,#3173,#3176,'S235JR',.NOTDEFINED.);
#3178= IFCCARTESIANPOINT((160.,-71.5,-79.22798));
#3179= IFCDIRECTION((-0.9191450302,0.,-0.3939192981));
#3180= IFCAXIS2PLACEMENT3D(#3178,#85,#3179);
#3181= IFCLOCALPLACEMENT(#3005,#3180);
#3182= IFCSHAPEREPRESENTATION(#55,'Body','SolidModel',(#3128));
#3183= IFCSHAPEREPRESENTATION(#58,'CoG','Point',(#3130));
#3184= IFCPRODUCTDEFINITIONSHAPE($,$,(#3182,#3183));
#3185= IFCPLATE('1f4mtt00059p4tDZ8uDZKn',$,'PLATE','PL10',$,#3181,#3184,'S235JR',.NOTDEFINED.);
#3186= IFCCARTESIANPOINT((160.,71.5,-79.22798));
#3187= IFCAXIS2PLACEMENT3D(#3186,#85,#3179);
#3188= IFCLOCALPLACEMENT(#3005,#3187);
#3189= IFCSHAPEREPRESENTATION(#55,'Body','SolidModel',(#3128));
#3190= IFCSHAPEREPRESENTATION(#58,'CoG','Point',(#3130));
#3191= IFCPRODUCTDEFINITIONSHAPE($,$,(#3189,#3190));
#3192= IFCPLATE('1f4mtt0005Ap4tDZ8uDZKn',$,'PLATE','PL10',$,#3188,#3191,'S235JR',.NOTDEFINED.);
#3193= IFCCARTESIANPOINT((160.,71.5,80.77202));
#3194= IFCDIRECTION((-0.9191450302,0.,0.3939192981));
#3195= IFCAXIS2PLACEMENT3D(#3193,#40,#3194);
#3196= IFCLOCALPLACEMENT(#3005,#3195);
#3197= IFCSHAPEREPRESENTATION(#55,'Body','SolidModel',(#3128));
#3198= IFCSHAPEREPRESENTATION(#58,'CoG','Point',(#3130));
#3199= IFCPRODUCTDEFINITIONSHAPE($,$,(#3197,#3198));
#3200= IFCPLATE('1f4mtt0005Bp4tDZ8uDZKn',$,'PLATE','PL10',$,#3196,#3199,'S235JR',.NOTDEFINED.);
#3201= IFCCARTESIANPOINT((160.,-71.5,80.77202));
#3202= IFCAXIS2PLACEMENT3D(#3201,#40,#3194);
#3203= IFCLOCALPLACEMENT(#3005,#3202);
#3204= IFCSHAPEREPRESENTATION(#55,'Body','SolidModel',(#3128));
#3205= IFCSHAPEREPRESENTATION(#58,'CoG','Point',(#3130));
#3206= IFCPRODUCTDEFINITIONSHAPE($,$,(#3204,#3205));
#3207= IFCPLATE('1f4mtt0005Cp4tDZ8uDZKn',$,'PLATE','PL10',$,#3203,#3206,'S235JR',.NOTDEFINED.);
#3208= IFCCARTESIANPOINT((162.,75.99464,0.77202));
#3209= IFCDIRECTION((-0.9774141638,0.2113328,0.));
#3210= IFCAXIS2PLACEMENT3D(#3208,#50,#3209);
#3211= IFCLOCALPLACEMENT(#3005,#3210);
#3212= IFCSHAPEREPRESENTATION(#55,'Body','SolidModel',(#3109));
#3213= IFCSHAPEREPRESENTATION(#58,'CoG','Point',(#3111));
#3214= IFCPRODUCTDEFINITIONSHAPE($,$,(#3212,#3213));
#3215= IFCPLATE('1f4mtt0005Dp4tDZ8uDZKn',$,'PLATE','PL10',$,#3211,#3214,'S235JR',.NOTDEFINED.);
#3216= IFCCARTESIANPOINT((4365.37667,76.,-60.));
#3217= IFCAXIS2PLACEMENT3D(#3216,#25,#40);
#3218= IFCLOCALPLACEMENT(#3005,#3217);
#3219= IFCCARTESIANPOINTLIST2D(((0.,0.),(75.,0.),(75.,220.),(0.,220.)));
#3220= IFCINDEXEDPOLYCURVE(#3219,(IFCLINEINDEX((1,2,3,4,1))),$);
#3221= IFCARBITRARYCLOSEDPROFILEDEF(.AREA.,'10',#3220);
#3222= IFCEXTRUDEDAREASOLID(#3221,#434,#50,10.);
#3223= IFCSHAPEREPRESENTATION(#55,'Body','SolidModel',(#3222));
#3224= IFCCARTESIANPOINT((37.5,110.,0.));
#3225= IFCSHAPEREPRESENTATION(#58,'CoG','Point',(#3224));
#3226= IFCPRODUCTDEFINITIONSHAPE($,$,(#3223,#3225));
#3227= IFCPLATE('1fALSx0001ZZ4tDZGpCJSv',$,'PLATE','10',$,#3218,#3226,'S235JR',.NOTDEFINED.);
#3228= IFCPROPERTYSINGLEVALUE('Perimeter',$,IFCLENGTHMEASURE(590.),$);
#3229= IFCPROPERTYSINGLEVALUE('GrossArea',$,IFCAREAMEASURE(0.0165),$);
#3230= IFCPROPERTYSINGLEVALUE('NetArea',$,IFCAREAMEASURE(0.0389),$);
#3231= IFCPROPERTYSINGLEVALUE('GrossVolume',$,IFCVOLUMEMEASURE(0.00017),$);
#3232= IFCPROPERTYSINGLEVALUE('NetVolume',$,IFCVOLUMEMEASURE(0.00017),$);
#3233= IFCPROPERTYSINGLEVALUE('GrossWeight',$,IFCMASSMEASURE(1.29525),$);
#3234= IFCPROPERTYSINGLEVALUE('NetWeight',$,IFCMASSMEASURE(1.29525),$);
#3235= IFCPROPERTYSET('2uQWVKc5v6l8mzmLCrsNnk',$,'Qto_PlateBaseQuantities','Base quantities that are common to the definition of all occurrences of plates.',(#444,#3228,#3229,#3230,#3231,#3232,#3233,#3234));
#3236= IFCCARTESIANPOINT((1090.37667,76.,-60.));
#3237= IFCAXIS2PLACEMENT3D(#3236,#25,#40);
#3238= IFCLOCALPLACEMENT(#3005,#3237);
#3239= IFCSHAPEREPRESENTATION(#55,'Body','SolidModel',(#3222));
#3240= IFCSHAPEREPRESENTATION(#58,'CoG','Point',(#3224));
#3241= IFCPRODUCTDEFINITIONSHAPE($,$,(#3239,#3240));
#3242= IFCPLATE('1fALSx0001c34tDZGpCJWm',$,'PLATE','10',$,#3238,#3241,'S235JR',.NOTDEFINED.);
#3243= IFCRELAGGREGATES('0zv91fNznBZh9bu9HfYiQi',$,$,$,#3006,(#3018,#3033,#3040,#3047,#3054,#3061,#3068,#3075,#3089,#3114,#3133,#3146,#3154,#3161,#3169,#3177,#3185,#3192,#3200,#3207,#3215,#3227,#3242));
#3244= IFCCARTESIANPOINT((23225.00409,1754.22581,10465.70628));
#3245= IFCAXIS2PLACEMENT3D(#3244,#50,#85);
#3246= IFCLOCALPLACEMENT(#36,#3245);
#3247= IFCELEMENTASSEMBLY('1f2Q4M000BV34tDZ8oDJGu',$,'Mevcut',$,$,#3246,$,$,$,.NOTDEFINED.);
#3248= IFCLOCALPLACEMENT(#3246,#26);
#3249= IFCSHAPEREPRESENTATION(#55,'Body','SolidModel',(#2164));
#3250= IFCSHAPEREPRESENTATION(#212,'Axis','Curve3D',(#2167));
#3251= IFCSHAPEREPRESENTATION(#58,'CoG','Point',(#2169));
#3252= IFCPRODUCTDEFINITIONSHAPE($,$,(#3249,#3250,#3251));
#3253= IFCBEAM('1f2Q4M000BUp4tDZ8oDJGu',$,'Mevcut','UNP100',$,#3248,#3252,'S235JR',.NOTDEFINED.);
#3254= IFCRELAGGREGATES('0YmZxNmjHD6A5eVgJCxHrm',$,$,$,#3247,(#3253));
#3255= IFCCARTESIANPOINT((23225.00409,1754.22581,9265.70628));
#3256= IFCAXIS2PLACEMENT3D(#3255,#50,#85);
#3257= IFCLOCALPLACEMENT(#36,#3256);
#3258= IFCELEMENTASSEMBLY('1f2Q4M000BW34tDZ8oDJGu',$,'Mevcut',$,$,#3257,$,$,$,.NOTDEFINED.);
#3259= IFCLOCALPLACEMENT(#3257,#26);
#3260= IFCSHAPEREPRESENTATION(#55,'Body','SolidModel',(#2164));
#3261= IFCSHAPEREPRESENTATION(#212,'Axis','Curve3D',(#2167));
#3262= IFCSHAPEREPRESENTATION(#58,'CoG','Point',(#2169));
#3263= IFCPRODUCTDEFINITIONSHAPE($,$,(#3260,#3261,#3262));
#3264= IFCBEAM('1f2Q4M000BVp4tDZ8oDJGu',$,'Mevcut','UNP100',$,#3259,#3263,'S235JR',.NOTDEFINED.);
#3265= IFCRELAGGREGATES('3450cFo2X2hPxhgpPhojbL',$,$,$,#3258,(#3264));
#3266= IFCCARTESIANPOINT((23225.00409,1754.22581,8065.70628));
#3267= IFCAXIS2PLACEMENT3D(#3266,#50,#85);
#3268= IFCLOCALPLACEMENT(#36,#3267);
#3269= IFCELEMENTASSEMBLY('1f2Q4M000BX34tDZ8oDJGu',$,'Mevcut',$,$,#3268,$,$,$,.NOTDEFINED.);
#3270= IFCLOCALPLACEMENT(#3268,#26);
#3271= IFCSHAPEREPRESENTATION(#55,'Body','SolidModel',(#2164));
#3272= IFCSHAPEREPRESENTATION(#212,'Axis','Curve3D',(#2167));
#3273= IFCSHAPEREPRESENTATION(#58,'CoG','Point',(#2169));
#3274= IFCPRODUCTDEFINITIONSHAPE($,$,(#3271,#3272,#3273));
#3275= IFCBEAM('1f2Q4M000BWp4tDZ8oDJGu',$,'Mevcut','UNP100',$,#3270,#3274,'S235JR',.NOTDEFINED.);
#3276= IFCRELAGGREGATES('0Aj5qIRNDCAxny532edNQk',$,$,$,#3269,(#3275));
#3277= IFCCARTESIANPOINT((23225.00409,1754.22581,5665.70628));
#3278= IFCAXIS2PLACEMENT3D(#3277,#50,#85);
#3279= IFCLOCALPLACEMENT(#36,#3278);
#3280= IFCELEMENTASSEMBLY('1f2Q4M000Ba34tDZ8oDJGu',$,'Mevcut',$,$,#3279,$,$,$,.NOTDEFINED.);
#3281= IFCLOCALPLACEMENT(#3279,#26);
#3282= IFCSHAPEREPRESENTATION(#55,'Body','SolidModel',(#1332));
#3283= IFCSHAPEREPRESENTATION(#212,'Axis','Curve3D',(#1335));
#3284= IFCSHAPEREPRESENTATION(#58,'CoG','Point',(#1337));
#3285= IFCPRODUCTDEFINITIONSHAPE($,$,(#3282,#3283,#3284));
#3286= IFCBEAM('1f2Q4M000BZp4tDZ8oDJGu',$,'Mevcut','UNP100',$,#3281,#3285,'S235JR',.NOTDEFINED.);
#3287= IFCRELAGGREGATES('3$bVPdYeLD0vmP2au89iER',$,$,$,#3280,(#3286));
#3288= IFCCARTESIANPOINT((24272.50409,-204.94218,8365.));
#3289= IFCAXIS2PLACEMENT3D(#3288,#24,#85);
#3290= IFCLOCALPLACEMENT(#36,#3289);
#3291= IFCELEMENTASSEMBLY('1f2Q4M000Bd34tDZ8oDJGu',$,'BEAM',$,$,#3290,$,$,$,.NOTDEFINED.);
#3292= IFCCARTESIANPOINT((6.49564,637.98556,-935.60617));
#3293= IFCDIRECTION((0.9968152785,0.064221864,0.047274229));
#3294= IFCDIRECTION((3.E-10,-0.5928158152,0.8053380714));
#3295= IFCAXIS2PLACEMENT3D(#3292,#3294,#3293);
#3296= IFCLOCALPLACEMENT(#3290,#3295);
#3297= IFCSHAPEREPRESENTATION(#55,'Body','SolidModel',(#1642));
#3298= IFCSHAPEREPRESENTATION(#58,'CoG','Point',(#1644));
#3299= IFCPRODUCTDEFINITIONSHAPE($,$,(#3297,#3298));
#3300= IFCPLATE('1f90zT0004QJ4tDZCvDpap',$,'PLATE','PL8',$,#3296,#3299,'S235JR',.NOTDEFINED.);
#3301= IFCCARTESIANPOINT((6.49564,402.62814,-615.87399));
#3302= IFCAXIS2PLACEMENT3D(#3301,#3294,#3293);
#3303= IFCLOCALPLACEMENT(#3290,#3302);
#3304= IFCSHAPEREPRESENTATION(#55,'Body','SolidModel',(#1642));
#3305= IFCSHAPEREPRESENTATION(#58,'CoG','Point',(#1644));
#3306= IFCPRODUCTDEFINITIONSHAPE($,$,(#3304,#3305));
#3307= IFCPLATE('1f90zT0004KZ4tDZCvDpap',$,'PLATE','PL8',$,#3303,#3306,'S235JR',.NOTDEFINED.);
#3308= IFCCARTESIANPOINT((6.49564,167.27073,-296.14182));
#3309= IFCAXIS2PLACEMENT3D(#3308,#3294,#3293);
#3310= IFCLOCALPLACEMENT(#3290,#3309);
#3311= IFCSHAPEREPRESENTATION(#55,'Body','SolidModel',(#1642));
#3312= IFCSHAPEREPRESENTATION(#58,'CoG','Point',(#1644));
#3313= IFCPRODUCTDEFINITIONSHAPE($,$,(#3311,#3312));
#3314= IFCPLATE('1f90zT0004Ep4tDZCvDpap',$,'PLATE','PL8',$,#3310,#3313,'S235JR',.NOTDEFINED.);
#3315= IFCLOCALPLACEMENT(#3290,#1715);
#3316= IFCSHAPEREPRESENTATION(#55,'Body','SolidModel',(#951));
#3317= IFCSHAPEREPRESENTATION(#58,'CoG','Point',(#953));
#3318= IFCPRODUCTDEFINITIONSHAPE($,$,(#3316,#3317));
#3319= IFCPLATE('1f90zT00047p4tDZCvDpap',$,'PLATE','PL8',$,#3315,#3318,'S235JR',.NOTDEFINED.);
#3320= IFCLOCALPLACEMENT(#3290,#1722);
#3321= IFCSHAPEREPRESENTATION(#55,'Body','SolidModel',(#951));
#3322= IFCSHAPEREPRESENTATION(#58,'CoG','Point',(#953));
#3323= IFCPRODUCTDEFINITIONSHAPE($,$,(#3321,#3322));
#3324= IFCPLATE('1f90zT0004234tDZCvDpap',$,'PLATE','PL8',$,#3320,#3323,'S235JR',.NOTDEFINED.);
#3325= IFCLOCALPLACEMENT(#3290,#1729);
#3326= IFCSHAPEREPRESENTATION(#55,'Body','SolidModel',(#951));
#3327= IFCSHAPEREPRESENTATION(#58,'CoG','Point',(#953));
#3328= IFCPRODUCTDEFINITIONSHAPE($,$,(#3326,#3327));
#3329= IFCPLATE('1f90zT0003yJ4tDZCvDpap',$,'PLATE','PL8',$,#3325,#3328,'S235JR',.NOTDEFINED.);
#3330= IFCLOCALPLACEMENT(#3290,#1663);
#3331= IFCSHAPEREPRESENTATION(#55,'Body','SolidModel',(#1668));
#3332= IFCSHAPEREPRESENTATION(#58,'CoG','Point',(#1670));
#3333= IFCPRODUCTDEFINITIONSHAPE($,$,(#3331,#3332));
#3334= IFCPLATE('1f90zT0003x34tDZCvDpap',$,'PLATE','PL10',$,#3330,#3333,'S235JR',.NOTDEFINED.);
#3335= IFCLOCALPLACEMENT(#3290,#1707);
#3336= IFCSHAPEREPRESENTATION(#55,'Body','SolidModel',(#1668));
#3337= IFCSHAPEREPRESENTATION(#58,'CoG','Point',(#1670));
#3338= IFCPRODUCTDEFINITIONSHAPE($,$,(#3336,#3337));
#3339= IFCPLATE('1f90zT0003wJ4tDZCvDpap',$,'PLATE','PL10',$,#3335,#3338,'S235JR',.NOTDEFINED.);
#3340= IFCCARTESIANPOINT((27.49564,826.50474,-1118.86995));
#3341= IFCAXIS2PLACEMENT3D(#3340,#39,#3294);
#3342= IFCLOCALPLACEMENT(#3290,#3341);
#3343= IFCCARTESIANPOINTLIST3D(((-41.58918,-50.,-25.),(-115.19998,50.,-25.),(1360.91451,50.,-25.),(1225.06488,-50.,-25.),(-115.19998,50.,25.),(1360.91451,50.,25.),(-110.41528,43.5,25.),(1352.08428,43.5,25.),(-107.82418,39.98,-19.),(1347.30238,39.98,-19.),(-48.96498,-39.98,-19.),(1238.67702,-39.98,-19.),(-46.37388,-43.5,25.),(1233.89511,-43.5,25.),(-41.58918,-50.,25.),(1225.06488,-50.,25.)));
#3344= IFCPOLYGONALFACESET(#3343,.T.,(#143,#968,#969,#970,#971,#972,#973,#974,#975,#976),$);
#3345= IFCSHAPEREPRESENTATION(#55,'Body','Tessellation',(#3344));
#3346= IFCCARTESIANPOINTLIST3D(((0.,0.,0.),(1394.2,0.,0.)));
#3347= IFCINDEXEDPOLYCURVE(#3346,(IFCLINEINDEX((1,2))),$);
#3348= IFCSHAPEREPRESENTATION(#212,'Axis','Curve3D',(#3347));
#3349= IFCCARTESIANPOINT((608.02464,2.33642,-9.1607));
#3350= IFCSHAPEREPRESENTATION(#58,'CoG','Point',(#3349));
#3351= IFCPRODUCTDEFINITIONSHAPE($,$,(#3345,#3348,#3350));
#3352= IFCMEMBER('1f90zT0003uJ4tDZCvDpap',$,'BEAM','UNP100',$,#3342,#3351,'S275JR',.NOTDEFINED.);
#3353= IFCPROPERTYSINGLEVALUE('Slope',$,IFCPLANEANGLEMEASURE(0.63455),$);
#3354= IFCPROPERTYSET('3prHEAZ0z52hd2BBPznQTm',$,'Pset_MemberCommon','Properties common to the definition of all occurrences of IfcMember.',(#63,#64,#3353,#182,#66,#67,#68));
#3355= IFCPROPERTYSINGLEVALUE('Length',$,IFCLENGTHMEASURE(1476.11449),$);
#3356= IFCPROPERTYSINGLEVALUE('OuterSurfaceArea',$,IFCAREAMEASURE(0.54911),$);
#3357= IFCPROPERTYSINGLEVALUE('GrossSurfaceArea',$,IFCAREAMEASURE(0.54911),$);
#3358= IFCPROPERTYSINGLEVALUE('NetSurfaceArea',$,IFCAREAMEASURE(0.52671),$);
#3359= IFCPROPERTYSINGLEVALUE('GrossVolume',$,IFCVOLUMEMEASURE(0.00199),$);
#3360= IFCPROPERTYSINGLEVALUE('NetVolume',$,IFCVOLUMEMEASURE(0.00182),$);
#3361= IFCPROPERTYSINGLEVALUE('GrossWeight',$,IFCMASSMEASURE(15.64312),$);
#3362= IFCPROPERTYSINGLEVALUE('NetWeight',$,IFCMASSMEASURE(14.28435),$);
#3363= IFCPROPERTYSET('3ABXUmyAn6AwnWSFzGM_kv',$,'Qto_MemberBaseQuantities','Base quantities that are common to the definition of all occurrences of members.',(#3355,#987,#3356,#3357,#3358,#3359,#3360,#3361,#3362));
#3364= IFCLOCALPLACEMENT(#3290,#1952);
#3365= IFCSHAPEREPRESENTATION(#55,'Body','Tessellation',(#1955));
#3366= IFCSHAPEREPRESENTATION(#212,'Axis','Curve3D',(#1689));
#3367= IFCSHAPEREPRESENTATION(#58,'CoG','Point',(#1958));
#3368= IFCPRODUCTDEFINITIONSHAPE($,$,(#3365,#3366,#3367));
#3369= IFCMEMBER('1f90zT0003sJ4tDZCvDpap',$,'BEAM','UNP100',$,#3364,#3368,'S275JR',.NOTDEFINED.);
#3370= IFCLOCALPLACEMENT(#3290,#1806);
#3371= IFCSHAPEREPRESENTATION(#55,'Body','SolidModel',(#951));
#3372= IFCSHAPEREPRESENTATION(#58,'CoG','Point',(#953));
#3373= IFCPRODUCTDEFINITIONSHAPE($,$,(#3371,#3372));
#3374= IFCPLATE('1f2Q4M000DhJ4tDZ8oDJGu',$,'PLATE','PL8',$,#3370,#3373,'S235JR',.NOTDEFINED.);
#3375= IFCLOCALPLACEMENT(#3290,#1798);
#3376= IFCSHAPEREPRESENTATION(#55,'Body','SolidModel',(#1642));
#3377= IFCSHAPEREPRESENTATION(#58,'CoG','Point',(#1644));
#3378= IFCPRODUCTDEFINITIONSHAPE($,$,(#3376,#3377));
#3379= IFCPLATE('1f2Q4M000DfJ4tDZ8oDJGu',$,'PLATE','PL8',$,#3375,#3378,'S235JR',.NOTDEFINED.);
#3380= IFCLOCALPLACEMENT(#3290,#1813);
#3381= IFCSHAPEREPRESENTATION(#55,'Body','SolidModel',(#951));
#3382= IFCSHAPEREPRESENTATION(#58,'CoG','Point',(#953));
#3383= IFCPRODUCTDEFINITIONSHAPE($,$,(#3381,#3382));
#3384= IFCPLATE('1f2Q4M000DXJ4tDZ8oDJGu',$,'PLATE','PL8',$,#3380,#3383,'S235JR',.NOTDEFINED.);
#3385= IFCLOCALPLACEMENT(#3290,#1820);
#3386= IFCSHAPEREPRESENTATION(#55,'Body','SolidModel',(#951));
#3387= IFCSHAPEREPRESENTATION(#58,'CoG','Point',(#953));
#3388= IFCPRODUCTDEFINITIONSHAPE($,$,(#3386,#3387));
#3389= IFCPLATE('1f2Q4M000DGZ4tDZ8oDJGu',$,'PLATE','PL8',$,#3385,#3388,'S235JR',.NOTDEFINED.);
#3390= IFCLOCALPLACEMENT(#3290,#1841);
#3391= IFCSHAPEREPRESENTATION(#55,'Body','SolidModel',(#951));
#3392= IFCSHAPEREPRESENTATION(#58,'CoG','Point',(#953));
#3393= IFCPRODUCTDEFINITIONSHAPE($,$,(#3391,#3392));
#3394= IFCPLATE('1f2Q4M000DEZ4tDZ8oDJGu',$,'PLATE','PL8',$,#3390,#3393,'S235JR',.NOTDEFINED.);
#3395= IFCLOCALPLACEMENT(#3290,#1834);
#3396= IFCSHAPEREPRESENTATION(#55,'Body','SolidModel',(#951));
#3397= IFCSHAPEREPRESENTATION(#58,'CoG','Point',(#953));
#3398= IFCPRODUCTDEFINITIONSHAPE($,$,(#3396,#3397));
#3399= IFCPLATE('1f2Q4M000DCZ4tDZ8oDJGu',$,'PLATE','PL8',$,#3395,#3398,'S235JR',.NOTDEFINED.);
#3400= IFCLOCALPLACEMENT(#3290,#1827);
#3401= IFCSHAPEREPRESENTATION(#55,'Body','SolidModel',(#951));
#3402= IFCSHAPEREPRESENTATION(#58,'CoG','Point',(#953));
#3403= IFCPRODUCTDEFINITIONSHAPE($,$,(#3401,#3402));
#3404= IFCPLATE('1f2Q4M000DAZ4tDZ8oDJGu',$,'PLATE','PL8',$,#3400,#3403,'S235JR',.NOTDEFINED.);
#3405= IFCLOCALPLACEMENT(#3290,#2147);
#3406= IFCSHAPEREPRESENTATION(#55,'Body','Tessellation',(#2132));
#3407= IFCSHAPEREPRESENTATION(#212,'Axis','Curve3D',(#2085));
#3408= IFCSHAPEREPRESENTATION(#58,'CoG','Point',(#2135));
#3409= IFCPRODUCTDEFINITIONSHAPE($,$,(#3406,#3407,#3408));
#3410= IFCBEAM('1f2Q4M000Bh34tDZ8oDJGu',$,'BEAM','UNP80',$,#3405,#3409,'S275JR',.NOTDEFINED.);
#3411= IFCPROPERTYSINGLEVALUE('ASSEMBLY_POS',$,IFCLABEL('PT/3'),$);
#3412= IFCPROPERTYSET('0Jtm0L1qXBHRs$cct0jrJR',$,'BEAM',$,(#3411));
#3413= IFCLOCALPLACEMENT(#3290,#2129);
#3414= IFCSHAPEREPRESENTATION(#55,'Body','Tessellation',(#2132));
#3415= IFCSHAPEREPRESENTATION(#212,'Axis','Curve3D',(#2085));
#3416= IFCSHAPEREPRESENTATION(#58,'CoG','Point',(#2135));
#3417= IFCPRODUCTDEFINITIONSHAPE($,$,(#3414,#3415,#3416));
#3418= IFCBEAM('1f2Q4M000Bg34tDZ8oDJGu',$,'BEAM','UNP80',$,#3413,#3417,'S275JR',.NOTDEFINED.);
#3419= IFCLOCALPLACEMENT(#3290,#2079);
#3420= IFCCARTESIANPOINTLIST3D(((-22.5,-50.,-25.),(-22.5,50.,-25.),(1134.50409,50.,-25.),(1134.50409,-50.,-25.),(-22.5,50.,25.),(1134.50409,50.,25.),(-22.5,43.5,25.),(1134.50409,43.5,25.),(-22.5,39.98,-19.),(1134.50409,39.98,-19.),(-22.5,-39.98,-19.),(1134.50409,-39.98,-19.),(-22.5,-43.5,25.),(1134.50409,-43.5,25.),(-22.5,-50.,25.),(1134.50409,-50.,25.)));
#3421= IFCPOLYGONALFACESET(#3420,.T.,(#143,#968,#969,#970,#971,#972,#973,#974,#975,#976),$);
#3422= IFCSHAPEREPRESENTATION(#55,'Body','Tessellation',(#3421));
#3423= IFCCARTESIANPOINTLIST3D(((0.,0.,0.),(1134.6,0.,0.)));
#3424= IFCINDEXEDPOLYCURVE(#3423,(IFCLINEINDEX((1,2))),$);
#3425= IFCSHAPEREPRESENTATION(#212,'Axis','Curve3D',(#3424));
#3426= IFCCARTESIANPOINT((556.00205,0.,-9.1607));
#3427= IFCSHAPEREPRESENTATION(#58,'CoG','Point',(#3426));
#3428= IFCPRODUCTDEFINITIONSHAPE($,$,(#3422,#3425,#3427));
#3429= IFCBEAM('1f2Q4M000Bf34tDZ8oDJGu',$,'BEAM','UNP100',$,#3419,#3428,'S275JR',.NOTDEFINED.);
#3430= IFCPROPERTYSINGLEVALUE('Length',$,IFCLENGTHMEASURE(1157.00409),$);
#3431= IFCPROPERTYSINGLEVALUE('OuterSurfaceArea',$,IFCAREAMEASURE(0.43041),$);
#3432= IFCPROPERTYSINGLEVALUE('GrossSurfaceArea',$,IFCAREAMEASURE(0.43041),$);
#3433= IFCPROPERTYSINGLEVALUE('NetSurfaceArea',$,IFCAREAMEASURE(0.44375),$);
#3434= IFCPROPERTYSINGLEVALUE('GrossVolume',$,IFCVOLUMEMEASURE(0.00156),$);
#3435= IFCPROPERTYSINGLEVALUE('NetVolume',$,IFCVOLUMEMEASURE(0.00154),$);
#3436= IFCPROPERTYSINGLEVALUE('GrossWeight',$,IFCMASSMEASURE(12.26135),$);
#3437= IFCPROPERTYSINGLEVALUE('NetWeight',$,IFCMASSMEASURE(12.05136),$);
#3438= IFCPROPERTYSET('3IdMHCvsf3DRwWGNLpoj04',$,'Qto_BeamBaseQuantities','Base quantities that are common to the definition of all occurrences of beams.',(#3430,#987,#3431,#3432,#3433,#3434,#3435,#3436,#3437));
#3439= IFCLOCALPLACEMENT(#3290,#26);
#3440= IFCSHAPEREPRESENTATION(#55,'Body','SolidModel',(#2029));
#3441= IFCSHAPEREPRESENTATION(#212,'Axis','Curve3D',(#980));
#3442= IFCSHAPEREPRESENTATION(#58,'CoG','Point',(#2032));
#3443= IFCPRODUCTDEFINITIONSHAPE($,$,(#3440,#3441,#3442));
#3444= IFCBEAM('1f2Q4M000Bcp4tDZ8oDJGu',$,'BEAM','UNP100',$,#3439,#3443,'S275JR',.NOTDEFINED.);
#3445= IFCLOCALPLACEMENT(#3290,#1992);
#3446= IFCCARTESIANPOINTLIST3D(((70.99591,-50.,-25.),(70.99591,50.,-25.),(1192.5,50.,-25.),(1192.5,-50.,-25.),(70.99591,50.,25.),(1192.5,50.,25.),(70.99591,43.5,25.),(1192.5,43.5,25.),(70.99591,39.98,-19.),(1192.5,39.98,-19.),(70.99591,-39.98,-19.),(1192.5,-39.98,-19.),(70.99591,-43.5,25.),(1192.5,-43.5,25.),(70.99591,-50.,25.),(1192.5,-50.,25.)));
#3447= IFCPOLYGONALFACESET(#3446,.T.,(#143,#968,#969,#970,#971,#972,#973,#974,#975,#976),$);
#3448= IFCSHAPEREPRESENTATION(#55,'Body','Tessellation',(#3447));
#3449= IFCSHAPEREPRESENTATION(#212,'Axis','Curve3D',(#2006));
#3450= IFCCARTESIANPOINT((631.74795,0.,-9.1607));
#3451= IFCSHAPEREPRESENTATION(#58,'CoG','Point',(#3450));
#3452= IFCPRODUCTDEFINITIONSHAPE($,$,(#3448,#3449,#3451));
#3453= IFCBEAM('1f2Q4M000Bbp4tDZ8oDJGu',$,'BEAM','UNP100',$,#3445,#3452,'S275JR',.NOTDEFINED.);
#3454= IFCPROPERTYSINGLEVALUE('Length',$,IFCLENGTHMEASURE(1121.50409),$);
#3455= IFCPROPERTYSINGLEVALUE('OuterSurfaceArea',$,IFCAREAMEASURE(0.4172),$);
#3456= IFCPROPERTYSINGLEVALUE('GrossSurfaceArea',$,IFCAREAMEASURE(0.4172),$);
#3457= IFCPROPERTYSINGLEVALUE('NetSurfaceArea',$,IFCAREAMEASURE(0.43022),$);
#3458= IFCPROPERTYSINGLEVALUE('GrossVolume',$,IFCVOLUMEMEASURE(0.00151),$);
#3459= IFCPROPERTYSINGLEVALUE('NetVolume',$,IFCVOLUMEMEASURE(0.00149),$);
#3460= IFCPROPERTYSINGLEVALUE('GrossWeight',$,IFCMASSMEASURE(11.88514),$);
#3461= IFCPROPERTYSINGLEVALUE('NetWeight',$,IFCMASSMEASURE(11.6816),$);
#3462= IFCPROPERTYSET('17gSKeKgLEqwCdbfJ6iasF',$,'Qto_BeamBaseQuantities','Base quantities that are common to the definition of all occurrences of beams.',(#3454,#987,#3455,#3456,#3457,#3458,#3459,#3460,#3461));
#3463= IFCCARTESIANPOINT((-7.31151,-60.,-1186.00409));
#3464= IFCAXIS2PLACEMENT3D(#3463,#25,#24);
#3465= IFCLOCALPLACEMENT(#3290,#3464);
#3466= IFCCARTESIANPOINTLIST2D(((0.,0.),(70.00037,0.),(70.00037,120.),(0.,120.)));
#3467= IFCINDEXEDPOLYCURVE(#3466,(IFCLINEINDEX((1,2,3,4,1))),$);
#3468= IFCARBITRARYCLOSEDPROFILEDEF(.AREA.,'PL8',#3467);
#3469= IFCEXTRUDEDAREASOLID(#3468,#49,#50,8.);
#3470= IFCSHAPEREPRESENTATION(#55,'Body','SolidModel',(#3469));
#3471= IFCCARTESIANPOINT((35.00018,60.,0.));
#3472= IFCSHAPEREPRESENTATION(#58,'CoG','Point',(#3471));
#3473= IFCPRODUCTDEFINITIONSHAPE($,$,(#3470,#3472));
#3474= IFCPLATE('1fALSx0000634tDZGpCJSm',$,'PLATE','PL8',$,#3465,#3473,'S235JR',.NOTDEFINED.);
#3475= IFCPROPERTYSINGLEVALUE('Perimeter',$,IFCLENGTHMEASURE(380.00073),$);
#3476= IFCPROPERTYSINGLEVALUE('GrossArea',$,IFCAREAMEASURE(0.0084),$);
#3477= IFCPROPERTYSINGLEVALUE('NetArea',$,IFCAREAMEASURE(0.01984),$);
#3478= IFCPROPERTYSINGLEVALUE('GrossWeight',$,IFCMASSMEASURE(0.52752),$);
#3479= IFCPROPERTYSINGLEVALUE('NetWeight',$,IFCMASSMEASURE(0.52752),$);
#3480= IFCPROPERTYSET('09VKOkcrv3PfKjNDGupVJU',$,'Qto_PlateBaseQuantities','Base quantities that are common to the definition of all occurrences of plates.',(#70,#3475,#3476,#3477,#3022,#3023,#3478,#3479));
#3481= IFCLOCALPLACEMENT(#3290,#2098);
#3482= IFCSHAPEREPRESENTATION(#55,'Body','Tessellation',(#2101));
#3483= IFCSHAPEREPRESENTATION(#212,'Axis','Curve3D',(#2052));
#3484= IFCSHAPEREPRESENTATION(#58,'CoG','Point',(#2104));
#3485= IFCPRODUCTDEFINITIONSHAPE($,$,(#3482,#3483,#3484));
#3486= IFCBEAM('1f2Q4M0006_Z4tDZ8oDJGu',$,'BEAM','UNP80',$,#3481,#3485,'S275JR',.NOTDEFINED.);
#3487= IFCLOCALPLACEMENT(#3481,#2117);
#3488= IFCSHAPEREPRESENTATION(#1143,'Reference','SolidModel',(#1883));
#3489= IFCPRODUCTDEFINITIONSHAPE($,$,(#3488));
#3490= IFCVOIDINGFEATURE('1f2Q4M0006x34tDZ8oDJGu',$,'NOTCH','PL17*51',$,#3487,#3489,'(?)',.HOLE.);
#3491= IFCLOCALPLACEMENT(#3481,#2123);
#3492= IFCSHAPEREPRESENTATION(#1143,'Reference','SolidModel',(#1883));
#3493= IFCPRODUCTDEFINITIONSHAPE($,$,(#3492));
#3494= IFCVOIDINGFEATURE('1f2Q4M0006wJ4tDZ8oDJGu',$,'NOTCH','PL17*51',$,#3491,#3493,'(?)',.HOLE.);
#3495= IFCLOCALPLACEMENT(#3290,#2046);
#3496= IFCSHAPEREPRESENTATION(#55,'Body','Tessellation',(#2049));
#3497= IFCSHAPEREPRESENTATION(#212,'Axis','Curve3D',(#2052));
#3498= IFCSHAPEREPRESENTATION(#58,'CoG','Point',(#2054));
#3499= IFCPRODUCTDEFINITIONSHAPE($,$,(#3496,#3497,#3498));
#3500= IFCBEAM('1f2Q4M0006$Z4tDZ8oDJGu',$,'BEAM','UNP80',$,#3495,#3499,'S275JR',.NOTDEFINED.);
#3501= IFCLOCALPLACEMENT(#3495,#2067);
#3502= IFCSHAPEREPRESENTATION(#1143,'Reference','SolidModel',(#1883));
#3503= IFCPRODUCTDEFINITIONSHAPE($,$,(#3502));
#3504= IFCVOIDINGFEATURE('1f2Q4M000DW34tDZ8oDJGu',$,'NOTCH','PL17*51',$,#3501,#3503,'(?)',.HOLE.);
#3505= IFCLOCALPLACEMENT(#3495,#2073);
#3506= IFCSHAPEREPRESENTATION(#1143,'Reference','SolidModel',(#1883));
#3507= IFCPRODUCTDEFINITIONSHAPE($,$,(#3506));
#3508= IFCVOIDINGFEATURE('1f2Q4M000DWp4tDZ8oDJGu',$,'NOTCH','PL17*51',$,#3505,#3507,'(?)',.HOLE.);
#3509= IFCCARTESIANPOINT((-6.54385,790.,-1186.00409));
#3510= IFCAXIS2PLACEMENT3D(#3509,#25,#24);
#3511= IFCLOCALPLACEMENT(#3290,#3510);
#3512= IFCSHAPEREPRESENTATION(#55,'Body','SolidModel',(#1936));
#3513= IFCSHAPEREPRESENTATION(#58,'CoG','Point',(#1938));
#3514= IFCPRODUCTDEFINITIONSHAPE($,$,(#3512,#3513));
#3515= IFCPLATE('1f2Q4M0007EJ4tDZ8oDJGu',$,'PLATE','PL8',$,#3511,#3514,'S235JR',.NOTDEFINED.);
#3516= IFCRELAGGREGATES('2mB8fJ3iHDL9LrMR7v_icB',$,$,$,#3291,(#3300,#3307,#3314,#3319,#3324,#3329,#3334,#3339,#3352,#3369,#3374,#3379,#3384,#3389,#3394,#3399,#3404,#3410,#3418,#3429,#3444,#3453,#3474,#3486,#3500,#3515));
#3517= IFCCARTESIANPOINT((24272.50409,-1304.94218,9490.));
#3518= IFCAXIS2PLACEMENT3D(#3517,#39,#40);
#3519= IFCLOCALPLACEMENT(#36,#3518);
#3520= IFCELEMENTASSEMBLY('1f2Q4M000Be34tDZ8oDJGu',$,'RAILING',$,$,#3519,$,$,$,.NOTDEFINED.);
#3521= IFCLOCALPLACEMENT(#3519,#2211);
#3522= IFCSHAPEREPRESENTATION(#55,'Body','Tessellation',(#2240));
#3523= IFCSHAPEREPRESENTATION(#212,'Axis','Curve3D',(#2243));
#3524= IFCSHAPEREPRESENTATION(#58,'CoG','Point',(#2245));
#3525= IFCPRODUCTDEFINITIONSHAPE($,$,(#3522,#3523,#3524));
#3526= IFCCOLUMN('1f2Q4M000Bdp4tDZ8oDJGu',$,'STANCHION','PD50*5',$,#3521,#3525,'S235JR',.NOTDEFINED.);
#3527= IFCLOCALPLACEMENT(#3519,#2260);
#3528= IFCSHAPEREPRESENTATION(#55,'Body','Tessellation',(#2240));
#3529= IFCSHAPEREPRESENTATION(#212,'Axis','Curve3D',(#2243));
#3530= IFCSHAPEREPRESENTATION(#58,'CoG','Point',(#2245));
#3531= IFCPRODUCTDEFINITIONSHAPE($,$,(#3528,#3529,#3530));
#3532= IFCCOLUMN('1f2Q4M000Bi34tDZ8oDJGu',$,'STANCHION','PD50*5',$,#3527,#3531,'S235JR',.NOTDEFINED.);
#3533= IFCLOCALPLACEMENT(#3519,#2268);
#3534= IFCSHAPEREPRESENTATION(#55,'Body','SolidModel',(#2275));
#3535= IFCSHAPEREPRESENTATION(#212,'Axis','Curve3D',(#2278));
#3536= IFCSHAPEREPRESENTATION(#58,'CoG','Point',(#2280));
#3537= IFCPRODUCTDEFINITIONSHAPE($,$,(#3534,#3535,#3536));
#3538= IFCBEAM('1f2Q4M000Bj34tDZ8oDJGu',$,'RAILING','PD50*5',$,#3533,#3537,'S235JR',.NOTDEFINED.);
#3539= IFCLOCALPLACEMENT(#3519,#26);
#3540= IFCSHAPEREPRESENTATION(#55,'Body','SolidModel',(#2295));
#3541= IFCSHAPEREPRESENTATION(#212,'Axis','Curve3D',(#2298));
#3542= IFCSHAPEREPRESENTATION(#58,'CoG','Point',(#2300));
#3543= IFCPRODUCTDEFINITIONSHAPE($,$,(#3540,#3541,#3542));
#3544= IFCBEAM('1f2Q4M000Bjp4tDZ8oDJGu',$,'RAILING','PD50*5',$,#3539,#3543,'S235JR',.NOTDEFINED.);
#3545= IFCLOCALPLACEMENT(#3519,#2314);
#3546= IFCSHAPEREPRESENTATION(#55,'Body','Tessellation',(#2760));
#3547= IFCSHAPEREPRESENTATION(#212,'Axis','Curve3D',(#2763));
#3548= IFCSHAPEREPRESENTATION(#58,'CoG','Point',(#2765));
#3549= IFCPRODUCTDEFINITIONSHAPE($,$,(#3546,#3547,#3548));
#3550= IFCCOLUMN('1f2Q4M000BkZ4tDZ8oDJGu',$,'RAIL_BEND','PD50*5',$,#3545,#3549,'S235JR',.NOTDEFINED.);
#3551= IFCLOCALPLACEMENT(#3519,#2778);
#3552= IFCSHAPEREPRESENTATION(#55,'Body','SolidModel',(#2786));
#3553= IFCSHAPEREPRESENTATION(#58,'CoG','Point',(#2788));
#3554= IFCPRODUCTDEFINITIONSHAPE($,$,(#3552,#3553));
#3555= IFCPLATE('1f2Q4M000BnZ4tDZ8oDJGu',$,'KICK_PLATE','PL10',$,#3551,#3554,'S235JR',.NOTDEFINED.);
#3556= IFCLOCALPLACEMENT(#3519,#2801);
#3557= IFCSHAPEREPRESENTATION(#55,'Body','SolidModel',(#2803));
#3558= IFCSHAPEREPRESENTATION(#212,'Axis','Curve3D',(#2806));
#3559= IFCSHAPEREPRESENTATION(#58,'CoG','Point',(#2808));
#3560= IFCPRODUCTDEFINITIONSHAPE($,$,(#3557,#3558,#3559));
#3561= IFCBEAM('1f2Q4M000BoJ4tDZ8oDJGu',$,'RAILING','PD50*5',$,#3556,#3560,'S235JR',.NOTDEFINED.);
#3562= IFCLOCALPLACEMENT(#3519,#2820);
#3563= IFCSHAPEREPRESENTATION(#55,'Body','SolidModel',(#2822));
#3564= IFCSHAPEREPRESENTATION(#212,'Axis','Curve3D',(#2825));
#3565= IFCSHAPEREPRESENTATION(#58,'CoG','Point',(#2827));
#3566= IFCPRODUCTDEFINITIONSHAPE($,$,(#3563,#3564,#3565));
#3567= IFCBEAM('1f2Q4M000Bp34tDZ8oDJGu',$,'RAILING','PD50*5',$,#3562,#3566,'S235JR',.NOTDEFINED.);
#3568= IFCLOCALPLACEMENT(#3519,#2841);
#3569= IFCSHAPEREPRESENTATION(#55,'Body','SolidModel',(#2846));
#3570= IFCSHAPEREPRESENTATION(#58,'CoG','Point',(#2848));
#3571= IFCPRODUCTDEFINITIONSHAPE($,$,(#3569,#3570));
#3572= IFCPLATE('1f2Q4M000Bpp4tDZ8oDJGu',$,'KICK_PLATE','PL10',$,#3568,#3571,'S235JR',.NOTDEFINED.);
#3573= IFCLOCALPLACEMENT(#3519,#2861);
#3574= IFCSHAPEREPRESENTATION(#55,'Body','Tessellation',(#2240));
#3575= IFCSHAPEREPRESENTATION(#212,'Axis','Curve3D',(#2243));
#3576= IFCSHAPEREPRESENTATION(#58,'CoG','Point',(#2245));
#3577= IFCPRODUCTDEFINITIONSHAPE($,$,(#3574,#3575,#3576));
#3578= IFCCOLUMN('1f2Q4M000BqZ4tDZ8oDJGu',$,'STANCHION','PD50*5',$,#3573,#3577,'S235JR',.NOTDEFINED.);
#3579= IFCLOCALPLACEMENT(#3519,#2869);
#3580= IFCSHAPEREPRESENTATION(#55,'Body','Tessellation',(#2872));
#3581= IFCSHAPEREPRESENTATION(#212,'Axis','Curve3D',(#2763));
#3582= IFCSHAPEREPRESENTATION(#58,'CoG','Point',(#2875));
#3583= IFCPRODUCTDEFINITIONSHAPE($,$,(#3580,#3581,#3582));
#3584= IFCCOLUMN('1f2Q4M000BrZ4tDZ8oDJGu',$,'RAIL_BEND','PD50*5',$,#3579,#3583,'S235JR',.NOTDEFINED.);
#3585= IFCLOCALPLACEMENT(#3519,#2888);
#3586= IFCSHAPEREPRESENTATION(#55,'Body','SolidModel',(#2892));
#3587= IFCSHAPEREPRESENTATION(#58,'CoG','Point',(#2894));
#3588= IFCPRODUCTDEFINITIONSHAPE($,$,(#3586,#3587));
#3589= IFCBEAM('1f2Q4M000BuZ4tDZ8oDJGu',$,'RAILING','PD50*5',$,#3585,#3588,'S235JR',.NOTDEFINED.);
#3590= IFCLOCALPLACEMENT(#3519,#2906);
#3591= IFCSHAPEREPRESENTATION(#55,'Body','SolidModel',(#2892));
#3592= IFCSHAPEREPRESENTATION(#58,'CoG','Point',(#2894));
#3593= IFCPRODUCTDEFINITIONSHAPE($,$,(#3591,#3592));
#3594= IFCBEAM('1f2Q4M000BvJ4tDZ8oDJGu',$,'RAILING','PD50*5',$,#3590,#3593,'S235JR',.NOTDEFINED.);
#3595= IFCRELAGGREGATES('1CMZlZp9z09vlH0EOJJU1i',$,$,$,#3520,(#3526,#3532,#3538,#3544,#3550,#3555,#3561,#3567,#3572,#3578,#3584,#3589,#3594));
#3596= IFCCARTESIANPOINT((24272.50409,95.05782,11640.));
#3597= IFCAXIS2PLACEMENT3D(#3596,#24,#85);
#3598= IFCLOCALPLACEMENT(#36,#3597);
#3599= IFCELEMENTASSEMBLY('1f2Q4M000B$p4tDZ8oDJGu',$,'BEAM',$,$,#3598,$,$,$,.NOTDEFINED.);
#3600= IFCCARTESIANPOINT((6.5,637.98556,-935.60617));
#3601= IFCAXIS2PLACEMENT3D(#3600,#3294,#3293);
#3602= IFCLOCALPLACEMENT(#3598,#3601);
#3603= IFCSHAPEREPRESENTATION(#55,'Body','SolidModel',(#1642));
#3604= IFCSHAPEREPRESENTATION(#58,'CoG','Point',(#1644));
#3605= IFCPRODUCTDEFINITIONSHAPE($,$,(#3603,#3604));
#3606= IFCPLATE('1f90zT0005Cp4tDZCvDpap',$,'PLATE','PL8',$,#3602,#3605,'S235JR',.NOTDEFINED.);
#3607= IFCCARTESIANPOINT((6.5,402.62814,-615.87399));
#3608= IFCAXIS2PLACEMENT3D(#3607,#3294,#3293);
#3609= IFCLOCALPLACEMENT(#3598,#3608);
#3610= IFCSHAPEREPRESENTATION(#55,'Body','SolidModel',(#1642));
#3611= IFCSHAPEREPRESENTATION(#58,'CoG','Point',(#1644));
#3612= IFCPRODUCTDEFINITIONSHAPE($,$,(#3610,#3611));
#3613= IFCPLATE('1f90zT0005734tDZCvDpap',$,'PLATE','PL8',$,#3609,#3612,'S235JR',.NOTDEFINED.);
#3614= IFCCARTESIANPOINT((6.5,167.27073,-296.14182));
#3615= IFCAXIS2PLACEMENT3D(#3614,#3294,#3293);
#3616= IFCLOCALPLACEMENT(#3598,#3615);
#3617= IFCSHAPEREPRESENTATION(#55,'Body','SolidModel',(#1642));
#3618= IFCSHAPEREPRESENTATION(#58,'CoG','Point',(#1644));
#3619= IFCPRODUCTDEFINITIONSHAPE($,$,(#3617,#3618));
#3620= IFCPLATE('1f90zT00051J4tDZCvDpap',$,'PLATE','PL8',$,#3616,#3619,'S235JR',.NOTDEFINED.);
#3621= IFCCARTESIANPOINT((1903.5,728.25812,-866.81642));
#3622= IFCAXIS2PLACEMENT3D(#3621,#1636,#1714);
#3623= IFCLOCALPLACEMENT(#3598,#3622);
#3624= IFCSHAPEREPRESENTATION(#55,'Body','SolidModel',(#951));
#3625= IFCSHAPEREPRESENTATION(#58,'CoG','Point',(#953));
#3626= IFCPRODUCTDEFINITIONSHAPE($,$,(#3624,#3625));
#3627= IFCPLATE('1f90zT0004wJ4tDZCvDpap',$,'PLATE','PL8',$,#3623,#3626,'S235JR',.NOTDEFINED.);
#3628= IFCCARTESIANPOINT((1903.5,461.07347,-569.30644));
#3629= IFCAXIS2PLACEMENT3D(#3628,#1636,#1714);
#3630= IFCLOCALPLACEMENT(#3598,#3629);
#3631= IFCSHAPEREPRESENTATION(#55,'Body','SolidModel',(#951));
#3632= IFCSHAPEREPRESENTATION(#58,'CoG','Point',(#953));
#3633= IFCPRODUCTDEFINITIONSHAPE($,$,(#3631,#3632));
#3634= IFCPLATE('1f90zT0004qZ4tDZCvDpap',$,'PLATE','PL8',$,#3630,#3633,'S235JR',.NOTDEFINED.);
#3635= IFCCARTESIANPOINT((1903.5,193.88882,-271.79646));
#3636= IFCAXIS2PLACEMENT3D(#3635,#1636,#1714);
#3637= IFCLOCALPLACEMENT(#3598,#3636);
#3638= IFCSHAPEREPRESENTATION(#55,'Body','SolidModel',(#951));
#3639= IFCSHAPEREPRESENTATION(#58,'CoG','Point',(#953));
#3640= IFCPRODUCTDEFINITIONSHAPE($,$,(#3638,#3639));
#3641= IFCPLATE('1f90zT0004kp4tDZCvDpap',$,'PLATE','PL8',$,#3637,#3640,'S235JR',.NOTDEFINED.);
#3642= IFCCARTESIANPOINT((-10.77202,55.,-162.5));
#3643= IFCAXIS2PLACEMENT3D(#3642,#40,#25);
#3644= IFCLOCALPLACEMENT(#3598,#3643);
#3645= IFCSHAPEREPRESENTATION(#55,'Body','SolidModel',(#1668));
#3646= IFCSHAPEREPRESENTATION(#58,'CoG','Point',(#1670));
#3647= IFCPRODUCTDEFINITIONSHAPE($,$,(#3645,#3646));
#3648= IFCPLATE('1f90zT0004jZ4tDZCvDpap',$,'PLATE','PL10',$,#3644,#3647,'S235JR',.NOTDEFINED.);
#3649= IFCCARTESIANPOINT((1960.77202,55.,-162.5));
#3650= IFCAXIS2PLACEMENT3D(#3649,#85,#25);
#3651= IFCLOCALPLACEMENT(#3598,#3650);
#3652= IFCSHAPEREPRESENTATION(#55,'Body','SolidModel',(#1668));
#3653= IFCSHAPEREPRESENTATION(#58,'CoG','Point',(#1670));
#3654= IFCPRODUCTDEFINITIONSHAPE($,$,(#3652,#3653));
#3655= IFCPLATE('1f90zT0004ip4tDZCvDpap',$,'PLATE','PL10',$,#3651,#3654,'S235JR',.NOTDEFINED.);
#3656= IFCCARTESIANPOINT((27.5,826.50474,-1118.86995));
#3657= IFCAXIS2PLACEMENT3D(#3656,#39,#3294);
#3658= IFCLOCALPLACEMENT(#3598,#3657);
#3659= IFCSHAPEREPRESENTATION(#55,'Body','Tessellation',(#3344));
#3660= IFCSHAPEREPRESENTATION(#212,'Axis','Curve3D',(#3347));
#3661= IFCSHAPEREPRESENTATION(#58,'CoG','Point',(#3349));
#3662= IFCPRODUCTDEFINITIONSHAPE($,$,(#3659,#3660,#3661));
#3663= IFCMEMBER('1f90zT0004gp4tDZCvDpap',$,'BEAM','UNP100',$,#3658,#3662,'S275JR',.NOTDEFINED.);
#3664= IFCCARTESIANPOINT((1922.5,0.,3.93365));
#3665= IFCAXIS2PLACEMENT3D(#3664,#24,#1951);
#3666= IFCLOCALPLACEMENT(#3598,#3665);
#3667= IFCSHAPEREPRESENTATION(#55,'Body','Tessellation',(#1955));
#3668= IFCSHAPEREPRESENTATION(#212,'Axis','Curve3D',(#1689));
#3669= IFCSHAPEREPRESENTATION(#58,'CoG','Point',(#1958));
#3670= IFCPRODUCTDEFINITIONSHAPE($,$,(#3667,#3668,#3669));
#3671= IFCMEMBER('1f90zT0004ep4tDZCvDpap',$,'BEAM','UNP100',$,#3666,#3670,'S275JR',.NOTDEFINED.);
#3672= IFCCARTESIANPOINT((46.5,39.98,-448.57618));
#3673= IFCAXIS2PLACEMENT3D(#3672,#25,#1805);
#3674= IFCLOCALPLACEMENT(#3598,#3673);
#3675= IFCSHAPEREPRESENTATION(#55,'Body','SolidModel',(#951));
#3676= IFCSHAPEREPRESENTATION(#58,'CoG','Point',(#953));
#3677= IFCPRODUCTDEFINITIONSHAPE($,$,(#3675,#3676));
#3678= IFCPLATE('1f3PlH000KgZ4tDZ8rCJ0n',$,'PLATE','PL8',$,#3674,#3677,'S235JR',.NOTDEFINED.);
#3679= IFCCARTESIANPOINT((46.5,39.98,-862.5));
#3680= IFCAXIS2PLACEMENT3D(#3679,#25,#1805);
#3681= IFCLOCALPLACEMENT(#3598,#3680);
#3682= IFCSHAPEREPRESENTATION(#55,'Body','SolidModel',(#951));
#3683= IFCSHAPEREPRESENTATION(#58,'CoG','Point',(#953));
#3684= IFCPRODUCTDEFINITIONSHAPE($,$,(#3682,#3683));
#3685= IFCPLATE('1f2Q4M000DlJ4tDZ8oDJGu',$,'PLATE','PL8',$,#3681,#3684,'S235JR',.NOTDEFINED.);
#3686= IFCCARTESIANPOINT((1943.5,43.18,-862.5));
#3687= IFCAXIS2PLACEMENT3D(#3686,#25,#1783);
#3688= IFCLOCALPLACEMENT(#3598,#3687);
#3689= IFCSHAPEREPRESENTATION(#55,'Body','SolidModel',(#1642));
#3690= IFCSHAPEREPRESENTATION(#58,'CoG','Point',(#1644));
#3691= IFCPRODUCTDEFINITIONSHAPE($,$,(#3689,#3690));
#3692= IFCPLATE('1f2Q4M000DjJ4tDZ8oDJGu',$,'PLATE','PL8',$,#3688,#3691,'S235JR',.NOTDEFINED.);
#3693= IFCCARTESIANPOINT((1120.,-39.98,-19.));
#3694= IFCAXIS2PLACEMENT3D(#3693,#39,#945);
#3695= IFCLOCALPLACEMENT(#3598,#3694);
#3696= IFCSHAPEREPRESENTATION(#55,'Body','SolidModel',(#951));
#3697= IFCSHAPEREPRESENTATION(#58,'CoG','Point',(#953));
#3698= IFCPRODUCTDEFINITIONSHAPE($,$,(#3696,#3697));
#3699= IFCPLATE('1f2Q4M000D834tDZ8oDJGu',$,'PLATE','PL8',$,#3695,#3698,'S235JR',.NOTDEFINED.);
#3700= IFCCARTESIANPOINT((600.,-39.98,-19.));
#3701= IFCAXIS2PLACEMENT3D(#3700,#39,#945);
#3702= IFCLOCALPLACEMENT(#3598,#3701);
#3703= IFCSHAPEREPRESENTATION(#55,'Body','SolidModel',(#951));
#3704= IFCSHAPEREPRESENTATION(#58,'CoG','Point',(#953));
#3705= IFCPRODUCTDEFINITIONSHAPE($,$,(#3703,#3704));
#3706= IFCPLATE('1f2Q4M000D634tDZ8oDJGu',$,'PLATE','PL8',$,#3702,#3705,'S235JR',.NOTDEFINED.);
#3707= IFCLOCALPLACEMENT(#3598,#1841);
#3708= IFCSHAPEREPRESENTATION(#55,'Body','SolidModel',(#951));
#3709= IFCSHAPEREPRESENTATION(#58,'CoG','Point',(#953));
#3710= IFCPRODUCTDEFINITIONSHAPE($,$,(#3708,#3709));
#3711= IFCPLATE('1f2Q4M000D434tDZ8oDJGu',$,'PLATE','PL8',$,#3707,#3710,'S235JR',.NOTDEFINED.);
#3712= IFCCARTESIANPOINT((1895.,-39.98,-19.));
#3713= IFCAXIS2PLACEMENT3D(#3712,#39,#945);
#3714= IFCLOCALPLACEMENT(#3598,#3713);
#3715= IFCSHAPEREPRESENTATION(#55,'Body','SolidModel',(#951));
#3716= IFCSHAPEREPRESENTATION(#58,'CoG','Point',(#953));
#3717= IFCPRODUCTDEFINITIONSHAPE($,$,(#3715,#3716));
#3718= IFCPLATE('1f2Q4M000D234tDZ8oDJGu',$,'PLATE','PL8',$,#3714,#3717,'S235JR',.NOTDEFINED.);
#3719= IFCCARTESIANPOINT((-9.75018,790.,-1186.00409));
#3720= IFCAXIS2PLACEMENT3D(#3719,#25,#24);
#3721= IFCLOCALPLACEMENT(#3598,#3720);
#3722= IFCSHAPEREPRESENTATION(#55,'Body','SolidModel',(#1936));
#3723= IFCSHAPEREPRESENTATION(#58,'CoG','Point',(#1938));
#3724= IFCPRODUCTDEFINITIONSHAPE($,$,(#3722,#3723));
#3725= IFCPLATE('1f2Q4M000CrJ4tDZ8oDJGu',$,'PLATE','PL8',$,#3721,#3724,'S235JR',.NOTDEFINED.);
#3726= IFCCARTESIANPOINT((27.5,0.,-47.5));
#3727= IFCAXIS2PLACEMENT3D(#3726,#39,#50);
#3728= IFCLOCALPLACEMENT(#3598,#3727);
#3729= IFCSHAPEREPRESENTATION(#55,'Body','Tessellation',(#2082));
#3730= IFCCARTESIANPOINTLIST3D(((0.,0.,0.),(1171.8,0.,0.)));
#3731= IFCINDEXEDPOLYCURVE(#3730,(IFCLINEINDEX((1,2))),$);
#3732= IFCSHAPEREPRESENTATION(#212,'Axis','Curve3D',(#3731));
#3733= IFCSHAPEREPRESENTATION(#58,'CoG','Point',(#2087));
#3734= IFCPRODUCTDEFINITIONSHAPE($,$,(#3729,#3732,#3733));
#3735= IFCBEAM('1f2Q4M000C1p4tDZ8oDJGu',$,'BEAM','UNP100',$,#3728,#3734,'S275JR',.NOTDEFINED.);
#3736= IFCPROPERTYSINGLEVALUE('ASSEMBLY_POS',$,IFCLABEL('PT/4'),$);
#3737= IFCPROPERTYSET('36JEcM3wb5YwYdFe8koLs7',$,'BEAM',$,(#3736));
#3738= IFCLOCALPLACEMENT(#3728,#2092);
#3739= IFCSHAPEREPRESENTATION(#1143,'Reference','SolidModel',(#2024));
#3740= IFCPRODUCTDEFINITIONSHAPE($,$,(#3739));
#3741= IFCVOIDINGFEATURE('1fALSx0001P34tDZGpCJSn',$,'NOTCH','PL29*108.8',$,#3738,#3740,'(?)',.HOLE.);
#3742= IFCLOCALPLACEMENT(#3598,#26);
#3743= IFCEXTRUDEDAREASOLID(#1331,#204,#50,1950.);
#3744= IFCSHAPEREPRESENTATION(#55,'Body','SolidModel',(#3743));
#3745= IFCCARTESIANPOINTLIST3D(((0.,0.,0.),(1950.,0.,0.)));
#3746= IFCINDEXEDPOLYCURVE(#3745,(IFCLINEINDEX((1,2))),$);
#3747= IFCSHAPEREPRESENTATION(#212,'Axis','Curve3D',(#3746));
#3748= IFCCARTESIANPOINT((975.,0.,-9.1607));
#3749= IFCSHAPEREPRESENTATION(#58,'CoG','Point',(#3748));
#3750= IFCPRODUCTDEFINITIONSHAPE($,$,(#3744,#3747,#3749));
#3751= IFCBEAM('1f2Q4M000B$Z4tDZ8oDJGu',$,'BEAM','UNP100',$,#3742,#3750,'S275JR',.NOTDEFINED.);
#3752= IFCPROPERTYSINGLEVALUE('Length',$,IFCLENGTHMEASURE(1950.),$);
#3753= IFCPROPERTYSINGLEVALUE('OuterSurfaceArea',$,IFCAREAMEASURE(0.7254),$);
#3754= IFCPROPERTYSINGLEVALUE('GrossSurfaceArea',$,IFCAREAMEASURE(0.7254),$);
#3755= IFCPROPERTYSINGLEVALUE('NetSurfaceArea',$,IFCAREAMEASURE(0.74607),$);
#3756= IFCPROPERTYSINGLEVALUE('GrossVolume',$,IFCVOLUMEMEASURE(0.00263),$);
#3757= IFCPROPERTYSINGLEVALUE('NetVolume',$,IFCVOLUMEMEASURE(0.00259),$);
#3758= IFCPROPERTYSINGLEVALUE('GrossWeight',$,IFCMASSMEASURE(20.66513),$);
#3759= IFCPROPERTYSINGLEVALUE('NetWeight',$,IFCMASSMEASURE(20.31122),$);
#3760= IFCPROPERTYSET('1RJYpNvAb1LgN6Ak$bEZro',$,'Qto_BeamBaseQuantities','Base quantities that are common to the definition of all occurrences of beams.',(#3752,#987,#3753,#3754,#3755,#3756,#3757,#3758,#3759));
#3761= IFCCARTESIANPOINT((1922.5,0.,-1217.5));
#3762= IFCAXIS2PLACEMENT3D(#3761,#24,#25);
#3763= IFCLOCALPLACEMENT(#3598,#3762);
#3764= IFCSHAPEREPRESENTATION(#55,'Body','Tessellation',(#2003));
#3765= IFCSHAPEREPRESENTATION(#212,'Axis','Curve3D',(#2006));
#3766= IFCSHAPEREPRESENTATION(#58,'CoG','Point',(#2008));
#3767= IFCPRODUCTDEFINITIONSHAPE($,$,(#3764,#3765,#3766));
#3768= IFCBEAM('1f2Q4M0006np4tDZ8oDJGu',$,'BEAM','UNP100',$,#3763,#3767,'S275JR',.NOTDEFINED.);
#3769= IFCLOCALPLACEMENT(#3763,#2022);
#3770= IFCSHAPEREPRESENTATION(#1143,'Reference','SolidModel',(#2024));
#3771= IFCPRODUCTDEFINITIONSHAPE($,$,(#3770));
#3772= IFCVOIDINGFEATURE('1f2Q4M0006lJ4tDZ8oDJGu',$,'NOTCH','PL29*108.8',$,#3769,#3771,'(?)',.HOLE.);
#3773= IFCCARTESIANPOINT((370.,-9.99979,-473.57618));
#3774= IFCAXIS2PLACEMENT3D(#3773,#50,#24);
#3775= IFCLOCALPLACEMENT(#3598,#3774);
#3776= IFCCARTESIANPOINTLIST3D(((171.72798,-30.68,-16.5),(171.72798,-33.8,22.5),(171.72798,-40.,22.5),(171.72798,-40.,-22.5),(171.72798,-23.99989,-22.5),(171.72798,-23.99989,-16.5),(220.72798,-23.99989,-16.5),(220.72798,-23.99989,-22.5),(-317.5,40.,22.5),(-317.5,33.8,22.5),(171.72798,33.8,22.5),(171.72798,40.,22.5),(-317.5,40.,-22.5),(171.72798,40.,-22.5),(-317.5,-40.,22.5),(-317.5,-33.8,22.5),(-317.5,-30.68,-16.5),(-317.5,30.68,-16.5),(-317.5,-40.,-22.5),(171.72798,30.68,-16.5),(171.72798,24.,-16.5),(171.72798,24.,-22.5),(220.72798,24.,-16.5),(220.72798,24.,-22.5)));
#3777= IFCPOLYGONALFACESET(#3776,.T.,(#1307,#1851,#1555,#1852,#1853,#1854,#1855,#153,#1856,#1857,#1858,#1859,#1860,#1861),$);
#3778= IFCSHAPEREPRESENTATION(#55,'Body','Tessellation',(#3777));
#3779= IFCSHAPEREPRESENTATION(#212,'Axis','Curve3D',(#2052));
#3780= IFCCARTESIANPOINT((-65.91848,0.,-7.98614));
#3781= IFCSHAPEREPRESENTATION(#58,'CoG','Point',(#3780));
#3782= IFCPRODUCTDEFINITIONSHAPE($,$,(#3778,#3779,#3781));
#3783= IFCBEAM('1f2Q4M0006tZ4tDZ8oDJGu',$,'BEAM','UNP80',$,#3775,#3782,'S275JR',.NOTDEFINED.);
#3784= IFCPROPERTYSINGLEVALUE('Length',$,IFCLENGTHMEASURE(538.22798),$);
#3785= IFCPROPERTYSINGLEVALUE('OuterSurfaceArea',$,IFCAREAMEASURE(0.16793),$);
#3786= IFCPROPERTYSINGLEVALUE('GrossSurfaceArea',$,IFCAREAMEASURE(0.16793),$);
#3787= IFCPROPERTYSINGLEVALUE('NetSurfaceArea',$,IFCAREAMEASURE(0.165),$);
#3788= IFCPROPERTYSINGLEVALUE('GrossVolume',$,IFCVOLUMEMEASURE(0.00059),$);
#3789= IFCPROPERTYSINGLEVALUE('NetVolume',$,IFCVOLUMEMEASURE(0.00055),$);
#3790= IFCPROPERTYSINGLEVALUE('GrossWeight',$,IFCMASSMEASURE(4.6476),$);
#3791= IFCPROPERTYSINGLEVALUE('NetWeight',$,IFCMASSMEASURE(4.27873),$);
#3792= IFCPROPERTYSET('2S8qWH8FHDe8oiqpxo2MUc',$,'Qto_BeamBaseQuantities','Base quantities that are common to the definition of all occurrences of beams.',(#3784,#275,#3785,#3786,#3787,#3788,#3789,#3790,#3791));
#3793= IFCCARTESIANPOINT((197.22798,32.5,23.5));
#3794= IFCAXIS2PLACEMENT3D(#3793,#85,#50);
#3795= IFCLOCALPLACEMENT(#3775,#3794);
#3796= IFCSHAPEREPRESENTATION(#1143,'Reference','SolidModel',(#1883));
#3797= IFCPRODUCTDEFINITIONSHAPE($,$,(#3796));
#3798= IFCVOIDINGFEATURE('1f2Q4M0006pp4tDZ8oDJGu',$,'NOTCH','PL17*51',$,#3795,#3797,'(?)',.HOLE.);
#3799= IFCCARTESIANPOINT((197.22798,-32.49989,23.5));
#3800= IFCAXIS2PLACEMENT3D(#3799,#85,#50);
#3801= IFCLOCALPLACEMENT(#3775,#3800);
#3802= IFCSHAPEREPRESENTATION(#1143,'Reference','SolidModel',(#1883));
#3803= IFCPRODUCTDEFINITIONSHAPE($,$,(#3802));
#3804= IFCVOIDINGFEATURE('1f2Q4M0006p34tDZ8oDJGu',$,'NOTCH','PL17*51',$,#3801,#3803,'(?)',.HOLE.);
#3805= IFCCARTESIANPOINT((750.,-9.99979,-473.57618));
#3806= IFCAXIS2PLACEMENT3D(#3805,#50,#24);
#3807= IFCLOCALPLACEMENT(#3598,#3806);
#3808= IFCCARTESIANPOINTLIST3D(((311.72798,-30.68,-16.5),(311.72798,-33.8,22.5),(311.72798,-40.,22.5),(311.72798,-40.,-22.5),(311.72798,-23.99989,-22.5),(311.72798,-23.99989,-16.5),(360.72798,-23.99989,-16.5),(360.72798,-23.99989,-22.5),(-153.27202,40.,22.5),(-153.27202,33.8,22.5),(311.72798,33.8,22.5),(311.72798,40.,22.5),(-153.27202,40.,-22.5),(311.72798,40.,-22.5),(-153.27202,-40.,22.5),(-153.27202,-33.8,22.5),(-153.27202,-30.68,-16.5),(-153.27202,30.68,-16.5),(-153.27202,-40.,-22.5),(311.72798,30.68,-16.5),(311.72798,24.,-16.5),(311.72798,24.,-22.5),(360.72798,24.,-16.5),(360.72798,24.,-22.5)));
#3809= IFCPOLYGONALFACESET(#3808,.T.,(#1307,#1851,#1555,#1852,#1853,#1854,#1855,#153,#1856,#1857,#1858,#1859,#1860,#1861),$);
#3810= IFCSHAPEREPRESENTATION(#55,'Body','Tessellation',(#3809));
#3811= IFCSHAPEREPRESENTATION(#212,'Axis','Curve3D',(#2052));
#3812= IFCCARTESIANPOINT((86.21913,0.,-8.00165));
#3813= IFCSHAPEREPRESENTATION(#58,'CoG','Point',(#3812));
#3814= IFCPRODUCTDEFINITIONSHAPE($,$,(#3810,#3811,#3813));
#3815= IFCBEAM('1f2Q4M0006uZ4tDZ8oDJGu',$,'BEAM','UNP80',$,#3807,#3814,'S275JR',.NOTDEFINED.);
#3816= IFCPROPERTYSINGLEVALUE('Length',$,IFCLENGTHMEASURE(514.),$);
#3817= IFCPROPERTYSINGLEVALUE('OuterSurfaceArea',$,IFCAREAMEASURE(0.16037),$);
#3818= IFCPROPERTYSINGLEVALUE('GrossSurfaceArea',$,IFCAREAMEASURE(0.16037),$);
#3819= IFCPROPERTYSINGLEVALUE('NetSurfaceArea',$,IFCAREAMEASURE(0.1572),$);
#3820= IFCPROPERTYSINGLEVALUE('GrossVolume',$,IFCVOLUMEMEASURE(0.00057),$);
#3821= IFCPROPERTYSINGLEVALUE('GrossWeight',$,IFCMASSMEASURE(4.43839),$);
#3822= IFCPROPERTYSINGLEVALUE('NetWeight',$,IFCMASSMEASURE(4.07232),$);
#3823= IFCPROPERTYSET('3OqFigjiLBWPmSA7IUBca8',$,'Qto_BeamBaseQuantities','Base quantities that are common to the definition of all occurrences of beams.',(#3816,#275,#3817,#3818,#3819,#3820,#656,#3821,#3822));
#3824= IFCLOCALPLACEMENT(#3807,#2067);
#3825= IFCSHAPEREPRESENTATION(#1143,'Reference','SolidModel',(#1883));
#3826= IFCPRODUCTDEFINITIONSHAPE($,$,(#3825));
#3827= IFCVOIDINGFEATURE('1f2Q4M000Ds34tDZ8oDJGu',$,'NOTCH','PL17*51',$,#3824,#3826,'(?)',.HOLE.);
#3828= IFCLOCALPLACEMENT(#3807,#2073);
#3829= IFCSHAPEREPRESENTATION(#1143,'Reference','SolidModel',(#1883));
#3830= IFCPRODUCTDEFINITIONSHAPE($,$,(#3829));
#3831= IFCVOIDINGFEATURE('1f2Q4M000Dsp4tDZ8oDJGu',$,'NOTCH','PL17*51',$,#3828,#3830,'(?)',.HOLE.);
#3832= IFCCARTESIANPOINT((574.22798,-10.,-47.5));
#3833= IFCAXIS2PLACEMENT3D(#3832,#39,#50);
#3834= IFCLOCALPLACEMENT(#3598,#3833);
#3835= IFCSHAPEREPRESENTATION(#55,'Body','Tessellation',(#2132));
#3836= IFCSHAPEREPRESENTATION(#212,'Axis','Curve3D',(#2085));
#3837= IFCSHAPEREPRESENTATION(#58,'CoG','Point',(#2135));
#3838= IFCPRODUCTDEFINITIONSHAPE($,$,(#3835,#3836,#3837));
#3839= IFCBEAM('1f2Q4M0006vZ4tDZ8oDJGu',$,'BEAM','UNP80',$,#3834,#3838,'S275JR',.NOTDEFINED.);
#3840= IFCLOCALPLACEMENT(#3834,#2140);
#3841= IFCSHAPEREPRESENTATION(#1143,'Reference','SolidModel',(#2142));
#3842= IFCPRODUCTDEFINITIONSHAPE($,$,(#3841));
#3843= IFCVOIDINGFEATURE('1f2Q4M0006qZ4tDZ8oDJGu',$,'NOTCH','PL29*108.8',$,#3840,#3842,'(?)',.HOLE.);
#3844= IFCCARTESIANPOINT((1094.22798,-10.,-47.5));
#3845= IFCAXIS2PLACEMENT3D(#3844,#39,#50);
#3846= IFCLOCALPLACEMENT(#3598,#3845);
#3847= IFCSHAPEREPRESENTATION(#55,'Body','Tessellation',(#2132));
#3848= IFCSHAPEREPRESENTATION(#212,'Axis','Curve3D',(#2085));
#3849= IFCSHAPEREPRESENTATION(#58,'CoG','Point',(#2135));
#3850= IFCPRODUCTDEFINITIONSHAPE($,$,(#3847,#3848,#3849));
#3851= IFCBEAM('1f2Q4M0006y34tDZ8oDJGu',$,'BEAM','UNP80',$,#3846,#3850,'S275JR',.NOTDEFINED.);
#3852= IFCLOCALPLACEMENT(#3846,#2140);
#3853= IFCSHAPEREPRESENTATION(#1143,'Reference','SolidModel',(#2142));
#3854= IFCPRODUCTDEFINITIONSHAPE($,$,(#3853));
#3855= IFCVOIDINGFEATURE('1f2Q4M000D0Z4tDZ8oDJGu',$,'NOTCH','PL29*108.8',$,#3852,#3854,'(?)',.HOLE.);
#3856= IFCRELAGGREGATES('3onfrPCZ10RPd7NcFjkfwq',$,$,$,#3599,(#3606,#3613,#3620,#3627,#3634,#3641,#3648,#3655,#3663,#3671,#3678,#3685,#3692,#3699,#3706,#3711,#3718,#3725,#3735,#3751,#3768,#3783,#3815,#3839,#3851));
#3857= IFCCARTESIANPOINT((22950.,-1777.50218,5115.));
#3858= IFCAXIS2PLACEMENT3D(#3857,#85,#39);
#3859= IFCLOCALPLACEMENT(#36,#3858);
#3860= IFCELEMENTASSEMBLY('1f2Q4M000CLZ4tDZ8oDJGu',$,'Mevcut',$,$,#3859,$,$,$,.NOTDEFINED.);
#3861= IFCLOCALPLACEMENT(#3859,#26);
#3862= IFCSHAPEREPRESENTATION(#55,'Body','Tessellation',(#1112));
#3863= IFCSHAPEREPRESENTATION(#212,'Axis','Curve3D',(#1115));
#3864= IFCSHAPEREPRESENTATION(#58,'CoG','Point',(#1117));
#3865= IFCPRODUCTDEFINITIONSHAPE($,$,(#3862,#3863,#3864));
#3866= IFCBEAM('1f2Q4M000CLJ4tDZ8oDJGu',$,'Mevcut','IPE100',$,#3861,#3865,'S235JR',.NOTDEFINED.);
#3867= IFCLOCALPLACEMENT(#3861,#1134);
#3868= IFCSHAPEREPRESENTATION(#1143,'Reference','SolidModel',(#1142));
#3869= IFCPRODUCTDEFINITIONSHAPE($,$,(#3868));
#3870= IFCVOIDINGFEATURE('1f2Q4M000CSp4tDZ8oDJGu',$,'NOTCH','PL13.7*37.5',$,#3867,#3869,'(?)',.HOLE.);
#3871= IFCLOCALPLACEMENT(#3861,#1148);
#3872= IFCSHAPEREPRESENTATION(#1143,'Reference','SolidModel',(#1142));
#3873= IFCPRODUCTDEFINITIONSHAPE($,$,(#3872));
#3874= IFCVOIDINGFEATURE('1f2Q4M000CTZ4tDZ8oDJGu',$,'NOTCH','PL13.7*37.5',$,#3871,#3873,'(?)',.HOLE.);
#3875= IFCLOCALPLACEMENT(#3861,#1154);
#3876= IFCSHAPEREPRESENTATION(#1143,'Reference','SolidModel',(#1159));
#3877= IFCPRODUCTDEFINITIONSHAPE($,$,(#3876));
#3878= IFCVOIDINGFEATURE('1f2Q4M000Cc34tDZ8oDJGu',$,'NOTCH','PL29*108.8',$,#3875,#3877,'(?)',.HOLE.);
#3879= IFCRELAGGREGATES('3nHRieo4P6hxb7tEUkrgMM',$,$,$,#3860,(#3866));
#3880= IFCCARTESIANPOINT((22950.,221.72581,5115.));
#3881= IFCAXIS2PLACEMENT3D(#3880,#85,#39);
#3882= IFCLOCALPLACEMENT(#36,#3881);
#3883= IFCELEMENTASSEMBLY('1f2Q4M000CMZ4tDZ8oDJGu',$,'Mevcut',$,$,#3882,$,$,$,.NOTDEFINED.);
#3884= IFCLOCALPLACEMENT(#3882,#26);
#3885= IFCSHAPEREPRESENTATION(#55,'Body','Tessellation',(#1112));
#3886= IFCSHAPEREPRESENTATION(#212,'Axis','Curve3D',(#1115));
#3887= IFCSHAPEREPRESENTATION(#58,'CoG','Point',(#1117));
#3888= IFCPRODUCTDEFINITIONSHAPE($,$,(#3885,#3886,#3887));
#3889= IFCBEAM('1f2Q4M000CMJ4tDZ8oDJGu',$,'Mevcut','IPE100',$,#3884,#3888,'S235JR',.NOTDEFINED.);
#3890= IFCLOCALPLACEMENT(#3884,#1134);
#3891= IFCSHAPEREPRESENTATION(#1143,'Reference','SolidModel',(#1142));
#3892= IFCPRODUCTDEFINITIONSHAPE($,$,(#3891));
#3893= IFCVOIDINGFEATURE('1f2Q4M000CWp4tDZ8oDJGu',$,'NOTCH','PL13.7*37.5',$,#3890,#3892,'(?)',.HOLE.);
#3894= IFCLOCALPLACEMENT(#3884,#1148);
#3895= IFCSHAPEREPRESENTATION(#1143,'Reference','SolidModel',(#1142));
#3896= IFCPRODUCTDEFINITIONSHAPE($,$,(#3895));
#3897= IFCVOIDINGFEATURE('1f2Q4M000CXZ4tDZ8oDJGu',$,'NOTCH','PL13.7*37.5',$,#3894,#3896,'(?)',.HOLE.);
#3898= IFCCARTESIANPOINT((-44.375,-36.5,27.72581));
#3899= IFCAXIS2PLACEMENT3D(#3898,#40,#50);
#3900= IFCLOCALPLACEMENT(#3884,#3899);
#3901= IFCSHAPEREPRESENTATION(#1143,'Reference','SolidModel',(#1159));
#3902= IFCPRODUCTDEFINITIONSHAPE($,$,(#3901));
#3903= IFCVOIDINGFEATURE('1f2Q4M000Ccp4tDZ8oDJGu',$,'NOTCH','PL29*108.8',$,#3900,#3902,'(?)',.HOLE.);
#3904= IFCRELAGGREGATES('0IG8dflTr2muepiFHIDdeV',$,$,$,#3883,(#3889));
#3905= IFCCARTESIANPOINT((22950.,1621.72581,5115.));
#3906= IFCAXIS2PLACEMENT3D(#3905,#85,#39);
#3907= IFCLOCALPLACEMENT(#36,#3906);
#3908= IFCELEMENTASSEMBLY('1f2Q4M000CNZ4tDZ8oDJGu',$,'Mevcut',$,$,#3907,$,$,$,.NOTDEFINED.);
#3909= IFCLOCALPLACEMENT(#3907,#26);
#3910= IFCSHAPEREPRESENTATION(#55,'Body','Tessellation',(#1112));
#3911= IFCSHAPEREPRESENTATION(#212,'Axis','Curve3D',(#1115));
#3912= IFCSHAPEREPRESENTATION(#58,'CoG','Point',(#1117));
#3913= IFCPRODUCTDEFINITIONSHAPE($,$,(#3910,#3911,#3912));
#3914= IFCBEAM('1f2Q4M000CNJ4tDZ8oDJGu',$,'Mevcut','IPE100',$,#3909,#3913,'S235JR',.NOTDEFINED.);
#3915= IFCLOCALPLACEMENT(#3909,#1134);
#3916= IFCSHAPEREPRESENTATION(#1143,'Reference','SolidModel',(#1142));
#3917= IFCPRODUCTDEFINITIONSHAPE($,$,(#3916));
#3918= IFCVOIDINGFEATURE('1f2Q4M000CYp4tDZ8oDJGu',$,'NOTCH','PL13.7*37.5',$,#3915,#3917,'(?)',.HOLE.);
#3919= IFCLOCALPLACEMENT(#3909,#1148);
#3920= IFCSHAPEREPRESENTATION(#1143,'Reference','SolidModel',(#1142));
#3921= IFCPRODUCTDEFINITIONSHAPE($,$,(#3920));
#3922= IFCVOIDINGFEATURE('1f2Q4M000CZZ4tDZ8oDJGu',$,'NOTCH','PL13.7*37.5',$,#3919,#3921,'(?)',.HOLE.);
#3923= IFCLOCALPLACEMENT(#3909,#1154);
#3924= IFCSHAPEREPRESENTATION(#1143,'Reference','SolidModel',(#1159));
#3925= IFCPRODUCTDEFINITIONSHAPE($,$,(#3924));
#3926= IFCVOIDINGFEATURE('1f2Q4M000CdZ4tDZ8oDJGu',$,'NOTCH','PL29*108.8',$,#3923,#3925,'(?)',.HOLE.);
#3927= IFCRELAGGREGATES('3gWvxMvQPCpewY7E4e7gFz',$,$,$,#3908,(#3914));
#3928= IFCCARTESIANPOINT((23225.00409,-994.11016,8040.70628));
#3929= IFCAXIS2PLACEMENT3D(#3928,#85,#50);
#3930= IFCLOCALPLACEMENT(#36,#3929);
#3931= IFCELEMENTASSEMBLY('1f2Q4M000COJ4tDZ8oDJGu',$,'BEAM',$,$,#3930,$,$,$,.NOTDEFINED.);
#3932= IFCLOCALPLACEMENT(#3930,#26);
#3933= IFCSHAPEREPRESENTATION(#55,'Body','Tessellation',(#1566));
#3934= IFCCARTESIANPOINTLIST3D(((0.,50.,0.),(3550.,50.,0.)));
#3935= IFCINDEXEDPOLYCURVE(#3934,(IFCLINEINDEX((1,2))),$);
#3936= IFCSHAPEREPRESENTATION(#212,'Axis','Curve3D',(#3935));
#3937= IFCSHAPEREPRESENTATION(#58,'CoG','Point',(#1571));
#3938= IFCPRODUCTDEFINITIONSHAPE($,$,(#3933,#3936,#3937));
#3939= IFCBEAM('1f2Q4M000COZ4tDZ8oDJGu',$,'BEAM','UNP100',$,#3932,#3938,'S235JR',.NOTDEFINED.);
#3940= IFCLOCALPLACEMENT(#3932,#1588);
#3941= IFCSHAPEREPRESENTATION(#1143,'Reference','SolidModel',(#1593));
#3942= IFCPRODUCTDEFINITIONSHAPE($,$,(#3941));
#3943= IFCVOIDINGFEATURE('1f2Q4M000CQ34tDZ8oDJGu',$,'NOTCH','PL18*56',$,#3940,#3942,'(?)',.HOLE.);
#3944= IFCLOCALPLACEMENT(#3932,#1598);
#3945= IFCSHAPEREPRESENTATION(#1143,'Reference','SolidModel',(#1593));
#3946= IFCPRODUCTDEFINITIONSHAPE($,$,(#3945));
#3947= IFCVOIDINGFEATURE('1f2Q4M000CQJ4tDZ8oDJGu',$,'NOTCH','PL18*56',$,#3944,#3946,'(?)',.HOLE.);
#3948= IFCRELAGGREGATES('1e1dFNBd17Iw35f3j1gO68',$,$,$,#3931,(#3939));
#3949= IFCCARTESIANPOINT((22950.,-2778.27419,5115.));
#3950= IFCAXIS2PLACEMENT3D(#3949,#85,#39);
#3951= IFCLOCALPLACEMENT(#36,#3950);
#3952= IFCELEMENTASSEMBLY('1f2Q4M000CeZ4tDZ8oDJGu',$,'Mevcut',$,$,#3951,$,$,$,.NOTDEFINED.);
#3953= IFCLOCALPLACEMENT(#3951,#26);
#3954= IFCEXTRUDEDAREASOLID(#1171,#204,#50,700.);
#3955= IFCSHAPEREPRESENTATION(#55,'Body','SolidModel',(#3954));
#3956= IFCSHAPEREPRESENTATION(#212,'Axis','Curve3D',(#1115));
#3957= IFCCARTESIANPOINT((350.,0.,0.));
#3958= IFCSHAPEREPRESENTATION(#58,'CoG','Point',(#3957));
#3959= IFCPRODUCTDEFINITIONSHAPE($,$,(#3955,#3956,#3958));
#3960= IFCBEAM('1f2Q4M000CeJ4tDZ8oDJGu',$,'Mevcut','IPE100',$,#3953,#3959,'S235JR',.NOTDEFINED.);
#3961= IFCPROPERTYSINGLEVALUE('Length',$,IFCLENGTHMEASURE(700.),$);
#3962= IFCPROPERTYSINGLEVALUE('OuterSurfaceArea',$,IFCAREAMEASURE(0.28),$);
#3963= IFCPROPERTYSINGLEVALUE('GrossSurfaceArea',$,IFCAREAMEASURE(0.28),$);
#3964= IFCPROPERTYSINGLEVALUE('NetSurfaceArea',$,IFCAREAMEASURE(0.29024),$);
#3965= IFCPROPERTYSINGLEVALUE('GrossVolume',$,IFCVOLUMEMEASURE(0.00072),$);
#3966= IFCPROPERTYSINGLEVALUE('GrossWeight',$,IFCMASSMEASURE(5.65985),$);
#3967= IFCPROPERTYSINGLEVALUE('NetWeight',$,IFCMASSMEASURE(5.44148),$);
#3968= IFCPROPERTYSET('0VpwmavjX8kOQLE$AteRHB',$,'Qto_BeamBaseQuantities','Base quantities that are common to the definition of all occurrences of beams.',(#3961,#1122,#3962,#3963,#3964,#3965,#1127,#3966,#3967));
#3969= IFCPROPERTYSINGLEVALUE('ASSEMBLY_POS',$,IFCLABEL('M/17'),$);
#3970= IFCPROPERTYSET('2aMDanapz7sAlXPauatO0k',$,'BEAM',$,(#3969));
#3971= IFCRELAGGREGATES('2EcLQqrrbDF8klMVdkV54O',$,$,$,#3952,(#3960));
#3972= IFCCARTESIANPOINT((23382.50409,-204.17016,8365.));
#3973= IFCAXIS2PLACEMENT3D(#3972,#39,#85);
#3974= IFCLOCALPLACEMENT(#36,#3973);
#3975= IFCELEMENTASSEMBLY('1f2Q4M000Cfp4tDZ8oDJGu',$,'BEAM',$,$,#3974,$,$,$,.NOTDEFINED.);
#3976= IFCLOCALPLACEMENT(#3974,#26);
#3977= IFCSHAPEREPRESENTATION(#55,'Body','Tessellation',(#1975));
#3978= IFCSHAPEREPRESENTATION(#212,'Axis','Curve3D',(#980));
#3979= IFCSHAPEREPRESENTATION(#58,'CoG','Point',(#1978));
#3980= IFCPRODUCTDEFINITIONSHAPE($,$,(#3977,#3978,#3979));
#3981= IFCBEAM('1f2Q4M000CfZ4tDZ8oDJGu',$,'BEAM','UNP100',$,#3976,#3980,'S275JR',.NOTDEFINED.);
#3982= IFCPROPERTYSINGLEVALUE('ASSEMBLY_POS',$,IFCLABEL('PT/6'),$);
#3983= IFCPROPERTYSET('3gIZneYC11FRkrv4YLWF2x',$,'BEAM',$,(#3982));
#3984= IFCRELAGGREGATES('30uTrntajATRWRkGxQ0Or_',$,$,$,#3975,(#3981));
#3985= IFCCARTESIANPOINT((23050.,399.22581,2370.));
#3986= IFCAXIS2PLACEMENT3D(#3985,#39,#85);
#3987= IFCLOCALPLACEMENT(#36,#3986);
#3988= IFCELEMENTASSEMBLY('1f2Q4M000ChJ4tDZ8oDJGu',$,'Mevcut',$,$,#3987,$,$,$,.NOTDEFINED.);
#3989= IFCLOCALPLACEMENT(#3987,#26);
#3990= IFCEXTRUDEDAREASOLID(#1200,#204,#50,2859.85794);
#3991= IFCSHAPEREPRESENTATION(#55,'Body','SolidModel',(#3990));
#3992= IFCCARTESIANPOINTLIST3D(((0.,0.,0.),(2859.8,0.,0.)));
#3993= IFCINDEXEDPOLYCURVE(#3992,(IFCLINEINDEX((1,2))),$);
#3994= IFCSHAPEREPRESENTATION(#212,'Axis','Curve3D',(#3993));
#3995= IFCCARTESIANPOINT((1429.92897,0.,0.));
#3996= IFCSHAPEREPRESENTATION(#58,'CoG','Point',(#3995));
#3997= IFCPRODUCTDEFINITIONSHAPE($,$,(#3991,#3994,#3996));
#3998= IFCBEAM('1f2Q4M000Ch34tDZ8oDJGu',$,'Mevcut','HEA200',$,#3989,#3997,'S235JR',.NOTDEFINED.);
#3999= IFCPROPERTYSINGLEVALUE('Length',$,IFCLENGTHMEASURE(2859.85794),$);
#4000= IFCPROPERTYSINGLEVALUE('OuterSurfaceArea',$,IFCAREAMEASURE(3.2488),$);
#4001= IFCPROPERTYSINGLEVALUE('GrossSurfaceArea',$,IFCAREAMEASURE(3.2488),$);
#4002= IFCPROPERTYSINGLEVALUE('NetSurfaceArea',$,IFCAREAMEASURE(3.34766),$);
#4003= IFCPROPERTYSINGLEVALUE('NetVolume',$,IFCVOLUMEMEASURE(0.0146),$);
#4004= IFCPROPERTYSINGLEVALUE('GrossWeight',$,IFCMASSMEASURE(120.84773),$);
#4005= IFCPROPERTYSINGLEVALUE('NetWeight',$,IFCMASSMEASURE(114.60666),$);
#4006= IFCPROPERTYSET('1wWzLFPBjCPBZn1RCp0KBz',$,'Qto_BeamBaseQuantities','Base quantities that are common to the definition of all occurrences of beams.',(#3999,#1211,#4000,#4001,#4002,#1248,#4003,#4004,#4005));
#4007= IFCPROPERTYSINGLEVALUE('ASSEMBLY_POS',$,IFCLABEL('PT/16'),$);
#4008= IFCPROPERTYSET('3t_0mKpqTEuOSWDHjjqjSr',$,'BEAM',$,(#4007));
#4009= IFCRELAGGREGATES('3yWqxP7r57E8zaY8Dhj0vS',$,$,$,#3988,(#3998));
#4010= IFCCARTESIANPOINT((23050.,1754.22581,2370.));
#4011= IFCAXIS2PLACEMENT3D(#4010,#39,#85);
#4012= IFCLOCALPLACEMENT(#36,#4011);
#4013= IFCELEMENTASSEMBLY('1f2Q4M000CiJ4tDZ8oDJGu',$,'Mevcut',$,$,#4012,$,$,$,.NOTDEFINED.);
#4014= IFCLOCALPLACEMENT(#4012,#26);
#4015= IFCSHAPEREPRESENTATION(#55,'Body','SolidModel',(#1201));
#4016= IFCSHAPEREPRESENTATION(#212,'Axis','Curve3D',(#1204));
#4017= IFCSHAPEREPRESENTATION(#58,'CoG','Point',(#1206));
#4018= IFCPRODUCTDEFINITIONSHAPE($,$,(#4015,#4016,#4017));
#4019= IFCBEAM('1f2Q4M000Ci34tDZ8oDJGu',$,'Mevcut','HEA200',$,#4014,#4018,'S235JR',.NOTDEFINED.);
#4020= IFCRELAGGREGATES('3TjqXPZDT5k9K0FWYqbAMq',$,$,$,#4013,(#4019));
#4021= IFCCARTESIANPOINT((23050.,-1855.71419,4975.));
#4022= IFCAXIS2PLACEMENT3D(#4021,#85,#50);
#4023= IFCLOCALPLACEMENT(#36,#4022);
#4024= IFCELEMENTASSEMBLY('1f2Q4M000Ck34tDZ8oDJGu',$,'BEAM',$,$,#4023,$,$,$,.NOTDEFINED.);
#4025= IFCCARTESIANPOINT((1000.,-67.,3.));
#4026= IFCAXIS2PLACEMENT3D(#4025,#39,#25);
#4027= IFCLOCALPLACEMENT(#4023,#4026);
#4028= IFCSHAPEREPRESENTATION(#55,'Body','SolidModel',(#3013));
#4029= IFCSHAPEREPRESENTATION(#58,'CoG','Point',(#3015));
#4030= IFCPRODUCTDEFINITIONSHAPE($,$,(#4028,#4029));
#4031= IFCPLATE('1f2Q4M000EV34tDZ8oDJGu',$,'PLATE','PL8',$,#4027,#4030,'S235JR',.NOTDEFINED.);
#4032= IFCCARTESIANPOINT((860.,-67.,3.));
#4033= IFCAXIS2PLACEMENT3D(#4032,#39,#25);
#4034= IFCLOCALPLACEMENT(#4023,#4033);
#4035= IFCSHAPEREPRESENTATION(#55,'Body','SolidModel',(#3013));
#4036= IFCSHAPEREPRESENTATION(#58,'CoG','Point',(#3015));
#4037= IFCPRODUCTDEFINITIONSHAPE($,$,(#4035,#4036));
#4038= IFCPLATE('1f2Q4M000ERZ4tDZ8oDJGu',$,'PLATE','PL8',$,#4034,#4037,'S235JR',.NOTDEFINED.);
#4039= IFCLOCALPLACEMENT(#4023,#26);
#4040= IFCCARTESIANPOINTLIST2D(((-80.,-76.),(80.,-76.),(80.,-67.),(3.,-67.),(3.,67.),(80.,67.),(80.,76.),(-80.,76.),(-80.,67.),(-3.,67.),(-3.,-67.),(-80.,-67.)));
#4041= IFCINDEXEDPOLYCURVE(#4040,(IFCLINEINDEX((1,2,3,4,5,6,7,8,9,10,11,12,1))),$);
#4042= IFCARBITRARYCLOSEDPROFILEDEF(.AREA.,'HEA160',#4041);
#4043= IFCEXTRUDEDAREASOLID(#4042,#204,#50,2510.);
#4044= IFCSHAPEREPRESENTATION(#55,'Body','SolidModel',(#4043));
#4045= IFCCARTESIANPOINTLIST3D(((0.,76.,0.),(2510.,76.,0.)));
#4046= IFCINDEXEDPOLYCURVE(#4045,(IFCLINEINDEX((1,2))),$);
#4047= IFCSHAPEREPRESENTATION(#212,'Axis','Curve3D',(#4046));
#4048= IFCCARTESIANPOINT((1255.,0.,0.));
#4049= IFCSHAPEREPRESENTATION(#58,'CoG','Point',(#4048));
#4050= IFCPRODUCTDEFINITIONSHAPE($,$,(#4044,#4047,#4049));
#4051= IFCBEAM('1f2Q4M000Cjp4tDZ8oDJGu',$,'BEAM','HEA160',$,#4039,#4050,'S275JR',.NOTDEFINED.);
#4052= IFCPROPERTYSINGLEVALUE('Length',$,IFCLENGTHMEASURE(2510.),$);
#4053= IFCPROPERTYSINGLEVALUE('OuterSurfaceArea',$,IFCAREAMEASURE(2.27406),$);
#4054= IFCPROPERTYSINGLEVALUE('GrossSurfaceArea',$,IFCAREAMEASURE(2.27406),$);
#4055= IFCPROPERTYSINGLEVALUE('NetSurfaceArea',$,IFCAREAMEASURE(2.34669),$);
#4056= IFCPROPERTYSINGLEVALUE('GrossVolume',$,IFCVOLUMEMEASURE(0.00973),$);
#4057= IFCPROPERTYSINGLEVALUE('NetVolume',$,IFCVOLUMEMEASURE(0.00925),$);
#4058= IFCPROPERTYSINGLEVALUE('GrossWeight',$,IFCMASSMEASURE(76.39047),$);
#4059= IFCPROPERTYSINGLEVALUE('NetWeight',$,IFCMASSMEASURE(72.58769),$);
#4060= IFCPROPERTYSET('3hQIw3kH9ChBqKYjgEA9Wn',$,'Qto_BeamBaseQuantities','Base quantities that are common to the definition of all occurrences of beams.',(#4052,#3091,#4053,#4054,#4055,#4056,#4057,#4058,#4059));
#4061= IFCPROPERTYSINGLEVALUE('ASSEMBLY_POS',$,IFCLABEL('PT/7'),$);
#4062= IFCPROPERTYSET('0YOg1oCHDBDg5h394SLRR5',$,'BEAM',$,(#4061));
#4063= IFCCARTESIANPOINT((2473.,75.99464,0.));
#4064= IFCAXIS2PLACEMENT3D(#4063,#25,#3163);
#4065= IFCLOCALPLACEMENT(#4023,#4064);
#4066= IFCSHAPEREPRESENTATION(#55,'Body','SolidModel',(#3109));
#4067= IFCSHAPEREPRESENTATION(#58,'CoG','Point',(#3111));
#4068= IFCPRODUCTDEFINITIONSHAPE($,$,(#4066,#4067));
#4069= IFCPLATE('1f4mtt0003zZ4tDZ8uDZKm',$,'PLATE','PL10',$,#4065,#4068,'S235JR',.NOTDEFINED.);
#4070= IFCCARTESIANPOINT((2473.,-76.,0.));
#4071= IFCAXIS2PLACEMENT3D(#4070,#50,#3103);
#4072= IFCLOCALPLACEMENT(#4023,#4071);
#4073= IFCSHAPEREPRESENTATION(#55,'Body','SolidModel',(#3109));
#4074= IFCSHAPEREPRESENTATION(#58,'CoG','Point',(#3111));
#4075= IFCPRODUCTDEFINITIONSHAPE($,$,(#4073,#4074));
#4076= IFCPLATE('1f4mtt0003334tDZ8uDZGn',$,'PLATE','PL10',$,#4072,#4075,'S235JR',.NOTDEFINED.);
#4077= IFCCARTESIANPOINT((2475.,-71.5,-80.));
#4078= IFCAXIS2PLACEMENT3D(#4077,#40,#3122);
#4079= IFCLOCALPLACEMENT(#4023,#4078);
#4080= IFCSHAPEREPRESENTATION(#55,'Body','SolidModel',(#3128));
#4081= IFCSHAPEREPRESENTATION(#58,'CoG','Point',(#3130));
#4082= IFCPRODUCTDEFINITIONSHAPE($,$,(#4080,#4081));
#4083= IFCPLATE('1f4mtt0003734tDZ8uDZGn',$,'PLATE','PL10',$,#4079,#4082,'S235JR',.NOTDEFINED.);
#4084= IFCCARTESIANPOINT((2475.,71.5,-80.));
#4085= IFCAXIS2PLACEMENT3D(#4084,#40,#3122);
#4086= IFCLOCALPLACEMENT(#4023,#4085);
#4087= IFCSHAPEREPRESENTATION(#55,'Body','SolidModel',(#3128));
#4088= IFCSHAPEREPRESENTATION(#58,'CoG','Point',(#3130));
#4089= IFCPRODUCTDEFINITIONSHAPE($,$,(#4087,#4088));
#4090= IFCPLATE('1f4mtt0003B34tDZ8uDZGn',$,'PLATE','PL10',$,#4086,#4089,'S235JR',.NOTDEFINED.);
#4091= IFCCARTESIANPOINT((2475.,71.5,80.));
#4092= IFCAXIS2PLACEMENT3D(#4091,#85,#3148);
#4093= IFCLOCALPLACEMENT(#4023,#4092);
#4094= IFCSHAPEREPRESENTATION(#55,'Body','SolidModel',(#3128));
#4095= IFCSHAPEREPRESENTATION(#58,'CoG','Point',(#3130));
#4096= IFCPRODUCTDEFINITIONSHAPE($,$,(#4094,#4095));
#4097= IFCPLATE('1f4mtt0003F34tDZ8uDZGn',$,'PLATE','PL10',$,#4093,#4096,'S235JR',.NOTDEFINED.);
#4098= IFCCARTESIANPOINT((2475.,-71.5,80.));
#4099= IFCAXIS2PLACEMENT3D(#4098,#85,#3148);
#4100= IFCLOCALPLACEMENT(#4023,#4099);
#4101= IFCSHAPEREPRESENTATION(#55,'Body','SolidModel',(#3128));
#4102= IFCSHAPEREPRESENTATION(#58,'CoG','Point',(#3130));
#4103= IFCPRODUCTDEFINITIONSHAPE($,$,(#4101,#4102));
#4104= IFCPLATE('1f4mtt0003J34tDZ8uDZGn',$,'PLATE','PL10',$,#4100,#4103,'S235JR',.NOTDEFINED.);
#4105= IFCCARTESIANPOINT((37.,-76.,0.));
#4106= IFCAXIS2PLACEMENT3D(#4105,#25,#3171);
#4107= IFCLOCALPLACEMENT(#4023,#4106);
#4108= IFCSHAPEREPRESENTATION(#55,'Body','SolidModel',(#3109));
#4109= IFCSHAPEREPRESENTATION(#58,'CoG','Point',(#3111));
#4110= IFCPRODUCTDEFINITIONSHAPE($,$,(#4108,#4109));
#4111= IFCPLATE('1f4mtt0004Up4tDZ8uDZKn',$,'PLATE','PL10',$,#4107,#4110,'S235JR',.NOTDEFINED.);
#4112= IFCCARTESIANPOINT((35.,-71.5,-80.));
#4113= IFCAXIS2PLACEMENT3D(#4112,#85,#3179);
#4114= IFCLOCALPLACEMENT(#4023,#4113);
#4115= IFCSHAPEREPRESENTATION(#55,'Body','SolidModel',(#3128));
#4116= IFCSHAPEREPRESENTATION(#58,'CoG','Point',(#3130));
#4117= IFCPRODUCTDEFINITIONSHAPE($,$,(#4115,#4116));
#4118= IFCPLATE('1f4mtt0004Vp4tDZ8uDZKn',$,'PLATE','PL10',$,#4114,#4117,'S235JR',.NOTDEFINED.);
#4119= IFCCARTESIANPOINT((35.,71.5,-80.));
#4120= IFCAXIS2PLACEMENT3D(#4119,#85,#3179);
#4121= IFCLOCALPLACEMENT(#4023,#4120);
#4122= IFCSHAPEREPRESENTATION(#55,'Body','SolidModel',(#3128));
#4123= IFCSHAPEREPRESENTATION(#58,'CoG','Point',(#3130));
#4124= IFCPRODUCTDEFINITIONSHAPE($,$,(#4122,#4123));
#4125= IFCPLATE('1f4mtt0004Wp4tDZ8uDZKn',$,'PLATE','PL10',$,#4121,#4124,'S235JR',.NOTDEFINED.);
#4126= IFCCARTESIANPOINT((35.,71.5,80.));
#4127= IFCAXIS2PLACEMENT3D(#4126,#40,#3194);
#4128= IFCLOCALPLACEMENT(#4023,#4127);
#4129= IFCSHAPEREPRESENTATION(#55,'Body','SolidModel',(#3128));
#4130= IFCSHAPEREPRESENTATION(#58,'CoG','Point',(#3130));
#4131= IFCPRODUCTDEFINITIONSHAPE($,$,(#4129,#4130));
#4132= IFCPLATE('1f4mtt0004Xp4tDZ8uDZKn',$,'PLATE','PL10',$,#4128,#4131,'S235JR',.NOTDEFINED.);
#4133= IFCCARTESIANPOINT((35.,-71.5,80.));
#4134= IFCAXIS2PLACEMENT3D(#4133,#40,#3194);
#4135= IFCLOCALPLACEMENT(#4023,#4134);
#4136= IFCSHAPEREPRESENTATION(#55,'Body','SolidModel',(#3128));
#4137= IFCSHAPEREPRESENTATION(#58,'CoG','Point',(#3130));
#4138= IFCPRODUCTDEFINITIONSHAPE($,$,(#4136,#4137));
#4139= IFCPLATE('1f4mtt0004Yp4tDZ8uDZKn',$,'PLATE','PL10',$,#4135,#4138,'S235JR',.NOTDEFINED.);
#4140= IFCCARTESIANPOINT((37.,75.99464,0.));
#4141= IFCAXIS2PLACEMENT3D(#4140,#50,#3209);
#4142= IFCLOCALPLACEMENT(#4023,#4141);
#4143= IFCSHAPEREPRESENTATION(#55,'Body','SolidModel',(#3109));
#4144= IFCSHAPEREPRESENTATION(#58,'CoG','Point',(#3111));
#4145= IFCPRODUCTDEFINITIONSHAPE($,$,(#4143,#4144));
#4146= IFCPLATE('1f4mtt0004Zp4tDZ8uDZKn',$,'PLATE','PL10',$,#4142,#4145,'S235JR',.NOTDEFINED.);
#4147= IFCCARTESIANPOINT((966.0083,76.,-60.77202));
#4148= IFCAXIS2PLACEMENT3D(#4147,#25,#40);
#4149= IFCLOCALPLACEMENT(#4023,#4148);
#4150= IFCSHAPEREPRESENTATION(#55,'Body','SolidModel',(#3222));
#4151= IFCSHAPEREPRESENTATION(#58,'CoG','Point',(#3224));
#4152= IFCPRODUCTDEFINITIONSHAPE($,$,(#4150,#4151));
#4153= IFCPLATE('1fALSx0001eJ4tDZGpCJWm',$,'PLATE','10',$,#4149,#4152,'S235JR',.NOTDEFINED.);
#4154= IFCRELAGGREGATES('1rgi6mlu90Mgg$AyrMChxF',$,$,$,#4024,(#4031,#4038,#4051,#4069,#4076,#4083,#4090,#4097,#4104,#4111,#4118,#4125,#4132,#4139,#4146,#4153));
#4155= IFCCARTESIANPOINT((23050.,-1855.71419,2275.));
#4156= IFCAXIS2PLACEMENT3D(#4155,#85,#50);
#4157= IFCLOCALPLACEMENT(#36,#4156);
#4158= IFCELEMENTASSEMBLY('1f2Q4M000Cl34tDZ8oDJGu',$,'BEAM',$,$,#4157,$,$,$,.NOTDEFINED.);
#4159= IFCLOCALPLACEMENT(#4157,#4141);
#4160= IFCSHAPEREPRESENTATION(#55,'Body','SolidModel',(#3109));
#4161= IFCSHAPEREPRESENTATION(#58,'CoG','Point',(#3111));
#4162= IFCPRODUCTDEFINITIONSHAPE($,$,(#4160,#4161));
#4163= IFCPLATE('1f4mtt0004CJ4tDZ8uDZKn',$,'PLATE','PL10',$,#4159,#4162,'S235JR',.NOTDEFINED.);
#4164= IFCLOCALPLACEMENT(#4157,#4134);
#4165= IFCSHAPEREPRESENTATION(#55,'Body','SolidModel',(#3128));
#4166= IFCSHAPEREPRESENTATION(#58,'CoG','Point',(#3130));
#4167= IFCPRODUCTDEFINITIONSHAPE($,$,(#4165,#4166));
#4168= IFCPLATE('1f4mtt0004B34tDZ8uDZKn',$,'PLATE','PL10',$,#4164,#4167,'S235JR',.NOTDEFINED.);
#4169= IFCLOCALPLACEMENT(#4157,#4127);
#4170= IFCSHAPEREPRESENTATION(#55,'Body','SolidModel',(#3128));
#4171= IFCSHAPEREPRESENTATION(#58,'CoG','Point',(#3130));
#4172= IFCPRODUCTDEFINITIONSHAPE($,$,(#4170,#4171));
#4173= IFCPLATE('1f4mtt00049p4tDZ8uDZKn',$,'PLATE','PL10',$,#4169,#4172,'S235JR',.NOTDEFINED.);
#4174= IFCLOCALPLACEMENT(#4157,#4113);
#4175= IFCSHAPEREPRESENTATION(#55,'Body','SolidModel',(#3128));
#4176= IFCSHAPEREPRESENTATION(#58,'CoG','Point',(#3130));
#4177= IFCPRODUCTDEFINITIONSHAPE($,$,(#4175,#4176));
#4178= IFCPLATE('1f4mtt00047J4tDZ8uDZKn',$,'PLATE','PL10',$,#4174,#4177,'S235JR',.NOTDEFINED.);
#4179= IFCLOCALPLACEMENT(#4157,#4106);
#4180= IFCSHAPEREPRESENTATION(#55,'Body','SolidModel',(#3109));
#4181= IFCSHAPEREPRESENTATION(#58,'CoG','Point',(#3111));
#4182= IFCPRODUCTDEFINITIONSHAPE($,$,(#4180,#4181));
#4183= IFCPLATE('1f4mtt0004634tDZ8uDZKn',$,'PLATE','PL10',$,#4179,#4182,'S235JR',.NOTDEFINED.);
#4184= IFCLOCALPLACEMENT(#4157,#4120);
#4185= IFCSHAPEREPRESENTATION(#55,'Body','SolidModel',(#3128));
#4186= IFCSHAPEREPRESENTATION(#58,'CoG','Point',(#3130));
#4187= IFCPRODUCTDEFINITIONSHAPE($,$,(#4185,#4186));
#4188= IFCPLATE('1f4mtt00048Z4tDZ8uDZKn',$,'PLATE','PL10',$,#4184,#4187,'S235JR',.NOTDEFINED.);
#4189= IFCCARTESIANPOINT((2230.,-71.5,80.));
#4190= IFCDIRECTION((0.7071067812,0.,0.7071067812));
#4191= IFCAXIS2PLACEMENT3D(#4189,#85,#4190);
#4192= IFCLOCALPLACEMENT(#4157,#4191);
#4193= IFCCARTESIANPOINTLIST2D(((0.,0.),(49.49747,0.),(74.24622,24.74874),(-42.42641,141.42136),(-91.92388,141.42136),(-116.67262,116.67262)));
#4194= IFCINDEXEDPOLYCURVE(#4193,(IFCLINEINDEX((1,2,3,4,5,6,1))),$);
#4195= IFCARBITRARYCLOSEDPROFILEDEF(.AREA.,'PL10',#4194);
#4196= IFCEXTRUDEDAREASOLID(#4195,#434,#50,10.);
#4197= IFCSHAPEREPRESENTATION(#55,'Body','SolidModel',(#4196));
#4198= IFCCARTESIANPOINT((-21.2132,70.71068,0.));
#4199= IFCSHAPEREPRESENTATION(#58,'CoG','Point',(#4198));
#4200= IFCPRODUCTDEFINITIONSHAPE($,$,(#4197,#4199));
#4201= IFCPLATE('1f2Q4M0007Fp4tDZ8oDJGu',$,'PLATE','PL10',$,#4192,#4200,'S235JR',.NOTDEFINED.);
#4202= IFCPROPERTYSINGLEVALUE('Perimeter',$,IFCLENGTHMEASURE(498.99496),$);
#4203= IFCPROPERTYSINGLEVALUE('NetArea',$,IFCAREAMEASURE(0.03054),$);
#4204= IFCPROPERTYSINGLEVALUE('NetWeight',$,IFCMASSMEASURE(1.00284),$);
#4205= IFCPROPERTYSET('1uW4Qp6TzCoerMDZ_x2XkQ',$,'Qto_PlateBaseQuantities','Base quantities that are common to the definition of all occurrences of plates.',(#444,#4202,#3135,#4203,#74,#75,#3137,#4204));
#4206= IFCCARTESIANPOINT((2230.,71.5,80.));
#4207= IFCAXIS2PLACEMENT3D(#4206,#85,#4190);
#4208= IFCLOCALPLACEMENT(#4157,#4207);
#4209= IFCSHAPEREPRESENTATION(#55,'Body','SolidModel',(#4196));
#4210= IFCSHAPEREPRESENTATION(#58,'CoG','Point',(#4198));
#4211= IFCPRODUCTDEFINITIONSHAPE($,$,(#4209,#4210));
#4212= IFCPLATE('1f2Q4M0007H34tDZ8oDJGu',$,'PLATE','PL10',$,#4208,#4211,'S235JR',.NOTDEFINED.);
#4213= IFCCARTESIANPOINT((2230.,71.5,-80.));
#4214= IFCDIRECTION((0.7071067812,0.,-0.7071067812));
#4215= IFCAXIS2PLACEMENT3D(#4213,#40,#4214);
#4216= IFCLOCALPLACEMENT(#4157,#4215);
#4217= IFCSHAPEREPRESENTATION(#55,'Body','SolidModel',(#4196));
#4218= IFCSHAPEREPRESENTATION(#58,'CoG','Point',(#4198));
#4219= IFCPRODUCTDEFINITIONSHAPE($,$,(#4217,#4218));
#4220= IFCPLATE('1f2Q4M0007IJ4tDZ8oDJGu',$,'PLATE','PL10',$,#4216,#4219,'S235JR',.NOTDEFINED.);
#4221= IFCCARTESIANPOINT((2230.,-71.5,-80.));
#4222= IFCAXIS2PLACEMENT3D(#4221,#40,#4214);
#4223= IFCLOCALPLACEMENT(#4157,#4222);
#4224= IFCSHAPEREPRESENTATION(#55,'Body','SolidModel',(#4196));
#4225= IFCSHAPEREPRESENTATION(#58,'CoG','Point',(#4198));
#4226= IFCPRODUCTDEFINITIONSHAPE($,$,(#4224,#4225));
#4227= IFCPLATE('1f2Q4M0007JZ4tDZ8oDJGu',$,'PLATE','PL10',$,#4223,#4226,'S235JR',.NOTDEFINED.);
#4228= IFCCARTESIANPOINT((2228.,-76.,0.));
#4229= IFCDIRECTION((0.7071067812,-0.7071067812,0.));
#4230= IFCAXIS2PLACEMENT3D(#4228,#50,#4229);
#4231= IFCLOCALPLACEMENT(#4157,#4230);
#4232= IFCCARTESIANPOINTLIST2D(((0.,0.),(52.3259,0.),(78.48885,26.16295),(-36.76955,141.42136),(-89.09545,141.42136),(-115.25841,115.25841)));
#4233= IFCINDEXEDPOLYCURVE(#4232,(IFCLINEINDEX((1,2,3,4,5,6,1))),$);
#4234= IFCARBITRARYCLOSEDPROFILEDEF(.AREA.,'PL10',#4233);
#4235= IFCEXTRUDEDAREASOLID(#4234,#434,#50,10.);
#4236= IFCSHAPEREPRESENTATION(#55,'Body','SolidModel',(#4235));
#4237= IFCCARTESIANPOINT((-18.38478,70.71068,0.));
#4238= IFCSHAPEREPRESENTATION(#58,'CoG','Point',(#4237));
#4239= IFCPRODUCTDEFINITIONSHAPE($,$,(#4236,#4238));
#4240= IFCPLATE('1f2Q4M0007Kp4tDZ8oDJGu',$,'PLATE','PL10',$,#4231,#4239,'S235JR',.NOTDEFINED.);
#4241= IFCPROPERTYSINGLEVALUE('Perimeter',$,IFCLENGTHMEASURE(504.65181),$);
#4242= IFCPROPERTYSINGLEVALUE('GrossArea',$,IFCAREAMEASURE(0.0148),$);
#4243= IFCPROPERTYSINGLEVALUE('NetArea',$,IFCAREAMEASURE(0.03191),$);
#4244= IFCPROPERTYSINGLEVALUE('GrossWeight',$,IFCMASSMEASURE(1.1618),$);
#4245= IFCPROPERTYSINGLEVALUE('NetWeight',$,IFCMASSMEASURE(1.05433),$);
#4246= IFCPROPERTYSET('1X6DalqPL0Th_5nfIsiNOT',$,'Qto_PlateBaseQuantities','Base quantities that are common to the definition of all occurrences of plates.',(#444,#4241,#4242,#4243,#74,#75,#4244,#4245));
#4247= IFCCARTESIANPOINT((2228.,76.,0.));
#4248= IFCDIRECTION((0.7071067812,0.7071067812,0.));
#4249= IFCAXIS2PLACEMENT3D(#4247,#25,#4248);
#4250= IFCLOCALPLACEMENT(#4157,#4249);
#4251= IFCSHAPEREPRESENTATION(#55,'Body','SolidModel',(#4235));
#4252= IFCSHAPEREPRESENTATION(#58,'CoG','Point',(#4237));
#4253= IFCPRODUCTDEFINITIONSHAPE($,$,(#4251,#4252));
#4254= IFCPLATE('1f2Q4M0007M34tDZ8oDJGu',$,'PLATE','PL10',$,#4250,#4253,'S235JR',.NOTDEFINED.);
#4255= IFCCARTESIANPOINT((2270.,-160.,0.));
#4256= IFCAXIS2PLACEMENT3D(#4255,#39,#40);
#4257= IFCLOCALPLACEMENT(#4157,#4256);
#4258= IFCCARTESIANPOINTLIST2D(((-5.,-150.),(5.,-150.),(5.,150.),(-5.,150.)));
#4259= IFCINDEXEDPOLYCURVE(#4258,(IFCLINEINDEX((1,2,3,4,1))),$);
#4260= IFCARBITRARYCLOSEDPROFILEDEF(.AREA.,'PL10*300',#4259);
#4261= IFCEXTRUDEDAREASOLID(#4260,#204,#50,320.);
#4262= IFCSHAPEREPRESENTATION(#55,'Body','SolidModel',(#4261));
#4263= IFCCARTESIANPOINTLIST3D(((84.,0.,5.),(236.,0.,5.)));
#4264= IFCINDEXEDPOLYCURVE(#4263,(IFCLINEINDEX((1,2))),$);
#4265= IFCSHAPEREPRESENTATION(#212,'Axis','Curve3D',(#4264));
#4266= IFCCARTESIANPOINT((160.,0.,0.));
#4267= IFCSHAPEREPRESENTATION(#58,'CoG','Point',(#4266));
#4268= IFCPRODUCTDEFINITIONSHAPE($,$,(#4262,#4265,#4267));
#4269= IFCBEAM('1f2Q4M0007OJ4tDZ8oDJGu',$,'PLATE','PL10*300',$,#4257,#4268,'S235JR',.NOTDEFINED.);
#4270= IFCPROPERTYSINGLEVALUE('Length',$,IFCLENGTHMEASURE(320.),$);
#4271= IFCPROPERTYSINGLEVALUE('CrossSectionArea',$,IFCAREAMEASURE(0.003),$);
#4272= IFCPROPERTYSINGLEVALUE('OuterSurfaceArea',$,IFCAREAMEASURE(0.2044),$);
#4273= IFCPROPERTYSINGLEVALUE('GrossSurfaceArea',$,IFCAREAMEASURE(0.2044),$);
#4274= IFCPROPERTYSINGLEVALUE('NetSurfaceArea',$,IFCAREAMEASURE(0.2044),$);
#4275= IFCPROPERTYSINGLEVALUE('GrossVolume',$,IFCVOLUMEMEASURE(0.00096),$);
#4276= IFCPROPERTYSINGLEVALUE('NetVolume',$,IFCVOLUMEMEASURE(0.00096),$);
#4277= IFCPROPERTYSINGLEVALUE('GrossWeight',$,IFCMASSMEASURE(7.536),$);
#4278= IFCPROPERTYSINGLEVALUE('NetWeight',$,IFCMASSMEASURE(7.536),$);
#4279= IFCPROPERTYSET('3LjUQZu1D1XAxEmL_fRHgP',$,'Qto_BeamBaseQuantities','Base quantities that are common to the definition of all occurrences of beams.',(#4270,#4271,#4272,#4273,#4274,#4275,#4276,#4277,#4278));
#4280= IFCPROPERTYSINGLEVALUE('ASSEMBLY_POS',$,IFCLABEL('PT/8'),$);
#4281= IFCPROPERTYSET('1BWg$hTxP5DezGPzGhmHSw',$,'BEAM',$,(#4280));
#4282= IFCCARTESIANPOINT((2265.,76.,0.));
#4283= IFCAXIS2PLACEMENT3D(#4282,#39,#85);
#4284= IFCLOCALPLACEMENT(#4157,#4283);
#4285= IFCSURFACESTYLE($,.POSITIVE.,(#1140));
#4286= IFCCARTESIANPOINTLIST2D(((16.,0.),(0.,16.),(-16.,0.),(0.,-16.)));
#4287= IFCINDEXEDPOLYCURVE(#4286,(IFCARCINDEX((1,2,3)),IFCARCINDEX((3,4,1))),$);
#4288= IFCARBITRARYCLOSEDPROFILEDEF(.AREA.,$,#4287);
#4289= IFCAXIS2PLACEMENT3D(#23,#50,#40);
#4290= IFCEXTRUDEDAREASOLID(#4288,#4289,#25,9.99999999999999);
#4291= IFCSHAPEREPRESENTATION(#55,'Body','SweptSolid',(#4290));
#4292= IFCREPRESENTATIONMAP(#26,#4291);
#4293= IFCCARTESIANPOINT((196.,-110.,0.));
#4294= IFCCARTESIANTRANSFORMATIONOPERATOR3D($,$,#4293,$,$);
#4295= IFCMAPPEDITEM(#4292,#4294);
#4296= IFCCARTESIANPOINT((196.,110.,0.));
#4297= IFCCARTESIANTRANSFORMATIONOPERATOR3D($,$,#4296,$,$);
#4298= IFCMAPPEDITEM(#4292,#4297);
#4299= IFCCARTESIANPOINT((76.,-110.,0.));
#4300= IFCCARTESIANTRANSFORMATIONOPERATOR3D($,$,#4299,$,$);
#4301= IFCMAPPEDITEM(#4292,#4300);
#4302= IFCCARTESIANPOINT((76.,110.,0.));
#4303= IFCCARTESIANTRANSFORMATIONOPERATOR3D($,$,#4302,$,$);
#4304= IFCMAPPEDITEM(#4292,#4303);
#4305= IFCCARTESIANPOINT((-44.,-110.,0.));
#4306= IFCCARTESIANTRANSFORMATIONOPERATOR3D($,$,#4305,$,$);
#4307= IFCMAPPEDITEM(#4292,#4306);
#4308= IFCCARTESIANPOINT((-44.,110.,0.));
#4309= IFCCARTESIANTRANSFORMATIONOPERATOR3D($,$,#4308,$,$);
#4310= IFCMAPPEDITEM(#4292,#4309);
#4311= IFCSHAPEREPRESENTATION(#55,'Body','MappedRepresentation',(#4295,#4298,#4301,#4304,#4307,#4310));
#4312= IFCPRODUCTDEFINITIONSHAPE($,$,(#4311));
#4313= IFCMECHANICALFASTENER('1f2Q4M0007N34tDZ8oDJGu',$,$,$,$,#4284,#4312,$,$,$,$);
#4314= IFCMATERIAL('7990',$,'STEEL');
#4315= IFCLOCALPLACEMENT(#4157,#26);
#4316= IFCCARTESIANPOINTLIST3D(((0.,-76.,-80.),(0.,-67.,-80.),(2265.,-67.,-80.),(2265.,-76.,-80.),(0.,-67.,-3.),(2265.,-67.,-3.),(0.,67.,-3.),(2265.,67.,-3.),(0.,67.,-80.),(2265.,67.,-80.),(0.,76.,-80.),(2265.,76.,-80.),(0.,76.,80.),(2265.,76.,80.),(0.,67.,80.),(2265.,67.,80.),(0.,67.,3.),(2265.,67.,3.),(0.,-67.,3.),(2265.,-67.,3.),(0.,-67.,80.),(2265.,-67.,80.),(0.,-76.,80.),(2265.,-76.,80.)));
#4317= IFCPOLYGONALFACESET(#4316,.T.,(#143,#968,#969,#970,#971,#972,#973,#2214,#2215,#2216,#2217,#3078,#3079,#3080),$);
#4318= IFCSHAPEREPRESENTATION(#55,'Body','Tessellation',(#4317));
#4319= IFCCARTESIANPOINTLIST3D(((0.,76.,0.),(2275.,76.,0.)));
#4320= IFCINDEXEDPOLYCURVE(#4319,(IFCLINEINDEX((1,2))),$);
#4321= IFCSHAPEREPRESENTATION(#212,'Axis','Curve3D',(#4320));
#4322= IFCCARTESIANPOINT((1132.5,0.,0.));
#4323= IFCSHAPEREPRESENTATION(#58,'CoG','Point',(#4322));
#4324= IFCPRODUCTDEFINITIONSHAPE($,$,(#4318,#4321,#4323));
#4325= IFCBEAM('1f2Q4M000Ckp4tDZ8oDJGu',$,'BEAM','HEA160',$,#4315,#4324,'S275JR',.NOTDEFINED.);
#4326= IFCPROPERTYSINGLEVALUE('Length',$,IFCLENGTHMEASURE(2265.),$);
#4327= IFCPROPERTYSINGLEVALUE('OuterSurfaceArea',$,IFCAREAMEASURE(2.05209),$);
#4328= IFCPROPERTYSINGLEVALUE('GrossSurfaceArea',$,IFCAREAMEASURE(2.05209),$);
#4329= IFCPROPERTYSINGLEVALUE('NetSurfaceArea',$,IFCAREAMEASURE(2.11835),$);
#4330= IFCPROPERTYSINGLEVALUE('GrossVolume',$,IFCVOLUMEMEASURE(0.00878),$);
#4331= IFCPROPERTYSINGLEVALUE('NetVolume',$,IFCVOLUMEMEASURE(0.00834),$);
#4332= IFCPROPERTYSINGLEVALUE('GrossWeight',$,IFCMASSMEASURE(68.93403),$);
#4333= IFCPROPERTYSINGLEVALUE('NetWeight',$,IFCMASSMEASURE(65.50244),$);
#4334= IFCPROPERTYSET('2joCGeZzTDfPuStM_62Yus',$,'Qto_BeamBaseQuantities','Base quantities that are common to the definition of all occurrences of beams.',(#4326,#3091,#4327,#4328,#4329,#4330,#4331,#4332,#4333));
#4335= IFCRELAGGREGATES('3WTF3t5Br3LAmLQcWUBhv1',$,$,$,#4158,(#4163,#4168,#4173,#4178,#4183,#4188,#4201,#4212,#4220,#4227,#4240,#4254,#4269,#4313,#4325));
#4336= IFCCARTESIANPOINT((23151.08589,399.22581,11542.62549));
#4337= IFCDIRECTION((-0.9872096597,0.,0.1594273749));
#4338= IFCAXIS2PLACEMENT3D(#4336,#85,#4337);
#4339= IFCLOCALPLACEMENT(#36,#4338);
#4340= IFCELEMENTASSEMBLY('1f2Q4M000ClZ4tDZ8oDJGu',$,'Mevcut',$,$,#4339,$,$,$,.NOTDEFINED.);
#4341= IFCLOCALPLACEMENT(#4339,#26);
#4342= IFCCARTESIANPOINTLIST3D(((253.23487,-150.,-75.),(251.50689,-139.3,-75.),(4887.52229,-139.3,-75.),(4887.52229,-150.,-75.),(251.50689,-139.3,-3.55),(4887.52229,-139.3,-3.55),(206.51496,139.3,-3.55),(4887.52229,139.3,-3.55),(206.51496,139.3,-75.),(4887.52229,139.3,-75.),(204.78699,150.,-75.),(4887.52229,150.,-75.),(204.78699,150.,75.),(4887.52229,150.,75.),(206.51496,139.3,75.),(4887.52229,139.3,75.),(206.51496,139.3,3.55),(4887.52229,139.3,3.55),(251.50689,-139.3,3.55),(4887.52229,-139.3,3.55),(251.50689,-139.3,75.),(4887.52229,-139.3,75.),(253.23487,-150.,75.),(4887.52229,-150.,75.)));
#4343= IFCPOLYGONALFACESET(#4342,.T.,(#143,#968,#969,#970,#971,#972,#973,#2214,#2215,#2216,#2217,#3078,#3079,#3080),$);
#4344= IFCSHAPEREPRESENTATION(#55,'Body','Tessellation',(#4343));
#4345= IFCCARTESIANPOINTLIST3D(((0.,0.,0.),(4887.6,0.,0.)));
#4346= IFCINDEXEDPOLYCURVE(#4345,(IFCLINEINDEX((1,2))),$);
#4347= IFCSHAPEREPRESENTATION(#212,'Axis','Curve3D',(#4346));
#4348= IFCCARTESIANPOINT((2558.22345,0.53449,0.));
#4349= IFCSHAPEREPRESENTATION(#58,'CoG','Point',(#4348));
#4350= IFCPRODUCTDEFINITIONSHAPE($,$,(#4344,#4347,#4349));
#4351= IFCBEAM('1f2Q4M0009up4tDZ8oDJGu',$,'Mevcut','IPE300',$,#4341,#4350,'S235JR',.NOTDEFINED.);
#4352= IFCPROPERTYSINGLEVALUE('Slope',$,IFCPLANEANGLEMEASURE(0.16011),$);
#4353= IFCPROPERTYSET('1ZQXj4oUf8PRFLl6gA4ww9',$,'Pset_BeamCommon','Properties common to the definition of all occurrence and type objects of beam.',(#63,#64,#4352,#182,#66,#67,#68));
#4354= IFCPROPERTYSINGLEVALUE('Length',$,IFCLENGTHMEASURE(4682.7353),$);
#4355= IFCPROPERTYSINGLEVALUE('OuterSurfaceArea',$,IFCAREAMEASURE(5.42729),$);
#4356= IFCPROPERTYSINGLEVALUE('GrossSurfaceArea',$,IFCAREAMEASURE(5.42729),$);
#4357= IFCPROPERTYSINGLEVALUE('NetSurfaceArea',$,IFCAREAMEASURE(5.53451),$);
#4358= IFCPROPERTYSINGLEVALUE('GrossVolume',$,IFCVOLUMEMEASURE(0.02519),$);
#4359= IFCPROPERTYSINGLEVALUE('NetVolume',$,IFCVOLUMEMEASURE(0.02417),$);
#4360= IFCPROPERTYSINGLEVALUE('GrossWeight',$,IFCMASSMEASURE(197.76596),$);
#4361= IFCPROPERTYSINGLEVALUE('NetWeight',$,IFCMASSMEASURE(189.72379),$);
#4362= IFCPROPERTYSET('3iB_0GkwnCBxTFzxSOEGlw',$,'Qto_BeamBaseQuantities','Base quantities that are common to the definition of all occurrences of beams.',(#4354,#1211,#4355,#4356,#4357,#4358,#4359,#4360,#4361));
#4363= IFCPROPERTYSINGLEVALUE('ASSEMBLY_POS',$,IFCLABEL('M/2'),$);
#4364= IFCPROPERTYSET('1SzNfcSbnFbg0Z5T5C4qaq',$,'BEAM',$,(#4363));
#4365= IFCRELAGGREGATES('2kTn1CaED9kwNH_oJvvqQv',$,$,$,#4340,(#4351));
#4366= IFCCARTESIANPOINT((23050.,-1860.71419,10770.));
#4367= IFCAXIS2PLACEMENT3D(#4366,#39,#40);
#4368= IFCLOCALPLACEMENT(#36,#4367);
#4369= IFCELEMENTASSEMBLY('1f2Q4M000CmZ4tDZ8oDJGu',$,'BEAM',$,$,#4368,$,$,$,.NOTDEFINED.);
#4370= IFCCARTESIANPOINT((1901.54403,-62.16,27.));
#4371= IFCAXIS2PLACEMENT3D(#4370,#24,#1004);
#4372= IFCLOCALPLACEMENT(#4368,#4371);
#4373= IFCSHAPEREPRESENTATION(#55,'Body','SolidModel',(#1010));
#4374= IFCSHAPEREPRESENTATION(#58,'CoG','Point',(#1012));
#4375= IFCPRODUCTDEFINITIONSHAPE($,$,(#4373,#4374));
#4376= IFCPLATE('1f2Q4M000D$34tDZ8oDJGu',$,'PLATE','PL8',$,#4372,#4375,'S235JR',.NOTDEFINED.);
#4377= IFCLOCALPLACEMENT(#4368,#1060);
#4378= IFCSHAPEREPRESENTATION(#55,'Body','SolidModel',(#1010));
#4379= IFCSHAPEREPRESENTATION(#58,'CoG','Point',(#1012));
#4380= IFCPRODUCTDEFINITIONSHAPE($,$,(#4378,#4379));
#4381= IFCPLATE('1f2Q4M000Dz34tDZ8oDJGu',$,'PLATE','PL8',$,#4377,#4380,'S235JR',.NOTDEFINED.);
#4382= IFCLOCALPLACEMENT(#4368,#26);
#4383= IFCSHAPEREPRESENTATION(#55,'Body','Tessellation',(#1068));
#4384= IFCSHAPEREPRESENTATION(#212,'Axis','Curve3D',(#1029));
#4385= IFCSHAPEREPRESENTATION(#58,'CoG','Point',(#1071));
#4386= IFCPRODUCTDEFINITIONSHAPE($,$,(#4383,#4384,#4385));
#4387= IFCBEAM('1f2Q4M000CmJ4tDZ8oDJGu',$,'BEAM','UNP140',$,#4382,#4386,'S275JR',.NOTDEFINED.);
#4388= IFCPROPERTYSINGLEVALUE('ASSEMBLY_POS',$,IFCLABEL('PT/11'),$);
#4389= IFCPROPERTYSET('2gkkv1RvfF58j93qUruWq5',$,'BEAM',$,(#4388));
#4390= IFCRELAGGREGATES('3ku8fMYS91UBCQE8Pr$jzI',$,$,$,#4369,(#4376,#4381,#4387));
#4391= IFCCARTESIANPOINT((23050.,-1860.71419,9270.));
#4392= IFCAXIS2PLACEMENT3D(#4391,#39,#40);
#4393= IFCLOCALPLACEMENT(#36,#4392);
#4394= IFCELEMENTASSEMBLY('1f2Q4M000Cv34tDZ8oDJGu',$,'BEAM',$,$,#4393,$,$,$,.NOTDEFINED.);
#4395= IFCLOCALPLACEMENT(#4393,#1053);
#4396= IFCSHAPEREPRESENTATION(#55,'Body','SolidModel',(#1010));
#4397= IFCSHAPEREPRESENTATION(#58,'CoG','Point',(#1012));
#4398= IFCPRODUCTDEFINITIONSHAPE($,$,(#4396,#4397));
#4399= IFCPLATE('1f90zT0006xJ4tDZCvDpar',$,'PLATE','PL8',$,#4395,#4398,'S235JR',.NOTDEFINED.);
#4400= IFCLOCALPLACEMENT(#4393,#1060);
#4401= IFCSHAPEREPRESENTATION(#55,'Body','SolidModel',(#1010));
#4402= IFCSHAPEREPRESENTATION(#58,'CoG','Point',(#1012));
#4403= IFCPRODUCTDEFINITIONSHAPE($,$,(#4401,#4402));
#4404= IFCPLATE('1f2Q4M000E134tDZ8oDJGu',$,'PLATE','PL8',$,#4400,#4403,'S235JR',.NOTDEFINED.);
#4405= IFCLOCALPLACEMENT(#4393,#26);
#4406= IFCSHAPEREPRESENTATION(#55,'Body','Tessellation',(#1068));
#4407= IFCSHAPEREPRESENTATION(#212,'Axis','Curve3D',(#1029));
#4408= IFCSHAPEREPRESENTATION(#58,'CoG','Point',(#1071));
#4409= IFCPRODUCTDEFINITIONSHAPE($,$,(#4406,#4407,#4408));
#4410= IFCBEAM('1f2Q4M000Cup4tDZ8oDJGu',$,'BEAM','UNP140',$,#4405,#4409,'S275JR',.NOTDEFINED.);
#4411= IFCRELAGGREGATES('2JLaYy9NP5g8Q5D16BS509',$,$,$,#4394,(#4399,#4404,#4410));
#4412= IFCCARTESIANPOINT((23050.,-1860.71419,8345.));
#4413= IFCAXIS2PLACEMENT3D(#4412,#39,#40);
#4414= IFCLOCALPLACEMENT(#36,#4413);
#4415= IFCELEMENTASSEMBLY('1f2Q4M000EPZ4tDZ8oDJGu',$,'BEAM',$,$,#4414,$,$,$,.NOTDEFINED.);
#4416= IFCLOCALPLACEMENT(#4414,#26);
#4417= IFCSHAPEREPRESENTATION(#55,'Body','Tessellation',(#1068));
#4418= IFCSHAPEREPRESENTATION(#212,'Axis','Curve3D',(#1029));
#4419= IFCSHAPEREPRESENTATION(#58,'CoG','Point',(#1071));
#4420= IFCPRODUCTDEFINITIONSHAPE($,$,(#4417,#4418,#4419));
#4421= IFCBEAM('1f2Q4M000EPJ4tDZ8oDJGu',$,'BEAM','UNP140',$,#4416,#4420,'S275JR',.NOTDEFINED.);
#4422= IFCLOCALPLACEMENT(#4414,#1053);
#4423= IFCSHAPEREPRESENTATION(#55,'Body','SolidModel',(#1010));
#4424= IFCSHAPEREPRESENTATION(#58,'CoG','Point',(#1012));
#4425= IFCPRODUCTDEFINITIONSHAPE($,$,(#4423,#4424));
#4426= IFCPLATE('1f2Q4M000EMJ4tDZ8oDJGu',$,'PLATE','PL8',$,#4422,#4425,'S235JR',.NOTDEFINED.);
#4427= IFCLOCALPLACEMENT(#4414,#1060);
#4428= IFCSHAPEREPRESENTATION(#55,'Body','SolidModel',(#1010));
#4429= IFCSHAPEREPRESENTATION(#58,'CoG','Point',(#1012));
#4430= IFCPRODUCTDEFINITIONSHAPE($,$,(#4428,#4429));
#4431= IFCPLATE('1f2Q4M000EFJ4tDZ8oDJGu',$,'PLATE','PL8',$,#4427,#4430,'S235JR',.NOTDEFINED.);
#4432= IFCRELAGGREGATES('0pudRxJr1EneQpvlTOiVEY',$,$,$,#4415,(#4421,#4426,#4431));
#4433= IFCCARTESIANPOINT((23050.,1754.22581,5180.));
#4434= IFCAXIS2PLACEMENT3D(#4433,#25,#39);
#4435= IFCLOCALPLACEMENT(#36,#4434);
#4436= IFCELEMENTASSEMBLY('1f2Q4M000ECZ4tDZ8oDJGu',$,'Mevcut',$,$,#4435,$,$,$,.NOTDEFINED.);
#4437= IFCLOCALPLACEMENT(#4435,#26);
#4438= IFCCARTESIANPOINTLIST2D(((0.,0.),(800.,0.),(800.,4214.85791),(0.,4214.85791)));
#4439= IFCINDEXEDPOLYCURVE(#4438,(IFCLINEINDEX((1,2,3,4,1))),$);
#4440= IFCARBITRARYCLOSEDPROFILEDEF(.AREA.,'PL30',#4439);
#4441= IFCCARTESIANPOINT((0.,0.,15.));
#4442= IFCAXIS2PLACEMENT3D(#4441,#25,#24);
#4443= IFCEXTRUDEDAREASOLID(#4440,#4442,#50,30.);
#4444= IFCSHAPEREPRESENTATION(#55,'Body','SolidModel',(#4443));
#4445= IFCCARTESIANPOINT((400.44976,2107.93404,-0.00205));
#4446= IFCSHAPEREPRESENTATION(#58,'CoG','Point',(#4445));
#4447= IFCPRODUCTDEFINITIONSHAPE($,$,(#4444,#4446));
#4448= IFCPLATE('1f2Q4M000ECJ4tDZ8oDJGu',$,'Mevcut','PL30',$,#4437,#4447,'S235JR',.NOTDEFINED.);
#4449= IFCPROPERTYSINGLEVALUE('Width',$,IFCLENGTHMEASURE(30.),$);
#4450= IFCPROPERTYSINGLEVALUE('Perimeter',$,IFCLENGTHMEASURE(10029.71582),$);
#4451= IFCPROPERTYSINGLEVALUE('GrossArea',$,IFCAREAMEASURE(3.37189),$);
#4452= IFCPROPERTYSINGLEVALUE('NetArea',$,IFCAREAMEASURE(7.06603),$);
#4453= IFCPROPERTYSINGLEVALUE('GrossVolume',$,IFCVOLUMEMEASURE(0.10116),$);
#4454= IFCPROPERTYSINGLEVALUE('NetVolume',$,IFCVOLUMEMEASURE(0.10101),$);
#4455= IFCPROPERTYSINGLEVALUE('GrossWeight',$,IFCMASSMEASURE(794.07923),$);
#4456= IFCPROPERTYSINGLEVALUE('NetWeight',$,IFCMASSMEASURE(792.89826),$);
#4457= IFCPROPERTYSET('1n74qbGuv56u2$C64mm$BT',$,'Qto_PlateBaseQuantities','Base quantities that are common to the definition of all occurrences of plates.',(#4449,#4450,#4451,#4452,#4453,#4454,#4455,#4456));
#4458= IFCCARTESIANPOINT((0.,1354.16798,-5165.));
#4459= IFCDIRECTION((-3.48E-07,0.,1.));
#4460= IFCAXIS2PLACEMENT3D(#4458,#40,#4459);
#4461= IFCLOCALPLACEMENT(#4437,#4460);
#4462= IFCSHAPEREPRESENTATION(#55,'Body','SolidModel',(#2922));
#4463= IFCPRODUCTDEFINITIONSHAPE($,$,(#4462));
#4464= IFCVOIDINGFEATURE('1f2Q4M000EFp4tDZ8oDJGu',$,'Mevcut','HEA260',$,#4461,#4463,'(?)',.HOLE.);
#4465= IFCCARTESIANPOINT((0.,3609.16798,6460.));
#4466= IFCAXIS2PLACEMENT3D(#4465,#40,#50);
#4467= IFCLOCALPLACEMENT(#4437,#4466);
#4468= IFCPOLYGONALFACESET(#3077,.T.,(#143,#968,#969,#970,#971,#972,#973,#2214,#2215,#2216,#2217,#3078,#3079,#3080),$);
#4469= IFCSHAPEREPRESENTATION(#55,'Body','Tessellation',(#4468));
#4470= IFCPRODUCTDEFINITIONSHAPE($,$,(#4469));
#4471= IFCVOIDINGFEATURE('1f2Q4M000ENZ4tDZ8oDJGu',$,'BEAM','HEA160',$,#4467,#4470,'(?)',.HOLE.);
#4472= IFCRELAGGREGATES('1MLmnWL$f0zuXAnsatBiEj',$,$,$,#4436,(#4448));
#4473= IFCCARTESIANPOINT((23525.00409,-1407.44218,5125.));
#4474= IFCAXIS2PLACEMENT3D(#4473,#39,#85);
#4475= IFCLOCALPLACEMENT(#36,#4474);
#4476= IFCELEMENTASSEMBLY('1f2Q4M000Eyp4tDZ8oDJGu',$,'BEAM',$,$,#4475,$,$,$,.NOTDEFINED.);
#4477= IFCLOCALPLACEMENT(#4475,#26);
#4478= IFCCARTESIANPOINTLIST3D(((22.5,-40.,-22.5),(22.5,40.,-22.5),(387.5,40.,-22.5),(387.5,-40.,-22.5),(22.5,40.,22.5),(387.5,40.,22.5),(22.5,33.8,22.5),(387.5,33.8,22.5),(22.5,30.68,-16.5),(387.5,30.68,-16.5),(22.5,-30.68,-16.5),(387.5,-30.68,-16.5),(22.5,-33.8,22.5),(387.5,-33.8,22.5),(22.5,-40.,22.5),(387.5,-40.,22.5)));
#4479= IFCPOLYGONALFACESET(#4478,.T.,(#143,#968,#969,#970,#971,#972,#973,#974,#975,#976),$);
#4480= IFCSHAPEREPRESENTATION(#55,'Body','Tessellation',(#4479));
#4481= IFCSHAPEREPRESENTATION(#212,'Axis','Curve3D',(#1743));
#4482= IFCCARTESIANPOINT((205.,0.,-7.68012));
#4483= IFCSHAPEREPRESENTATION(#58,'CoG','Point',(#4482));
#4484= IFCPRODUCTDEFINITIONSHAPE($,$,(#4480,#4481,#4483));
#4485= IFCBEAM('1f2Q4M000EyZ4tDZ8oDJGu',$,'BEAM','UNP80',$,#4477,#4484,'S275JR',.NOTDEFINED.);
#4486= IFCPROPERTYSINGLEVALUE('Length',$,IFCLENGTHMEASURE(365.),$);
#4487= IFCPROPERTYSINGLEVALUE('OuterSurfaceArea',$,IFCAREAMEASURE(0.11388),$);
#4488= IFCPROPERTYSINGLEVALUE('GrossSurfaceArea',$,IFCAREAMEASURE(0.11388),$);
#4489= IFCPROPERTYSINGLEVALUE('NetSurfaceArea',$,IFCAREAMEASURE(0.1197),$);
#4490= IFCPROPERTYSINGLEVALUE('GrossWeight',$,IFCMASSMEASURE(3.15178),$);
#4491= IFCPROPERTYSINGLEVALUE('NetWeight',$,IFCMASSMEASURE(3.1096),$);
#4492= IFCPROPERTYSET('2M3DfLhnH8MgtanFdNT9l9',$,'Qto_BeamBaseQuantities','Base quantities that are common to the definition of all occurrences of beams.',(#4486,#275,#4487,#4488,#4489,#1753,#1754,#4490,#4491));
#4493= IFCPROPERTYSINGLEVALUE('ASSEMBLY_POS',$,IFCLABEL('PT/13'),$);
#4494= IFCPROPERTYSET('0LhNw4LJP7VA10a_hrx_kW',$,'BEAM',$,(#4493));
#4495= IFCRELAGGREGATES('3Uus3s_55DGezAKmJxeEZC',$,$,$,#4476,(#4485));
#4496= IFCCARTESIANPOINT((24272.50409,-1304.94218,12765.));
#4497= IFCAXIS2PLACEMENT3D(#4496,#39,#40);
#4498= IFCLOCALPLACEMENT(#36,#4497);
#4499= IFCELEMENTASSEMBLY('1f90zT0007SZ4tDZCvDpat',$,'RAILING',$,$,#4498,$,$,$,.NOTDEFINED.);
#4500= IFCCARTESIANPOINT((305.77812,385.,748.2883));
#4501= IFCAXIS2PLACEMENT3D(#4500,#24,#85);
#4502= IFCLOCALPLACEMENT(#4498,#4501);
#4503= IFCCARTESIANPOINTLIST3D(((401.14427,-32.27462,7.64756),(396.95655,-33.39672,14.13603),(390.54872,-17.92685,14.13603),(394.30333,-15.75913,7.64756),(380.35534,-4.64258,14.13603),(383.42097,-1.57695,7.64756),(367.07107,5.5508,14.13603),(369.2388,9.30541,7.64756),(351.60121,11.95862,14.13603),(352.7233,16.14635,7.64756),(363.82683,-0.06838,18.47148),(349.92187,5.69124,18.47148),(375.7673,-9.23062,18.47148),(384.92954,-21.17109,18.47148),(390.68917,-35.07606,18.47148),(383.29629,-37.05697,19.99389),(378.30127,-24.99792,19.99389),(370.35534,-14.64258,19.99389),(360.,-6.69665,19.99389),(347.94095,-1.70163,19.99389),(356.17317,-13.32492,18.47148),(345.96004,-9.09451,18.47148),(364.94338,-20.05454,18.47148),(371.673,-28.82476,18.47148),(375.90342,-39.03789,18.47148),(369.63604,-40.71722,14.13603),(366.05382,-32.06899,14.13603),(360.35534,-24.64258,14.13603),(352.92893,-18.9441,14.13603),(344.2807,-15.36189,14.13603),(350.7612,-22.69872,7.64756),(343.1586,-19.54961,7.64756),(357.28971,-27.70821,7.64756),(362.29921,-34.23672,7.64756),(365.44831,-41.83932,7.64756),(363.97777,-42.23335,-0.00611),(360.98076,-34.99792,-0.00611),(356.2132,-28.78472,-0.00611),(350.,-24.01716,-0.00611),(342.76457,-21.02015,-0.00611),(350.7612,-22.69872,-7.65978),(343.1586,-19.54961,-7.65978),(357.28971,-27.70821,-7.65978),(362.29921,-34.23672,-7.65978),(365.44831,-41.83932,-7.65978),(369.63604,-40.71722,-14.14824),(366.05382,-32.06899,-14.14824),(360.35534,-24.64258,-14.14824),(352.92893,-18.9441,-14.14824),(344.2807,-15.36189,-14.14824),(356.17317,-13.32492,-18.4837),(345.96004,-9.09451,-18.4837),(364.94338,-20.05454,-18.4837),(371.673,-28.82476,-18.4837),(375.90342,-39.03789,-18.4837),(383.29629,-37.05697,-20.00611),(378.30127,-24.99792,-20.00611),(370.35534,-14.64258,-20.00611),(360.,-6.69665,-20.00611),(347.94095,-1.70163,-20.00611),(363.82683,-0.06838,-18.4837),(349.92187,5.69124,-18.4837),(375.7673,-9.23062,-18.4837),(384.92954,-21.17109,-18.4837),(390.68917,-35.07606,-18.4837),(396.95655,-33.39672,-14.14824),(390.54872,-17.92685,-14.14824),(380.35534,-4.64258,-14.14824),(367.07107,5.5508,-14.14824),(351.60121,11.95862,-14.14824),(369.2388,9.30541,-7.65978),(352.7233,16.14635,-7.65978),(383.42097,-1.57695,-7.65978),(394.30333,-15.75913,-7.65978),(401.14427,-32.27462,-7.65978),(402.61481,-31.88059,-0.00611),(395.62178,-14.99792,-0.00611),(384.49747,-0.50045,-0.00611),(370.,10.62386,-0.00611),(353.11733,17.61689,-0.00611),(335.,20.00208,-0.00611),(335.,18.47759,-7.65367),(335.,14.14421,-14.14824),(335.,7.65575,-18.4837),(335.,0.00208,-20.00611),(335.,-7.65159,-18.4837),(335.,-14.14006,-14.14824),(335.,-18.47551,-7.65978),(335.,-19.99792,-0.00611),(335.,-18.47551,7.64756),(335.,-14.14006,14.13603),(335.,-7.65159,18.47148),(335.,0.00208,19.99389),(335.,7.65575,18.47148),(335.,14.14421,14.13603),(335.,18.47967,7.64756),(361.90301,-49.99792,-9.57319),(360.98631,-43.03491,-9.57319),(366.22097,-41.63229,-17.68378),(367.32233,-49.99792,-17.68378),(374.0552,-39.53311,-23.1031),(375.43291,-49.99792,-23.1031),(383.29629,-37.05697,-25.00611),(385.,-49.99792,-25.00611),(392.53739,-34.58083,-23.1031),(394.56709,-49.99792,-23.1031),(400.37161,-32.48165,-17.68378),(402.67767,-49.99792,-17.68378),(405.60627,-31.07903,-9.57319),(408.09699,-49.99792,-9.57319),(407.44444,-30.58649,-0.00611),(410.,-49.99792,-0.00611),(361.90301,-49.99792,9.56098),(360.98631,-43.03491,9.56098),(359.14815,-43.52745,-0.00611),(360.,-49.99792,-0.00611),(367.32233,-49.99792,17.67156),(366.22097,-41.63229,17.67156),(375.43291,-49.99792,23.09088),(374.0552,-39.53311,23.09088),(385.,-49.99792,24.99389),(383.29629,-37.05697,24.99389),(394.56709,-49.99792,23.09088),(392.53739,-34.58083,23.09088),(402.67767,-49.99792,17.67156),(400.37161,-32.48165,17.67156),(408.09699,-49.99792,9.56098),(405.60627,-31.07903,9.56098),(356.65064,-37.49792,-0.00611),(358.29869,-36.54642,-9.57319),(362.99196,-33.83676,-17.68378),(370.01593,-29.78147,-23.1031),(378.30127,-24.99792,-25.00611),(386.58661,-20.21438,-23.1031),(393.61058,-16.15909,-17.68378),(398.30385,-13.44943,-9.57319),(399.95191,-12.49792,-0.00611),(398.30385,-13.44943,9.56098),(393.61058,-16.15909,17.67156),(386.58661,-20.21438,23.09088),(378.30127,-24.99792,24.99389),(370.01593,-29.78147,23.09088),(362.99196,-33.83676,17.67156),(358.29869,-36.54642,9.56098),(354.0233,-30.97462,9.56098),(352.67767,-32.32025,-0.00611),(354.0233,-30.97462,-9.57319),(357.85534,-27.14258,-17.68378),(363.59039,-21.40753,-23.1031),(370.35534,-14.64258,-25.00611),(377.12029,-7.87763,-23.1031),(382.85534,-2.14258,-17.68378),(386.68738,1.68945,-9.57319),(388.03301,3.03509,-0.00611),(386.68738,1.68945,9.56098),(382.85534,-2.14258,17.67156),(377.12029,-7.87763,23.09088),(370.35534,-14.64258,24.99389),(363.59039,-21.40753,23.09088),(357.85534,-27.14258,17.67156),(351.16117,-22.00596,17.67156),(348.45151,-26.69923,9.56098),(347.5,-28.34729,-0.00611),(348.45151,-26.69923,-9.57319),(351.16117,-22.00596,-17.68378),(355.21646,-14.98199,-23.1031),(360.,-6.69665,-25.00611),(364.78354,1.58869,-23.1031),(368.83883,8.61266,-17.68378),(371.54849,13.30593,-9.57319),(372.5,14.95398,-0.00611),(371.54849,13.30593,9.56098),(368.83883,8.61266,17.67156),(364.78354,1.58869,23.09088),(360.,-6.69665,24.99389),(355.21646,-14.98199,23.09088),(345.46481,-10.94273,23.09088),(343.36563,-18.77695,17.67156),(341.96301,-24.01161,9.56098),(341.47048,-25.84978,-0.00611),(341.96301,-24.01161,-9.57319),(343.36563,-18.77695,-17.68378),(345.46481,-10.94273,-23.1031),(347.94095,-1.70163,-25.00611),(350.4171,7.53946,-23.1031),(352.51627,15.37369,-17.68378),(353.91889,20.60835,-9.57319),(354.41143,22.44651,-0.00611),(353.91889,20.60835,9.56098),(352.51627,15.37369,17.67156),(350.4171,7.53946,23.09088),(347.94095,-1.70163,24.99389),(335.,0.00208,24.99389),(335.,-9.56501,23.09088),(335.,-17.67559,17.67156),(335.,-23.09491,9.56098),(335.,-24.99792,-0.00611),(335.,-23.09491,-9.57319),(335.,-17.67559,-17.68378),(335.,-9.56501,-23.1031),(335.,0.00208,-25.00611),(335.,9.56916,-23.1031),(335.,17.67975,-17.68378),(335.,23.09907,-9.57319),(335.,25.00208,-0.00611),(335.,23.09699,9.56709),(335.,17.67975,17.67156),(335.,9.56916,23.09088),(-40.43291,-49.99792,23.09088),(-32.32233,-49.99792,17.67156),(-31.22097,-41.63229,17.67156),(-39.0552,-39.53311,23.09088),(-27.99196,-33.83676,17.67156),(-35.01593,-29.78147,23.09088),(-22.85534,-27.14258,17.67156),(-28.59039,-21.40753,23.09088),(-16.16117,-22.00596,17.67156),(-20.21646,-14.98199,23.09088),(-8.36563,-18.77695,17.67156),(-10.46481,-10.94273,23.09088),(0.,-17.67559,17.67156),(0.,-9.56501,23.09088),(-6.96301,-24.01161,9.56098),(0.,-23.09491,9.56098),(-13.45151,-26.69923,9.56098),(-19.0233,-30.97462,9.56098),(-23.29869,-36.54642,9.56098),(-25.98631,-43.03491,9.56098),(-26.90301,-49.99792,9.56098),(-25.,-49.99792,-0.00611),(-24.14815,-43.52745,-0.00611),(-21.65064,-37.49792,-0.00611),(-17.67767,-32.32025,-0.00611),(-12.5,-28.34729,-0.00611),(-6.47048,-25.84978,-0.00611),(0.,-24.99792,-0.00611),(-6.96301,-24.01161,-9.57319),(0.,-23.09491,-9.57319),(-13.45151,-26.69923,-9.57319),(-19.0233,-30.97462,-9.57319),(-23.29869,-36.54642,-9.57319),(-25.98631,-43.03491,-9.57319),(-26.90301,-49.99792,-9.57319),(-32.32233,-49.99792,-17.68378),(-31.22097,-41.63229,-17.68378),(-27.99196,-33.83676,-17.68378),(-22.85534,-27.14258,-17.68378),(-16.16117,-22.00596,-17.68378),(-8.36563,-18.77695,-17.68378),(0.,-17.67559,-17.68378),(-10.46481,-10.94273,-23.1031),(0.,-9.56501,-23.1031),(-20.21646,-14.98199,-23.1031),(-28.59039,-21.40753,-23.1031),(-35.01593,-29.78147,-23.1031),(-39.0552,-39.53311,-23.1031),(-40.43291,-49.99792,-23.1031),(-50.,-49.99792,-25.00611),(-48.29629,-37.05697,-25.00611),(-43.30127,-24.99792,-25.00611),(-35.35534,-14.64258,-25.00611),(-25.,-6.69665,-25.00611),(-12.94095,-1.70163,-25.00611),(0.,0.00208,-25.00611),(-15.4171,7.53946,-23.1031),(0.,9.56916,-23.1031),(-29.78354,1.58869,-23.1031),(-42.12029,-7.87763,-23.1031),(-51.58661,-20.21438,-23.1031),(-57.53739,-34.58083,-23.1031),(-59.56709,-49.99792,-23.1031),(-67.67767,-49.99792,-17.68378),(-65.37161,-32.48165,-17.68378),(-58.61058,-16.15909,-17.68378),(-47.85534,-2.14258,-17.68378),(-33.83883,8.61266,-17.68378),(-17.51627,15.37369,-17.68378),(0.,17.67975,-17.68378),(-18.91889,20.60835,-9.57319),(0.,23.09699,-9.56709),(-36.54849,13.30593,-9.57319),(-51.68738,1.68945,-9.57319),(-63.30385,-13.44943,-9.57319),(-70.60627,-31.07903,-9.57319),(-73.09699,-49.99792,-9.57319),(-75.,-49.99792,-0.00611),(-72.44444,-30.58649,-0.00611),(-64.95191,-12.49792,-0.00611),(-53.03301,3.03509,-0.00611),(-37.5,14.95398,-0.00611),(-19.41143,22.44651,-0.00611),(0.,25.00208,-0.00611),(-18.91889,20.60835,9.56098),(0.,23.09907,9.56098),(-36.54849,13.30593,9.56098),(-51.68738,1.68945,9.56098),(-63.30385,-13.44943,9.56098),(-70.60627,-31.07903,9.56098),(-73.09699,-49.99792,9.56098),(-67.67767,-49.99792,17.67156),(-65.37161,-32.48165,17.67156),(-58.61058,-16.15909,17.67156),(-47.85534,-2.14258,17.67156),(-33.83883,8.61266,17.67156),(-17.51627,15.37369,17.67156),(0.,17.67975,17.67156),(-15.4171,7.53946,23.09088),(0.,9.56916,23.09088),(-29.78354,1.58869,23.09088),(-42.12029,-7.87763,23.09088),(-51.58661,-20.21438,23.09088),(-57.53739,-34.58083,23.09088),(-59.56709,-49.99792,23.09088),(-50.,-49.99792,24.99389),(-48.29629,-37.05697,24.99389),(-43.30127,-24.99792,24.99389),(-35.35534,-14.64258,24.99389),(-25.,-6.69665,24.99389),(-12.94095,-1.70163,24.99389),(0.,0.00208,24.99389),(-30.,-49.99792,-0.00611),(-31.52241,-49.99792,7.64756),(-30.44831,-41.83932,7.64756),(-28.97777,-42.23335,-0.00611),(-31.52241,-49.99792,-7.65978),(-30.44831,-41.83932,-7.65978),(-35.85786,-49.99792,-14.14824),(-34.63604,-40.71722,-14.14824),(-42.34633,-49.99792,-18.4837),(-40.90342,-39.03789,-18.4837),(-50.,-49.99792,-20.00611),(-48.29629,-37.05697,-20.00611),(-57.65367,-49.99792,-18.4837),(-55.68917,-35.07606,-18.4837),(-64.14214,-49.99792,-14.14824),(-61.95655,-33.39672,-14.14824),(-68.47759,-49.99792,-7.65978),(-66.14427,-32.27462,-7.65978),(-70.,-49.99792,-0.00611),(-67.61481,-31.88059,-0.00611),(-68.47759,-49.99792,7.64756),(-66.14427,-32.27462,7.64756),(-64.14214,-49.99792,14.13603),(-61.95655,-33.39672,14.13603),(-57.65367,-49.99792,18.47148),(-55.68917,-35.07606,18.47148),(-50.,-49.99792,19.99389),(-48.29629,-37.05697,19.99389),(-42.34633,-49.99792,18.47148),(-40.90342,-39.03789,18.47148),(-35.85786,-49.99792,14.13603),(-34.63604,-40.71722,14.13603),(-31.05382,-32.06899,14.13603),(-27.29921,-34.23672,7.64756),(-25.98076,-34.99792,-0.00611),(-27.29921,-34.23672,-7.65978),(-31.05382,-32.06899,-14.14824),(-36.673,-28.82476,-18.4837),(-43.30127,-24.99792,-20.00611),(-49.92954,-21.17109,-18.4837),(-55.54872,-17.92685,-14.14824),(-59.30333,-15.75913,-7.65978),(-60.62178,-14.99792,-0.00611),(-59.30333,-15.75913,7.64756),(-55.54872,-17.92685,14.13603),(-49.92954,-21.17109,18.47148),(-43.30127,-24.99792,19.99389),(-36.673,-28.82476,18.47148),(-29.94338,-20.05454,18.47148),(-25.35534,-24.64258,14.13603),(-22.28971,-27.70821,7.64756),(-21.2132,-28.78472,-0.00611),(-22.28971,-27.70821,-7.65978),(-25.35534,-24.64258,-14.14824),(-29.94338,-20.05454,-18.4837),(-35.35534,-14.64258,-20.00611),(-40.7673,-9.23062,-18.4837),(-45.35534,-4.64258,-14.14824),(-48.42097,-1.57695,-7.65978),(-49.49747,-0.50045,-0.00611),(-48.42097,-1.57695,7.64756),(-45.35534,-4.64258,14.13603),(-40.7673,-9.23062,18.47148),(-35.35534,-14.64258,19.99389),(-25.,-6.69665,19.99389),(-21.17317,-13.32492,18.47148),(-17.92893,-18.9441,14.13603),(-15.7612,-22.69872,7.64756),(-15.,-24.01716,-0.00611),(-15.7612,-22.69872,-7.65978),(-17.92893,-18.9441,-14.14824),(-21.17317,-13.32492,-18.4837),(-25.,-6.69665,-20.00611),(-28.82683,-0.06838,-18.4837),(-32.07107,5.5508,-14.14824),(-34.2388,9.30541,-7.65978),(-35.,10.62386,-0.00611),(-34.2388,9.30541,7.64756),(-32.07107,5.5508,14.13603),(-28.82683,-0.06838,18.47148),(-14.92187,5.69124,18.47148),(-12.94095,-1.70163,19.99389),(-10.96004,-9.09451,18.47148),(-9.2807,-15.36189,14.13603),(-8.1586,-19.54961,7.64756),(-7.76457,-21.02015,-0.00611),(-8.1586,-19.54961,-7.65978),(-9.2807,-15.36189,-14.14824),(-10.96004,-9.09451,-18.4837),(-12.94095,-1.70163,-20.00611),(-14.92187,5.69124,-18.4837),(-16.60121,11.95862,-14.14824),(-17.7233,16.14635,-7.65978),(-18.11733,17.61689,-0.00611),(-17.7233,16.14635,7.64756),(-16.60121,11.95862,14.13603),(0.,14.14421,14.13603),(0.,7.65575,18.47148),(0.,0.00208,19.99389),(0.,-7.65159,18.47148),(0.,-14.14006,14.13603),(0.,-18.47551,7.64756),(0.,-19.99792,-0.00611),(0.,-18.47551,-7.65978),(0.,-14.14006,-14.14824),(0.,-7.65159,-18.4837),(0.,0.00208,-20.00611),(0.,7.65575,-18.4837),(0.,14.14421,-14.14824),(0.,18.47967,-7.65978),(0.,20.00208,-0.00611),(0.,18.47759,7.65367),(403.47759,-49.99792,7.64756),(405.,-49.99792,-0.00611),(399.14214,-49.99792,14.13603),(392.65367,-49.99792,18.47148),(385.,-49.99792,19.99389),(377.34633,-49.99792,18.47148),(370.85786,-49.99792,14.13603),(366.52241,-49.99792,7.64756),(365.,-49.99792,-0.00611),(366.52241,-49.99792,-7.65978),(370.85786,-49.99792,-14.14824),(377.34633,-49.99792,-18.4837),(385.,-49.99792,-20.00611),(392.65367,-49.99792,-18.4837),(399.14214,-49.99792,-14.14824),(403.47759,-49.99792,-7.65978),(394.56709,-99.99792,23.09088),(402.67767,-99.99792,17.67156),(408.09699,-99.99792,9.56098),(410.,-99.99792,-0.00611),(375.43291,-99.99792,23.09088),(385.,-99.99792,24.99389),(367.32233,-99.99792,17.67156),(361.90301,-99.99792,9.56098),(360.,-99.99792,-0.00611),(361.90301,-99.99792,-9.57319),(367.32233,-99.99792,-17.68378),(375.43291,-99.99792,-23.1031),(385.,-99.99792,-25.00611),(394.56709,-99.99792,-23.1031),(402.67767,-99.99792,-17.68378),(408.09699,-99.99792,-9.57319),(403.47759,-99.99792,-7.65978),(405.,-99.99792,-0.00611),(399.14214,-99.99792,-14.14824),(392.65367,-99.99792,-18.4837),(385.,-99.99792,-20.00611),(377.34633,-99.99792,-18.4837),(370.85786,-99.99792,-14.14824),(366.52241,-99.99792,-7.65978),(365.,-99.99792,-0.00611),(366.52241,-99.99792,7.64756),(370.85786,-99.99792,14.13603),(377.34633,-99.99792,18.47148),(385.,-99.99792,19.99389),(392.65367,-99.99792,18.47148),(399.14214,-99.99792,14.13603),(403.47759,-99.99792,7.64756)));
#4504= IFCPOLYGONALFACESET(#4503,.T.,(#143,#344,#2317,#2318,#2319,#2320,#2321,#2322,#2323,#2324,#2325,#2326,#2216,#2327,#2328,#2329,#2330,#2331,#2332,#2333,#2220,#2334,#2335,#2336,#2337,#2338,#2339,#2340,#2225,#2341,#2342,#2343,#2344,#2345,#2346,#2347,#2230,#2348,#2349,#2350,#2351,#2352,#2353,#2354,#2235,#2355,#2356,#2357,#2358,#2359,#2360,#2361,#2362,#2363,#2364,#2365,#2366,#2367,#2368,#2369,#2370,#2371,#2372,#2373,#2374,#2375,#2376,#2377,#2378,#2379,#2380,#2381,#2382,#2383,#2384,#2385,#2386,#2387,#2388,#2389,#2390,#2391,#2392,#2393,#2394,#2395,#2396,#2397,#2398,#2399,#2400,#2401,#2402,#2403,#2404,#2405,#2406,#2407,#2408,#2409,#2410,#2411,#2412,#2413,#2414,#2415,#2416,#2417,#2418,#2419,#2420,#2421,#2422,#2423,#2424,#2425,#2426,#2427,#2428,#2429,#2430,#2431,#2432,#2433,#2434,#2435,#2436,#2437,#2438,#2439,#2440,#2441,#2442,#2443,#2444,#2445,#2446,#2447,#2448,#2449,#2450,#2451,#2452,#2453,#2454,#2455,#2456,#2457,#2458,#2459,#2460,#2461,#2462,#2463,#2464,#2465,#2466,#2467,#2468,#2469,#2470,#2471,#2472,#2473,#2474,#2475,#2476,#2477,#2478,#2479,#2480,#2481,#2482,#2483,#2484,#2485,#2486,#2487,#2488,#2489,#2490,#2491,#2492,#2493,#2494,#2495,#2496,#2497,#2498,#2499,#2500,#2501,#2502,#2503,#2504,#2505,#2506,#2507,#2508,#2509,#2510,#2511,#2512,#2513,#2514,#2515,#2516,#2517,#2518,#2519,#2520,#2521,#2522,#2523,#2524,#2525,#2526,#2527,#2528,#2529,#2530,#2531,#2532,#2533,#2534,#2535,#2536,#2537,#2538,#2539,#2540,#2541,#2542,#2543,#2544,#2545,#2546,#2547,#2548,#2549,#2550,#2551,#2552,#2553,#2554,#2555,#2556,#2557,#2558,#2559,#2560,#2561,#2562,#2563,#2564,#2565,#2566,#2567,#2568,#2569,#2570,#2571,#2572,#2573,#2574,#2575,#2576,#2577,#2578,#2579,#2580,#2581,#2582,#2583,#2584,#2585,#2586,#2587,#2588,#2589,#2590,#2591,#2592,#2593,#2594,#2595,#2596,#2597,#2598,#2599,#2600,#2601,#2602,#2603,#2604,#2605,#2606,#2607,#2608,#2609,#2610,#2611,#2612,#2613,#2614,#2615,#2616,#2617,#2618,#2619,#2620,#2621,#2622,#2623,#2624,#2625,#2626,#2627,#2628,#2629,#2630,#2631,#2632,#2633,#2634,#2635,#2636,#2637,#2638,#2639,#2640,#2641,#2642,#2643,#2644,#2645,#2646,#2647,#2648,#2649,#2650,#2651,#2652,#2653,#2654,#2655,#2656,#2657,#2658,#2659,#2660,#2661,#2662,#2663,#2664,#2665,#2666,#2667,#2668,#2669,#2670,#2671,#2672,#2673,#2674,#2675,#2676,#2677,#2678,#2679,#2680,#2681,#2682,#2683,#2684,#2685,#2686,#2687,#2688,#2689,#2690,#2691,#2692,#2693,#2694,#2695,#2696,#2697,#2698,#2699,#2700,#2701,#2702,#2703,#2704,#2705,#2706,#2707,#2708,#2709,#2710,#2711,#2712,#2713,#2714,#2715,#2716,#2717,#2718,#2719,#2720,#2721,#2722,#2723,#2724,#2725,#2726,#2727,#2728,#2729,#2730,#2731,#2732,#2733,#2734,#2735,#2736,#2737,#2738,#2739,#2740,#2741,#2742,#2743,#2744,#2745,#2746,#2747,#2748,#2749,#2750,#2751,#2752,#2753,#2754,#2755,#2756,#2757,#2758,#2759),$);
#4505= IFCSHAPEREPRESENTATION(#55,'Body','Tessellation',(#4504));
#4506= IFCSHAPEREPRESENTATION(#212,'Axis','Curve3D',(#2763));
#4507= IFCCARTESIANPOINT((187.63051,-11.30453,-0.006));
#4508= IFCSHAPEREPRESENTATION(#58,'CoG','Point',(#4507));
#4509= IFCPRODUCTDEFINITIONSHAPE($,$,(#4505,#4506,#4508));
#4510= IFCCOLUMN('1f90zT0007Vp4tDZCvDpat',$,'RAIL_BEND','PD50*5',$,#4502,#4509,'S235JR',.NOTDEFINED.);
#4511= IFCPROPERTYSINGLEVALUE('GrossWeight',$,IFCMASSMEASURE(2.92152),$);
#4512= IFCPROPERTYSINGLEVALUE('NetWeight',$,IFCMASSMEASURE(2.92152),$);
#4513= IFCPROPERTYSET('1bLEGKeHnDO9_ambRSiaM9',$,'Qto_ColumnBaseQuantities','Base quantities that are common to the definition of all occurrences of columns.',(#2769,#2250,#2770,#2771,#2772,#2773,#2112,#4511,#4512));
#4514= IFCCARTESIANPOINT((305.77202,0.,848.28623));
#4515= IFCAXIS2PLACEMENT3D(#4514,#39,#25);
#4516= IFCLOCALPLACEMENT(#4498,#4515);
#4517= IFCCARTESIANPOINTLIST3D(((0.,0.,20.),(0.,7.65367,18.47759),(60.19955,7.65367,18.47759),(61.72196,0.,20.),(0.,14.14214,14.14214),(55.86409,14.14214,14.14214),(0.,18.47759,7.65367),(49.37563,18.47759,7.65367),(0.,20.,0.),(41.72196,20.,0.),(0.,18.47759,-7.65367),(34.06829,18.47759,-7.65367),(0.,14.14214,-14.14214),(27.57982,14.14214,-14.14214),(0.,7.65367,-18.47759),(23.24437,7.65367,-18.47759),(0.,0.,-20.),(21.72196,0.,-20.),(0.,-7.65367,-18.47759),(23.24437,-7.65367,-18.47759),(0.,-14.14214,-14.14214),(27.57982,-14.14214,-14.14214),(0.,-18.47759,-7.65367),(34.06829,-18.47759,-7.65367),(0.,-20.,0.),(41.72196,-20.,0.),(0.,-18.47759,7.65367),(49.37563,-18.47759,7.65367),(0.,-14.14214,14.14214),(55.86409,-14.14214,14.14214),(0.,-7.65367,18.47759),(60.19955,-7.65367,18.47759),(0.,0.,25.),(0.,-9.56709,23.09699),(64.81895,-9.56709,23.09699),(66.72196,0.,25.),(0.,-17.67767,17.67767),(59.39963,-17.67767,17.67767),(0.,-23.09699,9.56709),(51.28904,-23.09699,9.56709),(0.,-25.,0.),(41.72196,-25.,0.),(0.,-23.09699,-9.56709),(32.15487,-23.09699,-9.56709),(0.,-17.67767,-17.67767),(24.04429,-17.67767,-17.67767),(0.,-9.56709,-23.09699),(18.62497,-9.56709,-23.09699),(0.,0.,-25.),(16.72196,0.,-25.),(0.,9.56709,-23.09699),(18.62497,9.56709,-23.09699),(0.,17.67767,-17.67767),(24.04429,17.67767,-17.67767),(0.,23.09699,-9.56709),(32.15487,23.09699,-9.56709),(0.,25.,0.),(41.72196,25.,0.),(0.,23.09699,9.56709),(51.28904,23.09699,9.56709),(0.,17.67767,17.67767),(59.39963,17.67767,17.67767),(0.,9.56709,23.09699),(64.81895,9.56709,23.09699)));
#4518= IFCPOLYGONALFACESET(#4517,.T.,(#143,#968,#969,#970,#971,#972,#973,#2214,#2215,#2216,#2217,#2218,#2219,#1102,#2220,#2221,#2222,#2223,#2224,#2225,#2226,#2227,#2228,#2229,#2230,#2231,#2232,#2233,#2234,#2235,#2236,#2237,#2238,#2239),$);
#4519= IFCSHAPEREPRESENTATION(#55,'Body','Tessellation',(#4518));
#4520= IFCCARTESIANPOINTLIST3D(((0.,0.,0.),(40.,0.,0.)));
#4521= IFCINDEXEDPOLYCURVE(#4520,(IFCLINEINDEX((1,2))),$);
#4522= IFCSHAPEREPRESENTATION(#212,'Axis','Curve3D',(#4521));
#4523= IFCCARTESIANPOINT((23.85398,0.,5.98601));
#4524= IFCSHAPEREPRESENTATION(#58,'CoG','Point',(#4523));
#4525= IFCPRODUCTDEFINITIONSHAPE($,$,(#4519,#4522,#4524));
#4526= IFCBEAM('1f90zT0007Up4tDZCvDpat',$,'RAILING','PD50*5',$,#4516,#4525,'S235JR',.NOTDEFINED.);
#4527= IFCPROPERTYSINGLEVALUE('Length',$,IFCLENGTHMEASURE(66.72196),$);
#4528= IFCPROPERTYSINGLEVALUE('OuterSurfaceArea',$,IFCAREAMEASURE(0.00744),$);
#4529= IFCPROPERTYSINGLEVALUE('GrossSurfaceArea',$,IFCAREAMEASURE(0.00744),$);
#4530= IFCPROPERTYSINGLEVALUE('NetSurfaceArea',$,IFCAREAMEASURE(0.00744),$);
#4531= IFCPROPERTYSINGLEVALUE('GrossWeight',$,IFCMASSMEASURE(0.2256),$);
#4532= IFCPROPERTYSINGLEVALUE('NetWeight',$,IFCMASSMEASURE(0.2256),$);
#4533= IFCPROPERTYSET('2aVKE8qRXCHfKCBrWZ7LO3',$,'Qto_BeamBaseQuantities','Base quantities that are common to the definition of all occurrences of beams.',(#4527,#2250,#4528,#4529,#4530,#960,#961,#4531,#4532));
#4534= IFCPROPERTYSINGLEVALUE('ASSEMBLY_POS',$,IFCLABEL('HR/1'),$);
#4535= IFCPROPERTYSET('0nyOyJQBr58PRvDk_PxPPs',$,'BEAM',$,(#4534));
#4536= IFCCARTESIANPOINT((305.77202,435.,798.28623));
#4537= IFCAXIS2PLACEMENT3D(#4536,#40,#25);
#4538= IFCLOCALPLACEMENT(#4498,#4537);
#4539= IFCCARTESIANPOINTLIST3D(((0.,0.,20.),(0.,7.65367,18.47759),(84.06829,7.65367,18.47759),(91.72196,0.,20.),(0.,14.14214,14.14214),(77.57982,14.14214,14.14214),(0.,18.47759,7.65367),(73.24437,18.47759,7.65367),(0.,20.,0.),(71.72196,20.,0.),(0.,18.47759,-7.65367),(73.24437,18.47759,-7.65367),(0.,14.14214,-14.14214),(77.57982,14.14214,-14.14214),(0.,7.65367,-18.47759),(84.06829,7.65367,-18.47759),(0.,0.,-20.),(91.72196,0.,-20.),(0.,-7.65367,-18.47759),(99.37563,-7.65367,-18.47759),(0.,-14.14214,-14.14214),(105.86409,-14.14214,-14.14214),(0.,-18.47759,-7.65367),(110.19955,-18.47759,-7.65367),(0.,-20.,0.),(111.72196,-20.,0.),(0.,-18.47759,7.65367),(110.19955,-18.47759,7.65367),(0.,-14.14214,14.14214),(105.86409,-14.14214,14.14214),(0.,-7.65367,18.47759),(99.37563,-7.65367,18.47759),(0.,0.,25.),(0.,-9.56709,23.09699),(101.28904,-9.56709,23.09699),(91.72196,0.,25.),(0.,-17.67767,17.67767),(109.39963,-17.67767,17.67767),(0.,-23.09699,9.56709),(114.81895,-23.09699,9.56709),(0.,-25.,0.),(116.72196,-25.,0.),(0.,-23.09699,-9.56709),(114.81895,-23.09699,-9.56709),(0.,-17.67767,-17.67767),(109.39963,-17.67767,-17.67767),(0.,-9.56709,-23.09699),(101.28904,-9.56709,-23.09699),(0.,0.,-25.),(91.72196,0.,-25.),(0.,9.56709,-23.09699),(82.15487,9.56709,-23.09699),(0.,17.67767,-17.67767),(74.04429,17.67767,-17.67767),(0.,23.09699,-9.56709),(68.62497,23.09699,-9.56709),(0.,25.,0.),(66.72196,25.,0.),(0.,23.09699,9.56709),(68.62497,23.09699,9.56709),(0.,17.67767,17.67767),(74.04429,17.67767,17.67767),(0.,9.56709,23.09699),(82.15487,9.56709,23.09699)));
#4540= IFCPOLYGONALFACESET(#4539,.T.,(#143,#968,#969,#970,#971,#972,#973,#2214,#2215,#2216,#2217,#2218,#2219,#1102,#2220,#2221,#2222,#2223,#2224,#2225,#2226,#2227,#2228,#2229,#2230,#2231,#2232,#2233,#2234,#2235,#2236,#2237,#2238,#2239),$);
#4541= IFCSHAPEREPRESENTATION(#55,'Body','Tessellation',(#4540));
#4542= IFCCARTESIANPOINTLIST3D(((0.,0.,0.),(90.,0.,0.)));
#4543= IFCINDEXEDPOLYCURVE(#4542,(IFCLINEINDEX((1,2))),$);
#4544= IFCSHAPEREPRESENTATION(#212,'Axis','Curve3D',(#4543));
#4545= IFCCARTESIANPOINT((47.22242,-2.72288,0.));
#4546= IFCSHAPEREPRESENTATION(#58,'CoG','Point',(#4545));
#4547= IFCPRODUCTDEFINITIONSHAPE($,$,(#4541,#4544,#4546));
#4548= IFCBEAM('1f90zT0007Tp4tDZCvDpat',$,'RAILING','PD50*5',$,#4538,#4547,'S235JR',.NOTDEFINED.);
#4549= IFCPROPERTYSINGLEVALUE('Length',$,IFCLENGTHMEASURE(116.72196),$);
#4550= IFCPROPERTYSINGLEVALUE('OuterSurfaceArea',$,IFCAREAMEASURE(0.01524),$);
#4551= IFCPROPERTYSINGLEVALUE('GrossSurfaceArea',$,IFCAREAMEASURE(0.01524),$);
#4552= IFCPROPERTYSINGLEVALUE('NetSurfaceArea',$,IFCAREAMEASURE(0.01524),$);
#4553= IFCPROPERTYSINGLEVALUE('GrossWeight',$,IFCMASSMEASURE(0.49597),$);
#4554= IFCPROPERTYSINGLEVALUE('NetWeight',$,IFCMASSMEASURE(0.49597),$);
#4555= IFCPROPERTYSET('1uurFQ7En7H8FLeAcIYwar',$,'Qto_BeamBaseQuantities','Base quantities that are common to the definition of all occurrences of beams.',(#4549,#2250,#4550,#4551,#4552,#3022,#3023,#4553,#4554));
#4556= IFCCARTESIANPOINT((305.77202,1075.,848.28623));
#4557= IFCAXIS2PLACEMENT3D(#4556,#25,#85);
#4558= IFCLOCALPLACEMENT(#4498,#4557);
#4559= IFCSHAPEREPRESENTATION(#55,'Body','Tessellation',(#2240));
#4560= IFCSHAPEREPRESENTATION(#212,'Axis','Curve3D',(#2243));
#4561= IFCSHAPEREPRESENTATION(#58,'CoG','Point',(#2245));
#4562= IFCPRODUCTDEFINITIONSHAPE($,$,(#4559,#4560,#4561));
#4563= IFCCOLUMN('1f90zT0007SJ4tDZCvDpat',$,'STANCHION','PD50*5',$,#4558,#4562,'S235JR',.NOTDEFINED.);
#4564= IFCCARTESIANPOINT((1250.77202,435.,0.));
#4565= IFCAXIS2PLACEMENT3D(#4564,#25,#24);
#4566= IFCLOCALPLACEMENT(#4498,#4565);
#4567= IFCSHAPEREPRESENTATION(#55,'Body','SolidModel',(#2892));
#4568= IFCSHAPEREPRESENTATION(#58,'CoG','Point',(#2894));
#4569= IFCPRODUCTDEFINITIONSHAPE($,$,(#4567,#4568));
#4570= IFCBEAM('1f2Q4M000CD34tDZ8oDJGu',$,'RAILING','PD50*5',$,#4566,#4569,'S235JR',.NOTDEFINED.);
#4571= IFCCARTESIANPOINT((1250.77202,0.,0.));
#4572= IFCAXIS2PLACEMENT3D(#4571,#25,#24);
#4573= IFCLOCALPLACEMENT(#4498,#4572);
#4574= IFCSHAPEREPRESENTATION(#55,'Body','SolidModel',(#2892));
#4575= IFCSHAPEREPRESENTATION(#58,'CoG','Point',(#2894));
#4576= IFCPRODUCTDEFINITIONSHAPE($,$,(#4574,#4575));
#4577= IFCBEAM('1f2Q4M000CCJ4tDZ8oDJGu',$,'RAILING','PD50*5',$,#4573,#4576,'S235JR',.NOTDEFINED.);
#4578= IFCCARTESIANPOINT((1373.27202,1075.,445.00409));
#4579= IFCAXIS2PLACEMENT3D(#4578,#50,#85);
#4580= IFCLOCALPLACEMENT(#4498,#4579);
#4581= IFCSHAPEREPRESENTATION(#55,'Body','Tessellation',(#2240));
#4582= IFCSHAPEREPRESENTATION(#212,'Axis','Curve3D',(#2243));
#4583= IFCSHAPEREPRESENTATION(#58,'CoG','Point',(#2245));
#4584= IFCPRODUCTDEFINITIONSHAPE($,$,(#4581,#4582,#4583));
#4585= IFCCOLUMN('1f2Q4M000CBJ4tDZ8oDJGu',$,'STANCHION','PD50*5',$,#4580,#4584,'S235JR',.NOTDEFINED.);
#4586= IFCCARTESIANPOINT((1343.27202,1045.,37.));
#4587= IFCAXIS2PLACEMENT3D(#4586,#24,#25);
#4588= IFCLOCALPLACEMENT(#4498,#4587);
#4589= IFCCARTESIANPOINTLIST2D(((0.,0.),(814.00818,0.),(814.00818,150.),(0.,150.)));
#4590= IFCINDEXEDPOLYCURVE(#4589,(IFCLINEINDEX((1,2,3,4,1))),$);
#4591= IFCARBITRARYCLOSEDPROFILEDEF(.AREA.,'PL10',#4590);
#4592= IFCEXTRUDEDAREASOLID(#4591,#434,#50,10.);
#4593= IFCSHAPEREPRESENTATION(#55,'Body','SolidModel',(#4592));
#4594= IFCCARTESIANPOINT((407.00409,75.,0.));
#4595= IFCSHAPEREPRESENTATION(#58,'CoG','Point',(#4594));
#4596= IFCPRODUCTDEFINITIONSHAPE($,$,(#4593,#4595));
#4597= IFCPLATE('1f2Q4M000CAZ4tDZ8oDJGu',$,'KICK_PLATE','PL10',$,#4588,#4596,'S235JR',.NOTDEFINED.);
#4598= IFCPROPERTYSINGLEVALUE('Perimeter',$,IFCLENGTHMEASURE(1928.01636),$);
#4599= IFCPROPERTYSINGLEVALUE('GrossArea',$,IFCAREAMEASURE(0.1221),$);
#4600= IFCPROPERTYSINGLEVALUE('NetArea',$,IFCAREAMEASURE(0.26348),$);
#4601= IFCPROPERTYSINGLEVALUE('GrossVolume',$,IFCVOLUMEMEASURE(0.00122),$);
#4602= IFCPROPERTYSINGLEVALUE('NetVolume',$,IFCVOLUMEMEASURE(0.00122),$);
#4603= IFCPROPERTYSINGLEVALUE('GrossWeight',$,IFCMASSMEASURE(9.58495),$);
#4604= IFCPROPERTYSINGLEVALUE('NetWeight',$,IFCMASSMEASURE(9.58495),$);
#4605= IFCPROPERTYSET('0K48QFKyfFjBHqqgKzKIRQ',$,'Qto_PlateBaseQuantities','Base quantities that are common to the definition of all occurrences of plates.',(#444,#4598,#4599,#4600,#4601,#4602,#4603,#4604));
#4606= IFCCARTESIANPOINT((1373.27202,0.,122.5));
#4607= IFCAXIS2PLACEMENT3D(#4606,#39,#25);
#4608= IFCLOCALPLACEMENT(#4498,#4607);
#4609= IFCEXTRUDEDAREASOLID(#2274,#204,#50,645.00819);
#4610= IFCSHAPEREPRESENTATION(#55,'Body','SolidModel',(#4609));
#4611= IFCCARTESIANPOINTLIST3D(((0.,0.,0.),(645.,0.,0.)));
#4612= IFCINDEXEDPOLYCURVE(#4611,(IFCLINEINDEX((1,2))),$);
#4613= IFCSHAPEREPRESENTATION(#212,'Axis','Curve3D',(#4612));
#4614= IFCCARTESIANPOINT((322.50409,0.,0.));
#4615= IFCSHAPEREPRESENTATION(#58,'CoG','Point',(#4614));
#4616= IFCPRODUCTDEFINITIONSHAPE($,$,(#4610,#4613,#4615));
#4617= IFCBEAM('1f2Q4M000C9p4tDZ8oDJGu',$,'RAILING','PD50*5',$,#4608,#4616,'S235JR',.NOTDEFINED.);
#4618= IFCPROPERTYSINGLEVALUE('Length',$,IFCLENGTHMEASURE(645.00819),$);
#4619= IFCPROPERTYSINGLEVALUE('OuterSurfaceArea',$,IFCAREAMEASURE(0.10143),$);
#4620= IFCPROPERTYSINGLEVALUE('GrossSurfaceArea',$,IFCAREAMEASURE(0.10143),$);
#4621= IFCPROPERTYSINGLEVALUE('NetSurfaceArea',$,IFCAREAMEASURE(0.10143),$);
#4622= IFCPROPERTYSINGLEVALUE('NetVolume',$,IFCVOLUMEMEASURE(0.00044),$);
#4623= IFCPROPERTYSINGLEVALUE('GrossWeight',$,IFCMASSMEASURE(3.48776),$);
#4624= IFCPROPERTYSINGLEVALUE('NetWeight',$,IFCMASSMEASURE(3.48776),$);
#4625= IFCPROPERTYSET('3S7QF80RT4OBH2MGMmUCuO',$,'Qto_BeamBaseQuantities','Base quantities that are common to the definition of all occurrences of beams.',(#4618,#2250,#4619,#4620,#4621,#1873,#4622,#4623,#4624));
#4626= IFCCARTESIANPOINT((1373.27202,435.,122.5));
#4627= IFCAXIS2PLACEMENT3D(#4626,#85,#25);
#4628= IFCLOCALPLACEMENT(#4498,#4627);
#4629= IFCSHAPEREPRESENTATION(#55,'Body','SolidModel',(#4609));
#4630= IFCSHAPEREPRESENTATION(#212,'Axis','Curve3D',(#4612));
#4631= IFCSHAPEREPRESENTATION(#58,'CoG','Point',(#4614));
#4632= IFCPRODUCTDEFINITIONSHAPE($,$,(#4629,#4630,#4631));
#4633= IFCBEAM('1f2Q4M000C934tDZ8oDJGu',$,'RAILING','PD50*5',$,#4628,#4632,'S235JR',.NOTDEFINED.);
#4634= IFCLOCALPLACEMENT(#4498,#2778);
#4635= IFCCARTESIANPOINTLIST2D(((0.,0.),(1358.27197,0.),(1358.27197,150.),(0.,150.)));
#4636= IFCINDEXEDPOLYCURVE(#4635,(IFCLINEINDEX((1,2,3,4,1))),$);
#4637= IFCARBITRARYCLOSEDPROFILEDEF(.AREA.,'PL10',#4636);
#4638= IFCEXTRUDEDAREASOLID(#4637,#434,#50,10.);
#4639= IFCSHAPEREPRESENTATION(#55,'Body','SolidModel',(#4638));
#4640= IFCCARTESIANPOINT((679.13599,75.,0.));
#4641= IFCSHAPEREPRESENTATION(#58,'CoG','Point',(#4640));
#4642= IFCPRODUCTDEFINITIONSHAPE($,$,(#4639,#4641));
#4643= IFCPLATE('1f2Q4M000C8J4tDZ8oDJGu',$,'KICK_PLATE','PL10',$,#4634,#4642,'S235JR',.NOTDEFINED.);
#4644= IFCPROPERTYSINGLEVALUE('Perimeter',$,IFCLENGTHMEASURE(3016.54395),$);
#4645= IFCPROPERTYSINGLEVALUE('GrossArea',$,IFCAREAMEASURE(0.20374),$);
#4646= IFCPROPERTYSINGLEVALUE('NetArea',$,IFCAREAMEASURE(0.43765),$);
#4647= IFCPROPERTYSINGLEVALUE('GrossVolume',$,IFCVOLUMEMEASURE(0.00204),$);
#4648= IFCPROPERTYSINGLEVALUE('NetVolume',$,IFCVOLUMEMEASURE(0.00204),$);
#4649= IFCPROPERTYSINGLEVALUE('GrossWeight',$,IFCMASSMEASURE(15.99365),$);
#4650= IFCPROPERTYSINGLEVALUE('NetWeight',$,IFCMASSMEASURE(15.99365),$);
#4651= IFCPROPERTYSET('2cwSre4xTA_RlvNsdPVbNc',$,'Qto_PlateBaseQuantities','Base quantities that are common to the definition of all occurrences of plates.',(#444,#4644,#4645,#4646,#4647,#4648,#4649,#4650));
#4652= IFCLOCALPLACEMENT(#4498,#2314);
#4653= IFCSHAPEREPRESENTATION(#55,'Body','Tessellation',(#2760));
#4654= IFCSHAPEREPRESENTATION(#212,'Axis','Curve3D',(#2763));
#4655= IFCSHAPEREPRESENTATION(#58,'CoG','Point',(#2765));
#4656= IFCPRODUCTDEFINITIONSHAPE($,$,(#4653,#4654,#4655));
#4657= IFCCOLUMN('1f2Q4M000C5J4tDZ8oDJGu',$,'RAIL_BEND','PD50*5',$,#4652,#4656,'S235JR',.NOTDEFINED.);
#4658= IFCLOCALPLACEMENT(#4498,#26);
#4659= IFCEXTRUDEDAREASOLID(#2274,#204,#50,1250.77202);
#4660= IFCSHAPEREPRESENTATION(#55,'Body','SolidModel',(#4659));
#4661= IFCCARTESIANPOINTLIST3D(((0.,0.,0.),(1250.8,0.,0.)));
#4662= IFCINDEXEDPOLYCURVE(#4661,(IFCLINEINDEX((1,2))),$);
#4663= IFCSHAPEREPRESENTATION(#212,'Axis','Curve3D',(#4662));
#4664= IFCCARTESIANPOINT((625.38601,0.,0.));
#4665= IFCSHAPEREPRESENTATION(#58,'CoG','Point',(#4664));
#4666= IFCPRODUCTDEFINITIONSHAPE($,$,(#4660,#4663,#4665));
#4667= IFCBEAM('1f2Q4M000C4Z4tDZ8oDJGu',$,'RAILING','PD50*5',$,#4658,#4666,'S235JR',.NOTDEFINED.);
#4668= IFCPROPERTYSINGLEVALUE('Length',$,IFCLENGTHMEASURE(1250.77202),$);
#4669= IFCPROPERTYSINGLEVALUE('OuterSurfaceArea',$,IFCAREAMEASURE(0.19598),$);
#4670= IFCPROPERTYSINGLEVALUE('GrossSurfaceArea',$,IFCAREAMEASURE(0.19598),$);
#4671= IFCPROPERTYSINGLEVALUE('NetSurfaceArea',$,IFCAREAMEASURE(0.19598),$);
#4672= IFCPROPERTYSINGLEVALUE('GrossWeight',$,IFCMASSMEASURE(6.76332),$);
#4673= IFCPROPERTYSINGLEVALUE('NetWeight',$,IFCMASSMEASURE(6.76332),$);
#4674= IFCPROPERTYSET('0bY$POP2fFOB5wEriH0NpZ',$,'Qto_BeamBaseQuantities','Base quantities that are common to the definition of all occurrences of beams.',(#4668,#2250,#4669,#4670,#4671,#2855,#2856,#4672,#4673));
#4675= IFCLOCALPLACEMENT(#4498,#2268);
#4676= IFCEXTRUDEDAREASOLID(#2274,#204,#50,1300.77202);
#4677= IFCSHAPEREPRESENTATION(#55,'Body','SolidModel',(#4676));
#4678= IFCCARTESIANPOINTLIST3D(((0.,0.,0.),(1300.8,0.,0.)));
#4679= IFCINDEXEDPOLYCURVE(#4678,(IFCLINEINDEX((1,2))),$);
#4680= IFCSHAPEREPRESENTATION(#212,'Axis','Curve3D',(#4679));
#4681= IFCCARTESIANPOINT((650.38601,0.,0.));
#4682= IFCSHAPEREPRESENTATION(#58,'CoG','Point',(#4681));
#4683= IFCPRODUCTDEFINITIONSHAPE($,$,(#4677,#4680,#4682));
#4684= IFCBEAM('1f2Q4M000C3p4tDZ8oDJGu',$,'RAILING','PD50*5',$,#4675,#4683,'S235JR',.NOTDEFINED.);
#4685= IFCPROPERTYSINGLEVALUE('Length',$,IFCLENGTHMEASURE(1300.77202),$);
#4686= IFCPROPERTYSINGLEVALUE('OuterSurfaceArea',$,IFCAREAMEASURE(0.20378),$);
#4687= IFCPROPERTYSINGLEVALUE('GrossSurfaceArea',$,IFCAREAMEASURE(0.20378),$);
#4688= IFCPROPERTYSINGLEVALUE('NetSurfaceArea',$,IFCAREAMEASURE(0.20378),$);
#4689= IFCPROPERTYSINGLEVALUE('GrossVolume',$,IFCVOLUMEMEASURE(0.0009),$);
#4690= IFCPROPERTYSINGLEVALUE('NetVolume',$,IFCVOLUMEMEASURE(0.0009),$);
#4691= IFCPROPERTYSINGLEVALUE('GrossWeight',$,IFCMASSMEASURE(7.03369),$);
#4692= IFCPROPERTYSINGLEVALUE('NetWeight',$,IFCMASSMEASURE(7.03369),$);
#4693= IFCPROPERTYSET('0_iWUlbVn9n9TQymPN2BnI',$,'Qto_BeamBaseQuantities','Base quantities that are common to the definition of all occurrences of beams.',(#4685,#2250,#4686,#4687,#4688,#4689,#4690,#4691,#4692));
#4694= IFCCARTESIANPOINT((1200.,1075.,0.));
#4695= IFCAXIS2PLACEMENT3D(#4694,#39,#85);
#4696= IFCLOCALPLACEMENT(#4498,#4695);
#4697= IFCSHAPEREPRESENTATION(#55,'Body','Tessellation',(#2240));
#4698= IFCSHAPEREPRESENTATION(#212,'Axis','Curve3D',(#2243));
#4699= IFCSHAPEREPRESENTATION(#58,'CoG','Point',(#2245));
#4700= IFCPRODUCTDEFINITIONSHAPE($,$,(#4697,#4698,#4699));
#4701= IFCCOLUMN('1f2Q4M000C2p4tDZ8oDJGu',$,'STANCHION','PD50*5',$,#4696,#4700,'S235JR',.NOTDEFINED.);
#4702= IFCLOCALPLACEMENT(#4498,#2211);
#4703= IFCSHAPEREPRESENTATION(#55,'Body','Tessellation',(#2240));
#4704= IFCSHAPEREPRESENTATION(#212,'Axis','Curve3D',(#2243));
#4705= IFCSHAPEREPRESENTATION(#58,'CoG','Point',(#2245));
#4706= IFCPRODUCTDEFINITIONSHAPE($,$,(#4703,#4704,#4705));
#4707= IFCCOLUMN('1f2Q4M000C0Z4tDZ8oDJGu',$,'STANCHION','PD50*5',$,#4702,#4706,'S235JR',.NOTDEFINED.);
#4708= IFCCARTESIANPOINT((600.,1075.,0.));
#4709= IFCAXIS2PLACEMENT3D(#4708,#39,#85);
#4710= IFCLOCALPLACEMENT(#4498,#4709);
#4711= IFCSHAPEREPRESENTATION(#55,'Body','Tessellation',(#2240));
#4712= IFCSHAPEREPRESENTATION(#212,'Axis','Curve3D',(#2243));
#4713= IFCSHAPEREPRESENTATION(#58,'CoG','Point',(#2245));
#4714= IFCPRODUCTDEFINITIONSHAPE($,$,(#4711,#4712,#4713));
#4715= IFCCOLUMN('1f6lbM0007L34tDZCpDpWm',$,'STANCHION','PD50*5',$,#4710,#4714,'S235JR',.NOTDEFINED.);
#4716= IFCCARTESIANPOINT((1250.77202,435.,890.00819));
#4717= IFCAXIS2PLACEMENT3D(#4716,#25,#24);
#4718= IFCLOCALPLACEMENT(#4498,#4717);
#4719= IFCCARTESIANPOINTLIST3D(((0.,0.,0.),(42.5,0.,0.),(99.06854,0.,-23.43146),(122.5,0.,-80.),(122.5,0.,-122.5)));
#4720= IFCINDEXEDPOLYCURVE(#4719,(IFCLINEINDEX((1,2)),IFCARCINDEX((2,3,4)),IFCLINEINDEX((4,5))),$);
#4721= IFCSWEPTDISKSOLID(#4720,25.,20.,$,$);
#4722= IFCSHAPEREPRESENTATION(#55,'Body','SolidModel',(#4721));
#4723= IFCCARTESIANPOINT((85.67352,0.,-36.82648));
#4724= IFCSHAPEREPRESENTATION(#58,'CoG','Point',(#4723));
#4725= IFCPRODUCTDEFINITIONSHAPE($,$,(#4722,#4724));
#4726= IFCBEAM('1f2Q4M0006KZ4tDZ8oDJGu',$,'RAILING','PD50*5',$,#4718,#4725,'S235JR',.NOTDEFINED.);
#4727= IFCCARTESIANPOINT((1250.77202,0.,890.00819));
#4728= IFCAXIS2PLACEMENT3D(#4727,#25,#24);
#4729= IFCLOCALPLACEMENT(#4498,#4728);
#4730= IFCSHAPEREPRESENTATION(#55,'Body','SolidModel',(#4721));
#4731= IFCSHAPEREPRESENTATION(#58,'CoG','Point',(#4723));
#4732= IFCPRODUCTDEFINITIONSHAPE($,$,(#4730,#4731));
#4733= IFCBEAM('1f2Q4M0006NJ4tDZ8oDJGu',$,'RAILING','PD50*5',$,#4729,#4732,'S235JR',.NOTDEFINED.);
#4734= IFCCARTESIANPOINT((300.77202,1045.,861.00819));
#4735= IFCAXIS2PLACEMENT3D(#4734,#50,#24);
#4736= IFCLOCALPLACEMENT(#4498,#4735);
#4737= IFCCARTESIANPOINTLIST2D(((0.,0.),(1047.5,0.),(1047.5,150.),(0.,150.)));
#4738= IFCINDEXEDPOLYCURVE(#4737,(IFCLINEINDEX((1,2,3,4,1))),$);
#4739= IFCARBITRARYCLOSEDPROFILEDEF(.AREA.,'PL10',#4738);
#4740= IFCEXTRUDEDAREASOLID(#4739,#434,#50,10.);
#4741= IFCSHAPEREPRESENTATION(#55,'Body','SolidModel',(#4740));
#4742= IFCCARTESIANPOINT((523.75,75.,0.));
#4743= IFCSHAPEREPRESENTATION(#58,'CoG','Point',(#4742));
#4744= IFCPRODUCTDEFINITIONSHAPE($,$,(#4741,#4743));
#4745= IFCPLATE('1f2Q4M0006O34tDZ8oDJGu',$,'KICK_PLATE','PL10',$,#4736,#4744,'S235JR',.NOTDEFINED.);
#4746= IFCPROPERTYSINGLEVALUE('Perimeter',$,IFCLENGTHMEASURE(2395.),$);
#4747= IFCPROPERTYSINGLEVALUE('GrossArea',$,IFCAREAMEASURE(0.15713),$);
#4748= IFCPROPERTYSINGLEVALUE('NetArea',$,IFCAREAMEASURE(0.3382),$);
#4749= IFCPROPERTYSINGLEVALUE('GrossVolume',$,IFCVOLUMEMEASURE(0.00157),$);
#4750= IFCPROPERTYSINGLEVALUE('NetVolume',$,IFCVOLUMEMEASURE(0.00157),$);
#4751= IFCPROPERTYSINGLEVALUE('GrossWeight',$,IFCMASSMEASURE(12.33431),$);
#4752= IFCPROPERTYSINGLEVALUE('NetWeight',$,IFCMASSMEASURE(12.33431),$);
#4753= IFCPROPERTYSET('2CYPx3Al59UQRdCY_hnCCh',$,'Qto_PlateBaseQuantities','Base quantities that are common to the definition of all occurrences of plates.',(#444,#4746,#4747,#4748,#4749,#4750,#4751,#4752));
#4754= IFCCARTESIANPOINT((420.77202,0.,890.00819));
#4755= IFCAXIS2PLACEMENT3D(#4754,#25,#24);
#4756= IFCLOCALPLACEMENT(#4498,#4755);
#4757= IFCCARTESIANPOINTLIST3D(((-135.,0.,20.),(-133.47759,7.65367,18.47759),(830.,7.65367,18.47759),(830.,0.,20.),(-129.14214,14.14214,14.14214),(830.,14.14214,14.14214),(-122.65367,18.47759,7.65367),(830.,18.47759,7.65367),(-115.,20.,0.),(830.,20.,0.),(-107.34633,18.47759,-7.65367),(830.,18.47759,-7.65367),(-100.85786,14.14214,-14.14214),(830.,14.14214,-14.14214),(-96.52241,7.65367,-18.47759),(830.,7.65367,-18.47759),(-95.,0.,-20.),(830.,0.,-20.),(-96.52241,-7.65367,-18.47759),(830.,-7.65367,-18.47759),(-100.85786,-14.14214,-14.14214),(830.,-14.14214,-14.14214),(-107.34633,-18.47759,-7.65367),(830.,-18.47759,-7.65367),(-115.,-20.,0.),(830.,-20.,0.),(-122.65367,-18.47759,7.65367),(830.,-18.47759,7.65367),(-129.14214,-14.14214,14.14214),(830.,-14.14214,14.14214),(-133.47759,-7.65367,18.47759),(830.,-7.65367,18.47759),(-140.,0.,25.),(-138.09699,-9.56709,23.09699),(830.,-9.56709,23.09699),(830.,0.,25.),(-132.67767,-17.67767,17.67767),(830.,-17.67767,17.67767),(-124.56709,-23.09699,9.56709),(830.,-23.09699,9.56709),(-115.,-25.,0.),(830.,-25.,0.),(-105.43291,-23.09699,-9.56709),(830.,-23.09699,-9.56709),(-97.32233,-17.67767,-17.67767),(830.,-17.67767,-17.67767),(-91.90301,-9.56709,-23.09699),(830.,-9.56709,-23.09699),(-90.,0.,-25.),(830.,0.,-25.),(-91.90301,9.56709,-23.09699),(830.,9.56709,-23.09699),(-97.32233,17.67767,-17.67767),(830.,17.67767,-17.67767),(-105.43291,23.09699,-9.56709),(830.,23.09699,-9.56709),(-115.,25.,0.),(830.,25.,0.),(-124.56709,23.09699,9.56709),(830.,23.09699,9.56709),(-132.67767,17.67767,17.67767),(830.,17.67767,17.67767),(-138.09699,9.56709,23.09699),(830.,9.56709,23.09699)));
#4758= IFCPOLYGONALFACESET(#4757,.T.,(#143,#968,#969,#970,#971,#972,#973,#2214,#2215,#2216,#2217,#2218,#2219,#1102,#2220,#2221,#2222,#2223,#2224,#2225,#2226,#2227,#2228,#2229,#2230,#2231,#2232,#2233,#2234,#2235,#2236,#2237,#2238,#2239),$);
#4759= IFCSHAPEREPRESENTATION(#55,'Body','Tessellation',(#4758));
#4760= IFCCARTESIANPOINTLIST3D(((0.,0.,0.),(830.,0.,0.)));
#4761= IFCINDEXEDPOLYCURVE(#4760,(IFCLINEINDEX((1,2))),$);
#4762= IFCSHAPEREPRESENTATION(#212,'Axis','Curve3D',(#4761));
#4763= IFCCARTESIANPOINT((357.36786,0.,0.26428));
#4764= IFCSHAPEREPRESENTATION(#58,'CoG','Point',(#4763));
#4765= IFCPRODUCTDEFINITIONSHAPE($,$,(#4759,#4762,#4764));
#4766= IFCBEAM('1f2Q4M0006Rp4tDZ8oDJGu',$,'RAILING','PD50*5',$,#4756,#4765,'S235JR',.NOTDEFINED.);
#4767= IFCPROPERTYSINGLEVALUE('Length',$,IFCLENGTHMEASURE(970.),$);
#4768= IFCPROPERTYSINGLEVALUE('OuterSurfaceArea',$,IFCAREAMEASURE(0.14841),$);
#4769= IFCPROPERTYSINGLEVALUE('GrossSurfaceArea',$,IFCAREAMEASURE(0.14841),$);
#4770= IFCPROPERTYSINGLEVALUE('NetSurfaceArea',$,IFCAREAMEASURE(0.14841),$);
#4771= IFCPROPERTYSINGLEVALUE('GrossWeight',$,IFCMASSMEASURE(5.10991),$);
#4772= IFCPROPERTYSINGLEVALUE('NetWeight',$,IFCMASSMEASURE(5.10991),$);
#4773= IFCPROPERTYSET('1qRxC2rAH7dfiO81r4tMYk',$,'Qto_BeamBaseQuantities','Base quantities that are common to the definition of all occurrences of beams.',(#4767,#2250,#4768,#4769,#4770,#2308,#2309,#4771,#4772));
#4774= IFCCARTESIANPOINT((300.77202,435.,890.00819));
#4775= IFCAXIS2PLACEMENT3D(#4774,#40,#24);
#4776= IFCLOCALPLACEMENT(#4498,#4775);
#4777= IFCCARTESIANPOINTLIST3D(((5.,0.,20.),(12.65367,7.65367,18.47759),(950.,7.65367,18.47759),(950.,0.,20.),(19.14214,14.14214,14.14214),(950.,14.14214,14.14214),(23.47759,18.47759,7.65367),(950.,18.47759,7.65367),(25.,20.,0.),(950.,20.,0.),(23.47759,18.47759,-7.65367),(950.,18.47759,-7.65367),(19.14214,14.14214,-14.14214),(950.,14.14214,-14.14214),(12.65367,7.65367,-18.47759),(950.,7.65367,-18.47759),(5.,0.,-20.),(950.,0.,-20.),(-2.65367,-7.65367,-18.47759),(950.,-7.65367,-18.47759),(-9.14214,-14.14214,-14.14214),(950.,-14.14214,-14.14214),(-13.47759,-18.47759,-7.65367),(950.,-18.47759,-7.65367),(-15.,-20.,0.),(950.,-20.,0.),(-13.47759,-18.47759,7.65367),(950.,-18.47759,7.65367),(-9.14214,-14.14214,14.14214),(950.,-14.14214,14.14214),(-2.65367,-7.65367,18.47759),(950.,-7.65367,18.47759),(5.,0.,25.),(-4.56709,-9.56709,23.09699),(950.,-9.56709,23.09699),(950.,0.,25.),(-12.67767,-17.67767,17.67767),(950.,-17.67767,17.67767),(-18.09699,-23.09699,9.56709),(950.,-23.09699,9.56709),(-20.,-25.,0.),(950.,-25.,0.),(-18.09699,-23.09699,-9.56709),(950.,-23.09699,-9.56709),(-12.67767,-17.67767,-17.67767),(950.,-17.67767,-17.67767),(-4.56709,-9.56709,-23.09699),(950.,-9.56709,-23.09699),(5.,0.,-25.),(950.,0.,-25.),(14.56709,9.56709,-23.09699),(950.,9.56709,-23.09699),(22.67767,17.67767,-17.67767),(950.,17.67767,-17.67767),(28.09699,23.09699,-9.56709),(950.,23.09699,-9.56709),(30.,25.,0.),(950.,25.,0.),(28.09699,23.09699,9.56709),(950.,23.09699,9.56709),(22.67767,17.67767,17.67767),(950.,17.67767,17.67767),(14.56709,9.56709,23.09699),(950.,9.56709,23.09699)));
#4778= IFCPOLYGONALFACESET(#4777,.T.,(#143,#968,#969,#970,#971,#972,#973,#2214,#2215,#2216,#2217,#2218,#2219,#1102,#2220,#2221,#2222,#2223,#2224,#2225,#2226,#2227,#2228,#2229,#2230,#2231,#2232,#2233,#2234,#2235,#2236,#2237,#2238,#2239),$);
#4779= IFCSHAPEREPRESENTATION(#55,'Body','Tessellation',(#4778));
#4780= IFCSHAPEREPRESENTATION(#212,'Axis','Curve3D',(#2298));
#4781= IFCCARTESIANPOINT((477.36786,-0.26428,0.));
#4782= IFCSHAPEREPRESENTATION(#58,'CoG','Point',(#4781));
#4783= IFCPRODUCTDEFINITIONSHAPE($,$,(#4779,#4780,#4782));
#4784= IFCBEAM('1f2Q4M0006SZ4tDZ8oDJGu',$,'RAILING','PD50*5',$,#4776,#4783,'S235JR',.NOTDEFINED.);
#4785= IFCCARTESIANPOINT((1250.77202,1075.,890.00819));
#4786= IFCAXIS2PLACEMENT3D(#4785,#24,#85);
#4787= IFCLOCALPLACEMENT(#4498,#4786);
#4788= IFCSHAPEREPRESENTATION(#55,'Body','Tessellation',(#2240));
#4789= IFCSHAPEREPRESENTATION(#212,'Axis','Curve3D',(#2243));
#4790= IFCSHAPEREPRESENTATION(#58,'CoG','Point',(#2245));
#4791= IFCPRODUCTDEFINITIONSHAPE($,$,(#4788,#4789,#4790));
#4792= IFCCOLUMN('1f2Q4M0006TZ4tDZ8oDJGu',$,'STANCHION','PD50*5',$,#4787,#4791,'S235JR',.NOTDEFINED.);
#4793= IFCCARTESIANPOINT((550.77202,1075.,890.00819));
#4794= IFCAXIS2PLACEMENT3D(#4793,#24,#85);
#4795= IFCLOCALPLACEMENT(#4498,#4794);
#4796= IFCSHAPEREPRESENTATION(#55,'Body','Tessellation',(#2240));
#4797= IFCSHAPEREPRESENTATION(#212,'Axis','Curve3D',(#2243));
#4798= IFCSHAPEREPRESENTATION(#58,'CoG','Point',(#2245));
#4799= IFCPRODUCTDEFINITIONSHAPE($,$,(#4796,#4797,#4798));
#4800= IFCCOLUMN('1f2Q4M0006Up4tDZ8oDJGu',$,'STANCHION','PD50*5',$,#4795,#4799,'S235JR',.NOTDEFINED.);
#4801= IFCRELAGGREGATES('2gpR3R70D5zv97Baee2JMF',$,$,$,#4499,(#4510,#4526,#4548,#4563,#4570,#4577,#4585,#4597,#4617,#4633,#4643,#4657,#4667,#4684,#4701,#4707,#4715,#4726,#4733,#4745,#4766,#4784,#4792,#4800));
#4802= IFCRELCONTAINEDINSPATIALSTRUCTURE('0UA0SJ4av4FuMq3xxy7Cei',$,$,$,(#43,#83,#88,#95,#105,#115,#125,#135,#943,#1002,#1051,#1088,#1167,#1196,#1226,#1259,#1327,#1358,#1385,#1409,#1437,#1450,#1461,#1472,#1484,#1518,#1551,#1607,#1633,#2162,#2187,#2198,#2209,#2917,#2945,#2956,#2982,#2995,#3006,#3247,#3258,#3269,#3280,#3291,#3520,#3599,#3860,#3883,#3908,#3931,#3952,#3975,#3988,#4013,#4024,#4158,#4340,#4369,#4394,#4415,#4436,#4476,#4499),#37);
#4803= IFCRELAGGREGATES('2qsWSS7AL7Sg2o9geI_KsD',$,$,$,#34,(#37));
#4804= IFCRELASSOCIATESMATERIAL('1R7YU7UebFIB54aZ6gbV4_',$,$,$,(#61,#93,#100,#110,#120,#130,#180,#217,#239,#254,#404,#443,#459,#466,#485,#502,#510,#518,#526,#534,#542,#550,#564,#577,#584,#592,#600,#608,#616,#628,#651,#666,#674,#686,#699,#706,#716,#730,#744,#763,#778,#787,#795,#802,#810,#818,#826,#834,#842,#850,#858,#866,#874,#882,#890,#898,#906,#914,#922,#930,#938,#956,#1015,#1058,#1065,#1120,#1180,#1209,#1233,#1243,#1271,#1340,#1368,#1395,#1419,#1443,#1456,#1467,#1478,#1502,#1534,#1574,#1617,#1647,#1654,#1661,#1673,#1712,#1720,#1727,#1734,#1789,#1796,#1803,#1811,#1818,#1825,#1832,#1839,#1846,#1929,#1941,#2172,#2193,#2204,#2248,#2266,#2283,#2303,#2768,#2791,#2811,#2830,#2851,#2867,#2878,#2897,#2911,#2930,#2951,#2966,#2988,#3001,#3018,#3033,#3040,#3047,#3054,#3061,#3068,#3075,#3114,#3133,#3146,#3154,#3161,#3169,#3177,#3185,#3192,#3200,#3207,#3215,#3227,#3242,#3253,#3264,#3275,#3286,#3300,#3307,#3314,#3319,#3324,#3329,#3334,#3339,#3374,#3379,#3384,#3389,#3394,#3399,#3404,#3474,#3515,#3526,#3532,#3538,#3544,#3550,#3555,#3561,#3567,#3572,#3578,#3584,#3589,#3594,#3606,#3613,#3620,#3627,#3634,#3641,#3648,#3655,#3678,#3685,#3692,#3699,#3706,#3711,#3718,#3725,#3866,#3889,#3914,#3939,#3960,#3998,#4019,#4031,#4038,#4069,#4076,#4083,#4090,#4097,#4104,#4111,#4118,#4125,#4132,#4139,#4146,#4153,#4163,#4168,#4173,#4178,#4183,#4188,#4201,#4212,#4220,#4227,#4240,#4254,#4269,#4351,#4376,#4381,#4399,#4404,#4426,#4431,#4448,#4510,#4526,#4548,#4563,#4570,#4577,#4585,#4597,#4617,#4633,#4643,#4657,#4667,#4684,#4701,#4707,#4715,#4726,#4733,#4745,#4766,#4784,#4792,#4800),#62);
#4805= IFCRELASSOCIATESMATERIAL('2INRlJph5FwwXe$ziFdnqE',$,$,$,(#272,#291,#303,#320,#328,#336,#418,#426,#985,#1034,#1074,#1694,#1748,#1772,#1868,#1903,#1961,#1981,#2011,#2035,#2057,#2090,#2107,#2138,#2153,#3089,#3352,#3369,#3410,#3418,#3429,#3444,#3453,#3486,#3500,#3663,#3671,#3735,#3751,#3768,#3783,#3815,#3839,#3851,#3981,#4051,#4325,#4387,#4410,#4421,#4485),#273);
#4806= IFCRELASSOCIATESMATERIAL('2JtJ9XZTj6EB16R5M__Ik7',$,$,$,(#4313),#4314);
#4807= IFCRELDEFINESBYPROPERTIES('22qsm3HCvDvO9Lehii_ES0',$,$,$,(#61,#93,#100,#110,#120,#130,#239,#254,#443,#459,#564,#651,#666,#686,#706,#730,#744,#763,#778,#787,#956,#1015,#1058,#1065,#1233,#1271,#1395,#1647,#1654,#1661,#1673,#1712,#1720,#1727,#1734,#1789,#1796,#1803,#1811,#1818,#1825,#1832,#1839,#1846,#1929,#1941,#2791,#2851,#3018,#3033,#3040,#3047,#3054,#3061,#3068,#3075,#3114,#3133,#3146,#3154,#3161,#3169,#3177,#3185,#3192,#3200,#3207,#3215,#3227,#3242,#3300,#3307,#3314,#3319,#3324,#3329,#3334,#3339,#3374,#3379,#3384,#3389,#3394,#3399,#3404,#3474,#3515,#3555,#3572,#3606,#3613,#3620,#3627,#3634,#3641,#3648,#3655,#3678,#3685,#3692,#3699,#3706,#3711,#3718,#3725,#4031,#4038,#4069,#4076,#4083,#4090,#4097,#4104,#4111,#4118,#4125,#4132,#4139,#4146,#4153,#4163,#4168,#4173,#4178,#4183,#4188,#4201,#4212,#4220,#4227,#4240,#4254,#4376,#4381,#4399,#4404,#4426,#4431,#4448,#4597,#4643,#4745),#69);
#4808= IFCRELDEFINESBYPROPERTIES('3dOMMiOKHBdOiW9_38D_JR',$,$,$,(#61,#93,#100,#110,#120,#130,#1233),#78);
#4809= IFCRELDEFINESBYPROPERTIES('2B4then4nFcRXnUt4w5$X5',$,$,$,(#180,#217,#272,#291,#303,#320,#328,#336,#404,#418,#426,#466,#485,#502,#510,#518,#526,#534,#542,#550,#577,#584,#592,#600,#608,#616,#674,#699,#795,#802,#810,#818,#826,#834,#842,#850,#858,#866,#874,#882,#890,#898,#906,#914,#922,#930,#938,#985,#1034,#1074,#1120,#1180,#1209,#1243,#1748,#1772,#1868,#1903,#1981,#2011,#2035,#2057,#2090,#2107,#2138,#2153,#2303,#2830,#2897,#2911,#2951,#2988,#3410,#3418,#3429,#3444,#3453,#3486,#3500,#3544,#3567,#3589,#3594,#3735,#3751,#3768,#3783,#3815,#3839,#3851,#3866,#3889,#3914,#3960,#3981,#3998,#4019,#4387,#4410,#4421,#4485,#4526,#4570,#4577,#4617,#4667,#4726,#4733,#4766),#183);
#4810= IFCRELDEFINESBYPROPERTIES('0T6z3vmBv2B9ndS6DZhBqv',$,$,$,(#180,#577,#584,#802),#193);
#4811= IFCRELDEFINESBYPROPERTIES('0iepk1Y5b9weYgpvPJiEkb',$,$,$,(#180,#217,#272,#291,#303,#320,#328,#336,#404,#418,#426,#466,#485,#502,#510,#518,#526,#534,#542,#550,#577,#584,#592,#600,#608,#616,#674,#699,#795,#802,#810,#818,#826,#834,#842,#850,#858,#866,#874,#882,#890,#898,#906,#914,#922,#930,#938),#195);
#4812= IFCRELDEFINESBYPROPERTIES('3BAMSbC3r09fqq8Z4Z$Led',$,$,$,(#217),#227);
#4813= IFCRELDEFINESBYPROPERTIES('1igQl7ann3NxumHqkI6FJs',$,$,$,(#239,#254),#247);
#4814= IFCRELDEFINESBYPROPERTIES('2dvVZ3jz9EjxJXNqeMwQr9',$,$,$,(#272,#291),#283);
#4815= IFCRELDEFINESBYPROPERTIES('3lDQ1zcZHAFAjTGg1OEIBp',$,$,$,(#303,#320,#328,#336,#418,#426),#312);
#4816= IFCRELDEFINESBYPROPERTIES('3epJPH3iL3hQoMtHmtrZwL',$,$,$,(#404,#466,#699,#795),#410);
#4817= IFCRELDEFINESBYPROPERTIES('0PLsy$uCH1bfTQB7LI9Tp2',$,$,$,(#443,#459),#452);
#4818= IFCRELDEFINESBYPROPERTIES('3IBKgiNoPFuPuoaVpys5im',$,$,$,(#485,#502,#510,#518,#526,#534,#542,#550,#592,#600,#608,#616,#674,#810,#818,#826,#834,#842,#850,#858,#866,#874,#882,#890,#898,#906,#914,#922,#930,#938),#494);
#4819= IFCRELDEFINESBYPROPERTIES('1WlPF2K7H4TAkzoZmD4hlt',$,$,$,(#564,#730),#570);
#4820= IFCRELDEFINESBYPROPERTIES('31HEqv3WnDmhvVQu9g52RG',$,$,$,(#628,#716,#1502,#2248,#2266,#2768,#2867,#2878,#2930,#3526,#3532,#3550,#3578,#3584,#4510,#4563,#4585,#4657,#4701,#4707,#4715,#4792,#4800),#630);
#4821= IFCRELDEFINESBYPROPERTIES('3avh5B4$PDDgX8lo2ffS8$',$,$,$,(#628),#639);
#4822= IFCRELDEFINESBYPROPERTIES('1rOMsv1z15tfHZrFt4AVP3',$,$,$,(#651,#666),#659);
#4823= IFCRELDEFINESBYPROPERTIES('3hme2x_T1DB9udBHkMjUI7',$,$,$,(#686,#706),#692);
#4824= IFCRELDEFINESBYPROPERTIES('1C59vpT5j38AMlQa$nJvH$',$,$,$,(#716),#723);
#4825= IFCRELDEFINESBYPROPERTIES('07fdMc7ZH328wPFTDHEgBu',$,$,$,(#744),#752);
#4826= IFCRELDEFINESBYPROPERTIES('0U3hXOrD1ABg9ZKowPcmRK',$,$,$,(#763,#787),#765);
#4827= IFCRELDEFINESBYPROPERTIES('3thsz0q3b7IO3R8mWoJeof',$,$,$,(#778),#780);
#4828= IFCRELDEFINESBYPROPERTIES('3eqSwr_ufEsQ$rKgmwQX$s',$,$,$,(#956,#1647,#1654,#1661,#1720,#1727,#1734,#1789,#1796,#1803,#1811,#1818,#1825,#1832,#1839,#1846,#1929,#3300,#3307,#3314,#3319,#3324,#3329,#3374,#3379,#3384,#3389,#3394,#3399,#3404,#3606,#3613,#3620,#3627,#3634,#3641,#3678,#3685,#3692,#3699,#3706,#3711,#3718),#964);
#4829= IFCRELDEFINESBYPROPERTIES('3bgmfH2J19WRfMaRzLRHou',$,$,$,(#985),#995);
#4830= IFCRELDEFINESBYPROPERTIES('1VsnUkFiT7rAR_lrn4Ktyr',$,$,$,(#985),#997);
#4831= IFCRELDEFINESBYPROPERTIES('2ubsyhqS94Zv1CxHVcBeIQ',$,$,$,(#1015,#1058,#1065,#4376,#4381,#4399,#4404,#4426,#4431),#1023);
#4832= IFCRELDEFINESBYPROPERTIES('2C$ZT0yD12F9m6PQFV7XYN',$,$,$,(#1034),#1044);
#4833= IFCRELDEFINESBYPROPERTIES('1J2dH3zjb30RGS7EwrROBa',$,$,$,(#1034),#1046);
#4834= IFCRELDEFINESBYPROPERTIES('2xI6DiDyb0ywYTi02aydFI',$,$,$,(#1074,#4387,#4410,#4421),#1081);
#4835= IFCRELDEFINESBYPROPERTIES('0QqQWQrc9B7v3$2Wwm3Oeh',$,$,$,(#1074,#4410,#4421),#1083);
#4836= IFCRELDEFINESBYPROPERTIES('3_9FzKFNr09he_ewm5CrM_',$,$,$,(#1120,#3866,#3889,#3914),#1130);
#4837= IFCRELDEFINESBYPROPERTIES('1gTJCXLhnD8fUoOy7gxr7H',$,$,$,(#1120,#3866,#3889,#3914),#1132);
#4838= IFCRELDEFINESBYPROPERTIES('0_n_SyqJ53sRV_KYJt$HIt',$,$,$,(#1180),#1189);
#4839= IFCRELDEFINESBYPROPERTIES('2i9VSgjun1xQWLhAVm7uAk',$,$,$,(#1180),#1191);
#4840= IFCRELDEFINESBYPROPERTIES('3cVbfHhIv90hGWqyL_V8fF',$,$,$,(#1209,#2951,#4019),#1219);
#4841= IFCRELDEFINESBYPROPERTIES('2RaoJoR7X8OfIcFE2SQNZC',$,$,$,(#1209,#2951,#4019),#1221);
#4842= IFCRELDEFINESBYPROPERTIES('20pox69jr3FB4GQvUmQ2PG',$,$,$,(#1243,#2988),#1252);
#4843= IFCRELDEFINESBYPROPERTIES('1MHHKMtfXDK8RIvRiib17p',$,$,$,(#1243),#1254);
#4844= IFCRELDEFINESBYPROPERTIES('0W4epUkfbA1xovvpxTLB8M',$,$,$,(#1271),#1280);
#4845= IFCRELDEFINESBYPROPERTIES('3y_OFMj_r5lfU32zkYj2kf',$,$,$,(#1340,#1368,#1534,#1617,#2172,#2193,#2204,#2283,#2811,#2966,#3001,#3253,#3264,#3275,#3286,#3538,#3561,#4269,#4548,#4633,#4684,#4784),#1342);
#4846= IFCRELDEFINESBYPROPERTIES('2gYiZT4qTFZe94p9GQyzdO',$,$,$,(#1340,#3286),#1351);
#4847= IFCRELDEFINESBYPROPERTIES('0u6tLN5XP3v8exe5kwSaLC',$,$,$,(#1340,#3286),#1353);
#4848= IFCRELDEFINESBYPROPERTIES('1Kpd$O$hf43x251jd_LcWu',$,$,$,(#1368),#1377);
#4849= IFCRELDEFINESBYPROPERTIES('0r5aMFfDbAaB4MLT_IFNC5',$,$,$,(#1368),#1379);
#4850= IFCRELDEFINESBYPROPERTIES('1jDsmhbTXBwRmpbdWgkYP_',$,$,$,(#1395),#1403);
#4851= IFCRELDEFINESBYPROPERTIES('0eizOKyNj14Qbh0xqZR2kt',$,$,$,(#1419),#1421);
#4852= IFCRELDEFINESBYPROPERTIES('2alv2P1Z11DuDri8WzpgqH',$,$,$,(#1419,#1443,#1456,#1467,#1478),#1429);
#4853= IFCRELDEFINESBYPROPERTIES('1vhQmJgqXBfRsethVmeznt',$,$,$,(#1419,#1443,#1456,#1467,#1478),#1431);
#4854= IFCRELDEFINESBYPROPERTIES('2$rM1TR656VBfsqsCRq8Ww',$,$,$,(#1443,#1456,#1467,#1478),#1445);
#4855= IFCRELDEFINESBYPROPERTIES('1EXrX18mX1v81PrCESfu2J',$,$,$,(#1502),#1512);
#4856= IFCRELDEFINESBYPROPERTIES('3YPndMQm5DcPHlJryeHmDw',$,$,$,(#1534),#1544);
#4857= IFCRELDEFINESBYPROPERTIES('33d3iD8vr3ix3rQw5OgnG3',$,$,$,(#1534),#1546);
#4858= IFCRELDEFINESBYPROPERTIES('0SpljH1LT8vAJbO5dV$X0a',$,$,$,(#1574,#3089,#3939,#4051,#4325),#1575);
#4859= IFCRELDEFINESBYPROPERTIES('0jr2cN2yf2YxTzCBQksEph',$,$,$,(#1574,#3939),#1584);
#4860= IFCRELDEFINESBYPROPERTIES('2507K3ZsvDlulLKCgdqBHS',$,$,$,(#1574,#3939),#1586);
#4861= IFCRELDEFINESBYPROPERTIES('1ldk8nWJP78RA$14DYUI5L',$,$,$,(#1617,#3001),#1626);
#4862= IFCRELDEFINESBYPROPERTIES('2jT0YJVDv3BPjxTXAIULyt',$,$,$,(#1617,#3001),#1628);
#4863= IFCRELDEFINESBYPROPERTIES('2uBERFOUP29gPedsXvq46x',$,$,$,(#1673,#1712,#3334,#3339,#3648,#3655),#1681);
#4864= IFCRELDEFINESBYPROPERTIES('2KNn3nUtL3RQW_jss7OaoG',$,$,$,(#1694,#1961,#3369,#3671),#1696);
#4865= IFCRELDEFINESBYPROPERTIES('2onNAIJbj4LvMf7c5vza97',$,$,$,(#1694),#1705);
#4866= IFCRELDEFINESBYPROPERTIES('0ONyhDm9P5MQcpj8YWaJwN',$,$,$,(#1748),#1757);
#4867= IFCRELDEFINESBYPROPERTIES('2$z63KWzn8BefM5uytRom3',$,$,$,(#1748,#1772,#1868,#1903,#1981,#2011,#2035,#2057,#2090,#2107,#2138,#2153),#1759);
#4868= IFCRELDEFINESBYPROPERTIES('3uJlM8iPDAUunCVgyGh9zr',$,$,$,(#1772,#2138,#2153,#3410,#3418,#3839,#3851),#1781);
#4869= IFCRELDEFINESBYPROPERTIES('3wb3XudHv7svHnXhEMYt3H',$,$,$,(#1868),#1876);
#4870= IFCRELDEFINESBYPROPERTIES('2nIavHG4L5ERV04NhdXrz1',$,$,$,(#1903),#1910);
#4871= IFCRELDEFINESBYPROPERTIES('0ATDtytwrEk87o$Hkff1FM',$,$,$,(#1941,#3515,#3725),#1949);
#4872= IFCRELDEFINESBYPROPERTIES('0uubR9mGb2MQAx5h0gW7KO',$,$,$,(#1961,#3369,#3671),#1970);
#4873= IFCRELDEFINESBYPROPERTIES('1GiGW3oanELxbBEipWOKoh',$,$,$,(#1981,#3981),#1990);
#4874= IFCRELDEFINESBYPROPERTIES('1ggaTMaCbDqOiJ8MtZ$FfU',$,$,$,(#2011,#2090,#3735,#3768),#2020);
#4875= IFCRELDEFINESBYPROPERTIES('0KlM_pCiPEjOVpc9jQ$93O',$,$,$,(#2035,#3444),#2044);
#4876= IFCRELDEFINESBYPROPERTIES('3UVDCfuSnCiAfDH4$pC9yd',$,$,$,(#2057,#3500),#2065);
#4877= IFCRELDEFINESBYPROPERTIES('03OYFpL$f1Aw5xlO0EZd7b',$,$,$,(#2107,#3486),#2115);
#4878= IFCRELDEFINESBYPROPERTIES('0CXjUy1KP0ePoYQQteLuUx',$,$,$,(#2172,#2193,#2204,#3253,#3264,#3275),#2180);
#4879= IFCRELDEFINESBYPROPERTIES('1HB5KhFhb6zRFZJ0CviHZM',$,$,$,(#2172,#2193,#2204,#3253,#3264,#3275),#2182);
#4880= IFCRELDEFINESBYPROPERTIES('3DtM7mvYb09xbssnhsR3KH',$,$,$,(#2248,#2266,#2867,#3526,#3532,#3578,#4563,#4585,#4701,#4707,#4715,#4792,#4800),#2258);
#4881= IFCRELDEFINESBYPROPERTIES('3aI1PgA1DAvuf1JSYlGPvR',$,$,$,(#2283,#3538),#2291);
#4882= IFCRELDEFINESBYPROPERTIES('3PJxgOKQj3t800dpsELp$W',$,$,$,(#2283,#2303,#2811,#2830,#2897,#2911,#3538,#3544,#3561,#3567,#3589,#3594),#2293);
#4883= IFCRELDEFINESBYPROPERTIES('1YYeNf3AL4aP$ghsRW2JvV',$,$,$,(#2303,#3544),#2312);
#4884= IFCRELDEFINESBYPROPERTIES('1iN9ucazL0TQ1pqXVqJGCN',$,$,$,(#2768,#3550,#4657),#2776);
#4885= IFCRELDEFINESBYPROPERTIES('24U2s_DRf13g8iSouyaCdE',$,$,$,(#2791,#3555),#2799);
#4886= IFCRELDEFINESBYPROPERTIES('28K9IOAMbC7BkXGhdGCx4g',$,$,$,(#2811,#3561),#2818);
#4887= IFCRELDEFINESBYPROPERTIES('03i7g1wFL6mBPSeYsnc0jg',$,$,$,(#2830,#3567),#2839);
#4888= IFCRELDEFINESBYPROPERTIES('0DXGo5HMXCiBJZ3mbrN21V',$,$,$,(#2851,#3572),#2859);
#4889= IFCRELDEFINESBYPROPERTIES('1xtnZI7vn6hRiuaO1OqXJz',$,$,$,(#2878,#3584),#2886);
#4890= IFCRELDEFINESBYPROPERTIES('19QaIM_RD5ehJJIK3dbqD$',$,$,$,(#2897,#2911,#3589,#3594,#4570,#4577,#4726,#4733),#2904);
#4891= IFCRELDEFINESBYPROPERTIES('0nUrJ7ABb6MevR1bshvX0t',$,$,$,(#2930),#2940);
#4892= IFCRELDEFINESBYPROPERTIES('2uqKfD2A1C_hIbnkDV_IqV',$,$,$,(#2966),#2975);
#4893= IFCRELDEFINESBYPROPERTIES('0uICFaWqjD$Rtw77DrOymn',$,$,$,(#2966),#2977);
#4894= IFCRELDEFINESBYPROPERTIES('1ztAi8$9TDeRb$8eHI6XK_',$,$,$,(#2988),#2990);
#4895= IFCRELDEFINESBYPROPERTIES('2yMKiAj7fAJxUPH1valP1T',$,$,$,(#3018,#3033,#3040,#3047,#3054,#3061,#3068,#3075,#4031,#4038),#3026);
#4896= IFCRELDEFINESBYPROPERTIES('2obXlG31PCOP4qo49R2eiI',$,$,$,(#3089),#3099);
#4897= IFCRELDEFINESBYPROPERTIES('3yCYO7Ysj7BAWn2OjxIOag',$,$,$,(#3089),#3101);
#4898= IFCRELDEFINESBYPROPERTIES('2oHRLpDBb1J8PA7_v$v84a',$,$,$,(#3114,#3169,#3177,#3215,#4069,#4076,#4111,#4146,#4163,#4183),#3120);
#4899= IFCRELDEFINESBYPROPERTIES('0hoYSghkX2cRSNfKNpYD5v',$,$,$,(#3133,#3146,#3154,#3161,#3185,#3192,#3200,#3207,#4083,#4090,#4097,#4104,#4118,#4125,#4132,#4139,#4168,#4173,#4178,#4188),#3139);
#4900= IFCRELDEFINESBYPROPERTIES('2vCJrBhsTAIB4WMfkAiNO$',$,$,$,(#3227,#3242,#4153),#3235);
#4901= IFCRELDEFINESBYPROPERTIES('0hU6aAwlv6EgfPE8zqA0Pk',$,$,$,(#3352,#3663),#3354);
#4902= IFCRELDEFINESBYPROPERTIES('2gM6OEkOL0vha4JEmei7WN',$,$,$,(#3352,#3663),#3363);
#4903= IFCRELDEFINESBYPROPERTIES('2aDB__$_n4eRfmBOT5hbtz',$,$,$,(#3410,#3418,#3429,#3444,#3453,#3486,#3500),#3412);
#4904= IFCRELDEFINESBYPROPERTIES('0oqTokPnLBGeINCw75O1xE',$,$,$,(#3429),#3438);
#4905= IFCRELDEFINESBYPROPERTIES('2Y$4D6Sqj1g9PJ2nhCqqwC',$,$,$,(#3453),#3462);
#4906= IFCRELDEFINESBYPROPERTIES('0n1c61Gtb8POSKlTgewqGH',$,$,$,(#3474),#3480);
#4907= IFCRELDEFINESBYPROPERTIES('2YHd3AAsHA7OVGwXu7teba',$,$,$,(#3735,#3751,#3768,#3783,#3815,#3839,#3851),#3737);
#4908= IFCRELDEFINESBYPROPERTIES('2oHEH6hv59hwl9B_njsqAG',$,$,$,(#3751),#3760);
#4909= IFCRELDEFINESBYPROPERTIES('2GNhvGZIDC_hV9f$mTkIFl',$,$,$,(#3783),#3792);
#4910= IFCRELDEFINESBYPROPERTIES('2oksK3Fdj6TR3CDQuG3RUL',$,$,$,(#3815),#3823);
#4911= IFCRELDEFINESBYPROPERTIES('2KKqLG$_DEr9UDQAqmPPTL',$,$,$,(#3960),#3968);
#4912= IFCRELDEFINESBYPROPERTIES('1ccgV5opX3aAWBGLyyzSQi',$,$,$,(#3960),#3970);
#4913= IFCRELDEFINESBYPROPERTIES('3j_GjuJiLDFf_H94TnPpBT',$,$,$,(#3981),#3983);
#4914= IFCRELDEFINESBYPROPERTIES('1Ht7eZHCjBve2jwNxKDa3Z',$,$,$,(#3998),#4006);
#4915= IFCRELDEFINESBYPROPERTIES('0SnHzTwyT5Tx3I7mBbUV81',$,$,$,(#3998),#4008);
#4916= IFCRELDEFINESBYPROPERTIES('1LCSZXhif6xwh1ZpWrNxNv',$,$,$,(#4051),#4060);
#4917= IFCRELDEFINESBYPROPERTIES('0PK$M6kKj9IxoiFnTiTdHL',$,$,$,(#4051),#4062);
#4918= IFCRELDEFINESBYPROPERTIES('0SGIaHWEX6ROBIL7w4HjHc',$,$,$,(#4201,#4212,#4220,#4227),#4205);
#4919= IFCRELDEFINESBYPROPERTIES('0pvXE8ZGjCFhjXM4iQE0Av',$,$,$,(#4240,#4254),#4246);
#4920= IFCRELDEFINESBYPROPERTIES('1ocCeCLUH24O$hp1qW0qyn',$,$,$,(#4269),#4279);
#4921= IFCRELDEFINESBYPROPERTIES('0e$69GkdfEXuME0HPqZaKE',$,$,$,(#4269,#4325),#4281);
#4922= IFCRELDEFINESBYPROPERTIES('3L7Y6CUJfAEvW91zZ3AKqx',$,$,$,(#4325),#4334);
#4923= IFCRELDEFINESBYPROPERTIES('2vn_g59hn35PtQ5qVrAFhd',$,$,$,(#4351),#4353);
#4924= IFCRELDEFINESBYPROPERTIES('3tWpzlbUn7fRgOZVF_RssA',$,$,$,(#4351),#4362);
#4925= IFCRELDEFINESBYPROPERTIES('2lpabWKhz1qP1hkCOZwMtp',$,$,$,(#4351),#4364);
#4926= IFCRELDEFINESBYPROPERTIES('2maDUTgcP2BuzrsMGlwd5B',$,$,$,(#4387),#4389);
#4927= IFCRELDEFINESBYPROPERTIES('1yyloiSdH4EQQXmuEaUSYF',$,$,$,(#4448),#4457);
#4928= IFCRELDEFINESBYPROPERTIES('3IrJOn_UL9UOf9ft1fxXtc',$,$,$,(#4485),#4492);
#4929= IFCRELDEFINESBYPROPERTIES('1grRyzhO50QfTxPUiTRmjZ',$,$,$,(#4485),#4494);
#4930= IFCRELDEFINESBYPROPERTIES('0WmNvjF_z0lf_4$fXyNXFd',$,$,$,(#4510),#4513);
#4931= IFCRELDEFINESBYPROPERTIES('3JXemps7z20g1ApwB30X5G',$,$,$,(#4526),#4533);
#4932= IFCRELDEFINESBYPROPERTIES('2vXI7z0A17ahIV5d5YHY0K',$,$,$,(#4526,#4548,#4570,#4577,#4617,#4633,#4667,#4684,#4726,#4733,#4766,#4784),#4535);
#4933= IFCRELDEFINESBYPROPERTIES('1Cwv0p2Qr2efFaxpgYN37C',$,$,$,(#4548),#4555);
#4934= IFCRELDEFINESBYPROPERTIES('0Gf63fDtr54ewjfRbwFT6Z',$,$,$,(#4597),#4605);
#4935= IFCRELDEFINESBYPROPERTIES('3h548sWe5B0gFopSVrSQ0o',$,$,$,(#4617,#4633),#4625);
#4936= IFCRELDEFINESBYPROPERTIES('3wHUOMOyv1twow5FSQdnos',$,$,$,(#4643),#4651);
#4937= IFCRELDEFINESBYPROPERTIES('0jThsySiHEYwkRUWBT_4fy',$,$,$,(#4667),#4674);
#4938= IFCRELDEFINESBYPROPERTIES('10YAVKcWv2YQvqjT4Z1F6U',$,$,$,(#4684),#4693);
#4939= IFCRELDEFINESBYPROPERTIES('2ywyHE3aH5rh$qD1HVf_19',$,$,$,(#4745),#4753);
#4940= IFCRELDEFINESBYPROPERTIES('1KKF41NFn5T9a1Kr4LOVR5',$,$,$,(#4766,#4784),#4773);
#4941= IFCRELVOIDSELEMENT('0N3iu04ZX8MP19dkLjJqfk',$,$,$,#1120,#1146);
#4942= IFCRELVOIDSELEMENT('09QROOkS55Z8Qo3zI048Qi',$,$,$,#1120,#1152);
#4943= IFCRELVOIDSELEMENT('2fOun4$YvB7AGs212ZpToV',$,$,$,#1120,#1162);
#4944= IFCRELVOIDSELEMENT('33WrI09DL6Xx0hD39s_Pdu',$,$,$,#1271,#1293);
#4945= IFCRELVOIDSELEMENT('1xG57KG5H5NRism7c9gjlS',$,$,$,#1271,#1302);
#4946= IFCRELVOIDSELEMENT('365pnrQAL9l9pCm7wSZN5S',$,$,$,#1271,#1322);
#4947= IFCRELVOIDSELEMENT('2im5kwmc91YAtDPMbCXe2l',$,$,$,#1574,#1596);
#4948= IFCRELVOIDSELEMENT('0H7WXTvcD0E9qrP$Uu_y0V',$,$,$,#1574,#1602);
#4949= IFCRELVOIDSELEMENT('0jpZGO4Dn6lQOg8wt_bwE8',$,$,$,#1868,#1886);
#4950= IFCRELVOIDSELEMENT('1J9rO$Br12UwFbWQ74P3WM',$,$,$,#1868,#1892);
#4951= IFCRELVOIDSELEMENT('3ak2nKdbjDe9r9QCEV0w3d',$,$,$,#1903,#1916);
#4952= IFCRELVOIDSELEMENT('1dR94tbpz4BOxG9MkRjKBS',$,$,$,#1903,#1922);
#4953= IFCRELVOIDSELEMENT('1OcfD4R2fEKxnDB0ynu0UB',$,$,$,#2011,#2027);
#4954= IFCRELVOIDSELEMENT('3X84H_I3jBz8GZ33$aj8zH',$,$,$,#2057,#2071);
#4955= IFCRELVOIDSELEMENT('0AkMPrqpXA2OfUKtvgTf$9',$,$,$,#2057,#2077);
#4956= IFCRELVOIDSELEMENT('1zuO5QWCbEjBtl338Enbyv',$,$,$,#2090,#2096);
#4957= IFCRELVOIDSELEMENT('0kuAzTDY5DFQppoSrBNJ6i',$,$,$,#2107,#2121);
#4958= IFCRELVOIDSELEMENT('1AOn49igfCwettEgbyVMGP',$,$,$,#2107,#2127);
#4959= IFCRELVOIDSELEMENT('2dEe5YBaz0l9Vf7n2dh2Nq',$,$,$,#2138,#2145);
#4960= IFCRELVOIDSELEMENT('3ReV05LYH1v8Z143kYHr_x',$,$,$,#2153,#2157);
#4961= IFCRELVOIDSELEMENT('13RFgVm6j3OPwpX3_r3mTS',$,$,$,#3486,#3490);
#4962= IFCRELVOIDSELEMENT('3j61qaRSvE9eegtISoEHvd',$,$,$,#3486,#3494);
#4963= IFCRELVOIDSELEMENT('1wSDMH1ZH98BBf9pKJDLZe',$,$,$,#3500,#3504);
#4964= IFCRELVOIDSELEMENT('1BrgGhEyvAVP7SWC4r8kCU',$,$,$,#3500,#3508);
#4965= IFCRELVOIDSELEMENT('0_e8ugzdP2$Ai41jZwXWeZ',$,$,$,#3735,#3741);
#4966= IFCRELVOIDSELEMENT('0oHIQV1Vn4ZwEFK6KqtMhB',$,$,$,#3768,#3772);
#4967= IFCRELVOIDSELEMENT('3Bno1TknT9gQAL7NxNv5eT',$,$,$,#3783,#3798);
#4968= IFCRELVOIDSELEMENT('0JuLmIqeX9hfw$y3HqqLtV',$,$,$,#3783,#3804);
#4969= IFCRELVOIDSELEMENT('151m5x_cfCHvWHRBl6YXDN',$,$,$,#3815,#3827);
#4970= IFCRELVOIDSELEMENT('2gTkO$2D56bBFjvTawdZ7i',$,$,$,#3815,#3831);
#4971= IFCRELVOIDSELEMENT('0HXUvL3TL52uSgcPVHBJbc',$,$,$,#3839,#3843);
#4972= IFCRELVOIDSELEMENT('15EpzcM3j4y9LgrRFcPWIz',$,$,$,#3851,#3855);
#4973= IFCRELVOIDSELEMENT('02hNvRppnF69tGoa9inZQb',$,$,$,#3866,#3870);
#4974= IFCRELVOIDSELEMENT('0hRKY7sBPEVASkxBPvW91G',$,$,$,#3866,#3874);
#4975= IFCRELVOIDSELEMENT('1x_G4gny1D0w_rnuJNbVju',$,$,$,#3866,#3878);
#4976= IFCRELVOIDSELEMENT('3FnDrBCxHAmQ3Ctns2NIM4',$,$,$,#3889,#3893);
#4977= IFCRELVOIDSELEMENT('3t2lPXbo58Bu6XhUJAx_GO',$,$,$,#3889,#3897);
#4978= IFCRELVOIDSELEMENT('11q_4cZIXBvhTTQCM3x_P7',$,$,$,#3889,#3903);
#4979= IFCRELVOIDSELEMENT('3sjTcsxFbDEBuNBk4IB4MG',$,$,$,#3914,#3918);
#4980= IFCRELVOIDSELEMENT('3$J4mbvBT7J9pQg8vJWgus',$,$,$,#3914,#3922);
#4981= IFCRELVOIDSELEMENT('2FWtaPdqvAwOdE4IPmsWy9',$,$,$,#3914,#3926);
#4982= IFCRELVOIDSELEMENT('1o5Rdoxq1D8wDPznwSStws',$,$,$,#3939,#3943);
#4983= IFCRELVOIDSELEMENT('2c9bvj7mrEXwoI8AtSqAye',$,$,$,#3939,#3947);
#4984= IFCRELVOIDSELEMENT('1lB9NfqIXEbOg5_Pr$YT_g',$,$,$,#4448,#4464);
#4985= IFCRELVOIDSELEMENT('0oVFVwVcXDleKuCVnMZ3Kj',$,$,$,#4448,#4471);
#4986= IFCSTYLEDITEM(#54,(#53),$);
#4987= IFCSTYLEDITEM(#175,(#141),$);
#4988= IFCSTYLEDITEM(#208,(#207),$);
#4989= IFCSTYLEDITEM(#234,(#53),$);
#4990= IFCSTYLEDITEM(#264,(#263),$);
#4991= IFCSTYLEDITEM(#295,(#263),$);
#4992= IFCSTYLEDITEM(#399,(#342),$);
#4993= IFCSTYLEDITEM(#438,(#437),$);
#4994= IFCSTYLEDITEM(#478,(#477),$);
#4995= IFCSTYLEDITEM(#559,(#437),$);
#4996= IFCSTYLEDITEM(#620,(#207),$);
#4997= IFCSTYLEDITEM(#646,(#437),$);
#4998= IFCSTYLEDITEM(#681,(#53),$);
#4999= IFCSTYLEDITEM(#708,(#207),$);
#5000= IFCSTYLEDITEM(#739,(#437),$);
#5001= IFCSTYLEDITEM(#759,(#437),$);
#5002= IFCSTYLEDITEM(#774,(#437),$);
#5003= IFCSTYLEDITEM(#791,(#437),$);
#5004= IFCSTYLEDITEM(#951,(#53),$);
#5005= IFCSTYLEDITEM(#977,(#966),$);
#5006= IFCSTYLEDITEM(#1010,(#53),$);
#5007= IFCSTYLEDITEM(#1026,(#966),$);
#5008= IFCSTYLEDITEM(#1068,(#966),$);
#5009= IFCSTYLEDITEM(#1112,(#1092),$);
#5010= IFCSTYLEDITEM(#1142,(#1141),$);
#5011= IFCSTYLEDITEM(#1159,(#1141),$);
#5012= IFCSTYLEDITEM(#1172,(#1092),$);
#5013= IFCSTYLEDITEM(#1201,(#1092),$);
#5014= IFCSTYLEDITEM(#1235,(#1092),$);
#5015= IFCSTYLEDITEM(#1266,(#1092),$);
#5016= IFCSTYLEDITEM(#1290,(#1289),$);
#5017= IFCSTYLEDITEM(#1299,(#207),$);
#5018= IFCSTYLEDITEM(#1319,(#207),$);
#5019= IFCSTYLEDITEM(#1332,(#1092),$);
#5020= IFCSTYLEDITEM(#1360,(#1092),$);
#5021= IFCSTYLEDITEM(#1390,(#1092),$);
#5022= IFCSTYLEDITEM(#1411,(#1092),$);
#5023= IFCSTYLEDITEM(#1494,(#1493),$);
#5024= IFCSTYLEDITEM(#1526,(#1525),$);
#5025= IFCSTYLEDITEM(#1566,(#1525),$);
#5026= IFCSTYLEDITEM(#1593,(#1141),$);
#5027= IFCSTYLEDITEM(#1609,(#1092),$);
#5028= IFCSTYLEDITEM(#1642,(#53),$);
#5029= IFCSTYLEDITEM(#1668,(#53),$);
#5030= IFCSTYLEDITEM(#1686,(#966),$);
#5031= IFCSTYLEDITEM(#1740,(#1738),$);
#5032= IFCSTYLEDITEM(#1764,(#1738),$);
#5033= IFCSTYLEDITEM(#1862,(#1738),$);
#5034= IFCSTYLEDITEM(#1883,(#1141),$);
#5035= IFCSTYLEDITEM(#1897,(#1738),$);
#5036= IFCSTYLEDITEM(#1936,(#53),$);
#5037= IFCSTYLEDITEM(#1955,(#966),$);
#5038= IFCSTYLEDITEM(#1975,(#966),$);
#5039= IFCSTYLEDITEM(#2003,(#966),$);
#5040= IFCSTYLEDITEM(#2024,(#1141),$);
#5041= IFCSTYLEDITEM(#2029,(#966),$);
#5042= IFCSTYLEDITEM(#2049,(#1738),$);
#5043= IFCSTYLEDITEM(#2082,(#966),$);
#5044= IFCSTYLEDITEM(#2101,(#1738),$);
#5045= IFCSTYLEDITEM(#2132,(#1738),$);
#5046= IFCSTYLEDITEM(#2142,(#1141),$);
#5047= IFCSTYLEDITEM(#2164,(#1092),$);
#5048= IFCSTYLEDITEM(#2240,(#1525),$);
#5049= IFCSTYLEDITEM(#2275,(#1525),$);
#5050= IFCSTYLEDITEM(#2295,(#1525),$);
#5051= IFCSTYLEDITEM(#2760,(#1525),$);
#5052= IFCSTYLEDITEM(#2786,(#2785),$);
#5053= IFCSTYLEDITEM(#2803,(#1525),$);
#5054= IFCSTYLEDITEM(#2822,(#1525),$);
#5055= IFCSTYLEDITEM(#2846,(#2785),$);
#5056= IFCSTYLEDITEM(#2872,(#1525),$);
#5057= IFCSTYLEDITEM(#2892,(#1525),$);
#5058= IFCSTYLEDITEM(#2922,(#1092),$);
#5059= IFCSTYLEDITEM(#2958,(#1525),$);
#5060= IFCSTYLEDITEM(#3013,(#53),$);
#5061= IFCSTYLEDITEM(#3081,(#966),$);
#5062= IFCSTYLEDITEM(#3109,(#53),$);
#5063= IFCSTYLEDITEM(#3128,(#53),$);
#5064= IFCSTYLEDITEM(#3222,(#53),$);
#5065= IFCSTYLEDITEM(#3344,(#966),$);
#5066= IFCSTYLEDITEM(#3421,(#966),$);
#5067= IFCSTYLEDITEM(#3447,(#966),$);
#5068= IFCSTYLEDITEM(#3469,(#53),$);
#5069= IFCSTYLEDITEM(#3743,(#966),$);
#5070= IFCSTYLEDITEM(#3777,(#1738),$);
#5071= IFCSTYLEDITEM(#3809,(#1738),$);
#5072= IFCSTYLEDITEM(#3954,(#1092),$);
#5073= IFCSTYLEDITEM(#3990,(#1092),$);
#5074= IFCSTYLEDITEM(#4043,(#966),$);
#5075= IFCSTYLEDITEM(#4196,(#53),$);
#5076= IFCSTYLEDITEM(#4235,(#53),$);
#5077= IFCSTYLEDITEM(#4261,(#53),$);
#5078= IFCSTYLEDITEM(#4290,(#4285),$);
#5079= IFCSTYLEDITEM(#4317,(#966),$);
#5080= IFCSTYLEDITEM(#4343,(#1092),$);
#5081= IFCSTYLEDITEM(#4443,(#1092),$);
#5082= IFCSTYLEDITEM(#4468,(#207),$);
#5083= IFCSTYLEDITEM(#4479,(#1738),$);
#5084= IFCSTYLEDITEM(#4504,(#1525),$);
#5085= IFCSTYLEDITEM(#4518,(#1525),$);
#5086= IFCSTYLEDITEM(#4540,(#1525),$);
#5087= IFCSTYLEDITEM(#4592,(#2785),$);
#5088= IFCSTYLEDITEM(#4609,(#1525),$);
#5089= IFCSTYLEDITEM(#4638,(#2785),$);
#5090= IFCSTYLEDITEM(#4659,(#1525),$);
#5091= IFCSTYLEDITEM(#4676,(#1525),$);
#5092= IFCSTYLEDITEM(#4721,(#1525),$);
#5093= IFCSTYLEDITEM(#4740,(#2785),$);
#5094= IFCSTYLEDITEM(#4758,(#1525),$);
#5095= IFCSTYLEDITEM(#4778,(#1525),$);
#5096= IFCPRESENTATIONLAYERASSIGNMENT('BEAM',$,(#209,#265,#287,#296,#316,#324,#332,#414,#422,#978,#1027,#1069,#1567,#1687,#1741,#1765,#1863,#1898,#1956,#1976,#2004,#2030,#2050,#2083,#2102,#2133,#2149,#3082,#3345,#3365,#3406,#3414,#3422,#3440,#3448,#3482,#3496,#3659,#3667,#3729,#3744,#3764,#3778,#3810,#3835,#3847,#3933,#3977,#4044,#4318,#4383,#4406,#4417,#4480),$);
#5097= IFCPRESENTATIONLAYERASSIGNMENT('Baca',$,(#1495),$);
#5098= IFCPRESENTATIONLAYERASSIGNMENT('KICK_PLATE',$,(#2787,#2847,#3552,#3569,#4593,#4639,#4741),$);
#5099= IFCPRESENTATIONLAYERASSIGNMENT('LADDER',$,(#176,#400,#439,#456,#463,#479,#498,#506,#514,#522,#530,#538,#546,#560,#574,#581,#588,#596,#604,#612,#621,#647,#663,#670,#696,#709,#727,#740,#760,#775,#784,#792,#799,#806,#814,#822,#830,#838,#846,#854,#862,#870,#878,#886,#894,#902,#910,#918,#926,#934),$);
#5100= IFCPRESENTATIONLAYERASSIGNMENT('Mevcut',$,(#1113,#1173,#1202,#1236,#1267,#1333,#1361,#1391,#1412,#1439,#1452,#1463,#1474,#1610,#2165,#2189,#2200,#2923,#2947,#2959,#2984,#2997,#3249,#3260,#3271,#3282,#3862,#3885,#3910,#3955,#3991,#4015,#4344,#4444),$);
#5101= IFCPRESENTATIONLAYERASSIGNMENT('PLATE',$,(#56,#90,#97,#107,#117,#127,#235,#251,#682,#703,#952,#1011,#1055,#1062,#1230,#1643,#1651,#1658,#1669,#1709,#1717,#1724,#1731,#1786,#1793,#1800,#1808,#1815,#1822,#1829,#1836,#1843,#1926,#1937,#3014,#3030,#3037,#3044,#3051,#3058,#3065,#3072,#3110,#3129,#3143,#3151,#3158,#3166,#3174,#3182,#3189,#3197,#3204,#3212,#3223,#3239,#3297,#3304,#3311,#3316,#3321,#3326,#3331,#3336,#3371,#3376,#3381,#3386,#3391,#3396,#3401,#3470,#3512,#3603,#3610,#3617,#3624,#3631,#3638,#3645,#3652,#3675,#3682,#3689,#3696,#3703,#3708,#3715,#3722,#4028,#4035,#4066,#4073,#4080,#4087,#4094,#4101,#4108,#4115,#4122,#4129,#4136,#4143,#4150,#4160,#4165,#4170,#4175,#4180,#4185,#4197,#4209,#4217,#4224,#4236,#4251,#4262,#4373,#4378,#4396,#4401,#4423,#4428),$);
#5102= IFCPRESENTATIONLAYERASSIGNMENT('RAILING',$,(#2276,#2296,#2804,#2823,#2893,#2908,#3534,#3540,#3557,#3563,#3586,#3591,#4519,#4541,#4567,#4574,#4610,#4629,#4660,#4677,#4722,#4730,#4759,#4779),$);
#5103= IFCPRESENTATIONLAYERASSIGNMENT('RAIL_BEND',$,(#2761,#2873,#3546,#3580,#4505,#4653),$);
#5104= IFCPRESENTATIONLAYERASSIGNMENT('STANCHION',$,(#2241,#2262,#2863,#3522,#3528,#3574,#4559,#4581,#4697,#4703,#4711,#4788,#4796),$);
#5105= IFCPRESENTATIONLAYERASSIGNMENT('gozlem',$,(#1527),$);
ENDSEC;

END-ISO-10303-21;
